mtllib scene.mtl
o defaultMaterial
usemtl 11___Default
v 0.3762290004266175 -0.0009782628580722607 -0.02062769643362125
v 0.3764169934762391 -0.0009782628662896996 -0.014775696577089631
v 0.1264300021899616 -0.000978251939010815 -0.005818616965370921
v 0.1260400089991962 -0.0009782519219636691 -0.011662996740597037
v -0.13510199155679564 -0.0009782405070838229 -0.002896406821491807
v -0.13631800081601958 -0.0009782404539303664 -0.008731186756449431
v -0.39663099017015296 -0.0009782290752877497 -0.011733796814041764
v -0.3986799892412742 -0.0009782289857231507 -0.017596796521502166
v -0.9505300101267411 -0.0009782048635916239 -0.05208499580021432
v -0.9567660268770768 -0.000978204591006662 -0.05724659785028031
v -0.6609069880472737 -0.0009782175234165174 -0.03308099731202659
v -0.6582729991900044 -0.0009782176385518331 -0.0271836969941431
v 0.12643000227525752 0.000973092022980553 -0.005818616965370921
v 0.3764169935615351 0.0009730810957016682 -0.014775696577089631
v 0.3762290005119135 0.000973081103919107 -0.02062769643362125
v 0.12604000908449214 0.0009730920400276988 -0.011662996740597037
v -0.1351019914714997 0.000973103454907545 -0.002896406821491807
v -0.13631800073072364 0.0009731035080610014 -0.008731186756449431
v -0.39663099008485697 0.0009731148867036182 -0.011733796814041764
v -0.3986799891559782 0.0009731149762682171 -0.017596796521502166
v -0.9505300100414451 0.000973139098399744 -0.05208499580021432
v -0.6582729991047084 0.0009731263234395348 -0.0271836969941431
v -0.6609069879619777 0.0009731264385748504 -0.03308099731202659
v -0.9567660267917808 0.0009731393709847058 -0.05724659785028031
vt 0.0005000309902243316 0.819133996963501
vt 0.0005000000237487257 0.8233339935541153
vt 0.17996299266815186 0.8240109980106354
vt 0.1801079958677292 0.8198110014200211
vt 0.36756598949432373 0.8200950026512146
vt 0.3683040142059326 0.815882995724678
vt 0.5548959970474243 0.8077459931373596
vt 0.5562300086021423 0.80349500477314
vt 0.9511510133743286 0.7660800069570541
vt 0.955502986907959 0.7622350007295609
vt 0.7439090013504028 0.7863640040159225
vt 0.7421550154685974 0.7906540036201477
vt 0.1794780045747757 0.7438310086727142
vt 0.0005000000237487257 0.7570250034332275
vt 0.0007930150022730231 0.7612140029668808
vt 0.17991599440574646 0.7480100095272064
vt 0.3668980002403259 0.7346509993076324
vt 0.36792701482772827 0.7388010025024414
vt 0.5546330213546753 0.7339020073413849
vt 0.5562599897384644 0.7380500137805939
vt 0.9528290033340454 0.7478249967098236
vt 0.7426289916038513 0.7378900051116943
vt 0.7446770071983337 0.7420470118522644
vt 0.9574390053749084 0.7513570040464401
vn -4.371139012432707e-8 -0.999999999999999 -2.2204459542594768e-16
vn -4.371139012432707e-8 -0.999999999999999 -2.2204459542594768e-16
vn -4.371139012432707e-8 -0.999999999999999 -2.2204459542594768e-16
vn -4.371139012432707e-8 -0.999999999999999 -2.2204459542594768e-16
vn -4.371139012432707e-8 -0.999999999999999 -2.2204459542594768e-16
vn -4.371139012432707e-8 -0.999999999999999 -2.2204459542594768e-16
vn -4.371139012432707e-8 -0.999999999999999 -2.2204459542594768e-16
vn -4.371139012432707e-8 -0.999999999999999 -2.2204459542594768e-16
vn -4.371139012432707e-8 -0.999999999999999 -2.2204459542594768e-16
vn -4.371139012432707e-8 -0.999999999999999 -2.2204459542594768e-16
vn -4.371139012432707e-8 -0.999999999999999 -2.2204459542594768e-16
vn -4.371139012432707e-8 -0.999999999999999 -2.2204459542594768e-16
vn 4.371139012432707e-8 0.999999999999999 2.2204459542594768e-16
vn 4.371139012432707e-8 0.999999999999999 2.2204459542594768e-16
vn 4.371139012432707e-8 0.999999999999999 2.2204459542594768e-16
vn 4.371139012432707e-8 0.999999999999999 2.2204459542594768e-16
vn 4.371139012432707e-8 0.999999999999999 2.2204459542594768e-16
vn 4.371139012432707e-8 0.999999999999999 2.2204459542594768e-16
vn 4.371139012432707e-8 0.999999999999999 2.2204459542594768e-16
vn 4.371139012432707e-8 0.999999999999999 2.2204459542594768e-16
vn 4.371139012432707e-8 0.999999999999999 2.2204459542594768e-16
vn 4.371139012432707e-8 0.999999999999999 2.2204459542594768e-16
vn 4.371139012432707e-8 0.999999999999999 2.2204459542594768e-16
vn 4.371139012432707e-8 0.999999999999999 2.2204459542594768e-16
f 4/4/4 1/1/1 2/2/2
f 2/2/2 3/3/3 4/4/4
f 6/6/6 4/4/4 3/3/3
f 3/3/3 5/5/5 6/6/6
f 5/5/5 7/7/7 8/8/8
f 8/8/8 6/6/6 5/5/5
f 12/12/12 9/9/9 10/10/10
f 10/10/10 11/11/11 12/12/12
f 7/7/7 12/12/12 11/11/11
f 11/11/11 8/8/8 7/7/7
f 16/16/16 13/13/13 14/14/14
f 14/14/14 15/15/15 16/16/16
f 18/18/18 17/17/17 13/13/13
f 13/13/13 16/16/16 18/18/18
f 20/20/20 19/19/19 17/17/17
f 17/17/17 18/18/18 20/20/20
f 24/24/24 21/21/21 22/22/22
f 22/22/22 23/23/23 24/24/24
f 23/23/23 22/22/22 19/19/19
f 19/19/19 20/20/20 23/23/23
o defaultMaterial_1
usemtl 10___Default
v -0.39812900391801426 -0.0012766370445307363 -0.02314069717522207
v -0.3981290038623225 -0.0000025570288118005324 -0.02314069717522207
v -0.13618399463075534 -0.0000025684787922760995 -0.014289596484559268
v -0.13618399468644715 -0.0012766484945112117 -0.014289596484559268
v -0.39623399344667026 -0.0012766371273642894 0.027983402466816274
v -0.39718200532182285 -0.0012766370859253677 0.0064285133094018395
v -0.13523599771245576 -0.0012766485359494838 0.015279703407031804
v -0.13428800073846436 -0.0012766485773877537 0.035050304240030555
v -0.9933669742701865 -0.0012766110258516242 -0.0658310003518634
v -0.9933269794978504 -0.0000025310118809133034 -0.06574509515758087
v -0.6600750263728508 -0.000002545578787031664 -0.038608497375207516
v -0.6600750264285425 -0.0012766255945059672 -0.038608497375207516
v -0.9152079996226646 -0.0012766144422890636 -0.013586196483629262
v -0.9552359756587363 -0.001276612692610585 -0.03426919727917244
v -0.65912701455339 -0.0012766256359448907 -0.009039226354616257
v -0.6581790026782374 -0.001276625677383812 0.010922503291112808
v 0.3877059939743647 -0.0012766713944708534 -0.026601996639328804
v 0.3877059940300565 -0.000002591378751917869 -0.026601996639328804
v 0.3886540059052091 -0.000002591420190841294 0.0029672431819562054
v 0.3886540058495173 -0.0012766714359097769 0.002967243181956205
v 0.3896019879223475 -0.001276671477347395 0.020902003726405296
v 0.12765700849310274 -0.0012766600273682266 0.031705202168268415
v 0.12670899661795015 -0.0012766599859293053 0.012353403127235624
v 0.3886540058495173 -0.0012766714359097769 0.002967243181956205
v 0.3896019879223475 -0.001276671477347395 0.020902003726405296
v 0.3896019879780393 -0.0000025914616284627593 0.03587540388707558
v 0.3877059939743647 -0.0012766713944708534 -0.026601996639328804
v 0.12576099964395876 -0.0012766599444910332 -0.01721589676435545
v 0.12576099969965057 -0.0000025799287720977013 -0.01721589676435545
v 0.3877059940300565 -0.000002591378751917869 -0.026601996639328804
v -0.9933669742701865 -0.0012766110258516242 -0.0658310003518634
v -0.9567660268901206 -0.0012766126257299137 -0.05724659785028031
v -0.9505300101397849 -0.0012766128983148755 -0.05208499580021432
v -0.6600750264285425 -0.0012766255945059672 -0.038608497375207516
v -0.6609069880603174 -0.0012766255581397692 -0.03308099731202659
v -0.39812900391801426 -0.0012766370445307363 -0.02314069717522207
v -0.39867998925431797 -0.0012766370204464023 -0.017596796521502166
v -0.13618399468644715 -0.0012766484945112117 -0.014289596484559268
v -0.13631800082906342 -0.0012766484886536182 -0.008731186756449431
v 0.12576099964395876 -0.0012766599444910332 -0.01721589676435545
v 0.12604000898615236 -0.0012766599566869207 -0.011662996740597037
v 0.3877059939743647 -0.0012766713944708534 -0.026601996639328804
v 0.3762290004135737 -0.0012766708927955126 -0.02062769643362125
v 0.3764169934631953 -0.0012766709010129512 -0.014775696577089631
v 0.12643000217691774 -0.0012766599737340666 -0.005818616965370921
v -0.13510199156983949 -0.0012766485418070745 -0.0028964068214918075
v -0.39663099018319675 -0.0012766371100110013 -0.011733796814041764
v -0.6582729992030482 -0.0012766256732750848 -0.0271836969941431
v -0.9505300101397849 -0.0012766128983148755 -0.05208499580021432
v -0.9567660268901206 -0.0012766126257299137 -0.05724659785028031
v -0.9567660268770768 -0.000978204591006662 -0.05724659785028031
v -0.9505300101267411 -0.0009782048635916239 -0.05208499580021432
v -0.9567660268901206 -0.0012766126257299137 -0.05724659785028031
v -0.6609069880603174 -0.0012766255581397692 -0.03308099731202659
v -0.6609069880472737 -0.0009782175234165174 -0.03308099731202659
v -0.9567660268770768 -0.000978204591006662 -0.05724659785028031
v -0.6609069880603174 -0.0012766255581397692 -0.03308099731202659
v -0.39867998925431797 -0.0012766370204464023 -0.017596796521502166
v -0.3986799892412742 -0.0009782289857231507 -0.017596796521502166
v -0.6609069880472737 -0.0009782175234165174 -0.03308099731202659
v -0.39867998925431797 -0.0012766370204464023 -0.017596796521502166
v -0.13631800082906342 -0.0012766484886536182 -0.008731186756449431
v -0.13631800081601958 -0.0009782404539303664 -0.008731186756449431
v -0.3986799892412742 -0.0009782289857231507 -0.017596796521502166
v -0.13631800082906342 -0.0012766484886536182 -0.008731186756449431
v 0.12604000898615236 -0.0012766599566869207 -0.011662996740597037
v 0.1260400089991962 -0.0009782519219636691 -0.011662996740597037
v -0.13631800081601958 -0.0009782404539303664 -0.008731186756449431
v 0.12604000898615236 -0.0012766599566869207 -0.011662996740597037
v 0.3762290004135737 -0.0012766708927955126 -0.02062769643362125
v 0.3762290004266175 -0.0009782628580722607 -0.02062769643362125
v 0.1260400089991962 -0.0009782519219636691 -0.011662996740597037
v 0.3762290004135737 -0.0012766708927955126 -0.02062769643362125
v 0.3764169934631953 -0.0012766709010129512 -0.014775696577089631
v 0.3764169934762391 -0.0009782628662896996 -0.014775696577089631
v 0.3762290004266175 -0.0009782628580722607 -0.02062769643362125
v 0.3764169934631953 -0.0012766709010129512 -0.014775696577089631
v 0.12643000217691774 -0.0012766599737340666 -0.005818616965370921
v 0.1264300021899616 -0.000978251939010815 -0.005818616965370921
v 0.3764169934762391 -0.0009782628662896996 -0.014775696577089631
v 0.12643000217691774 -0.0012766599737340666 -0.005818616965370921
v -0.13510199156983949 -0.0012766485418070745 -0.0028964068214918075
v -0.13510199155679564 -0.0009782405070838229 -0.002896406821491807
v 0.1264300021899616 -0.000978251939010815 -0.005818616965370921
v -0.13510199156983949 -0.0012766485418070745 -0.0028964068214918075
v -0.39663099018319675 -0.0012766371100110013 -0.011733796814041764
v -0.39663099017015296 -0.0009782290752877497 -0.011733796814041764
v -0.13510199155679564 -0.0009782405070838229 -0.002896406821491807
v -0.39663099018319675 -0.0012766371100110013 -0.011733796814041764
v -0.6582729992030482 -0.0012766256732750848 -0.0271836969941431
v -0.6582729991900044 -0.0009782176385518331 -0.0271836969941431
v -0.39663099017015296 -0.0009782290752877497 -0.011733796814041764
v -0.6582729992030482 -0.0012766256732750848 -0.0271836969941431
v -0.9505300101397849 -0.0012766128983148755 -0.05208499580021432
v -0.9505300101267411 -0.0009782048635916239 -0.05208499580021432
v -0.6582729991900044 -0.0009782176385518331 -0.0271836969941431
v -0.3981290038066307 0.001271522986907135 -0.02314069717522207
v -0.13618399457506353 0.0012715115369266595 -0.014289596484559268
v -0.13523599760107213 0.0012715114954883874 0.015279703407031804
v -0.3971820052104393 0.0012715229455125036 0.0064285133094018395
v -0.3962339933352867 0.0012715229040735818 0.027983402466816274
v -0.13428800062708074 0.0012715114540501175 0.035050304240030555
v -0.9933669741588029 0.001271549005586247 -0.0658310003518634
v -0.660075026317159 0.001271534436931904 -0.038608497375207516
v -0.6591270144420064 0.0012715343954929805 -0.009039226354616257
v -0.9552359755473527 0.0012715473388272861 -0.03426919727917244
v -0.9152079995112811 0.0012715455891488077 -0.013586196483629262
v -0.6581790025668538 0.0012715343540540592 0.010922503291112808
v 0.3877059940857483 0.0012714886369670178 -0.026601996639328804
v 0.3886540059609009 0.0012714885955280944 0.002967243181956206
v 0.12670899672933378 0.001271500045508566 0.012353403127235624
v 0.12765700860448637 0.0012715000040696446 0.031705202168268415
v 0.3896019880337311 0.0012714885540904763 0.020902003726405296
v 0.3886540059609009 0.0012714885955280944 0.002967243181956206
v 0.3896019880337311 0.0012714885540904763 0.020902003726405296
v 0.12576099975534238 0.001271500086946838 -0.01721589676435545
v 0.3877059940857483 0.0012714886369670178 -0.026601996639328804
v -0.9505300100284013 0.0012715471331229957 -0.05208499580021432
v -0.956766026778737 0.0012715474057079575 -0.05724659785028031
v -0.9933669741588029 0.001271549005586247 -0.0658310003518634
v -0.6609069879489339 0.001271534473298102 -0.03308099731202659
v -0.660075026317159 0.001271534436931904 -0.038608497375207516
v -0.3986799891429344 0.001271523010991469 -0.017596796521502166
v -0.3981290038066307 0.001271522986907135 -0.02314069717522207
v -0.1363180007176798 0.001271511542784253 -0.008731186756449431
v -0.13618399457506353 0.0012715115369266595 -0.014289596484559268
v 0.126040009097536 0.0012715000747509505 -0.011662996740597037
v 0.12576099975534238 0.001271500086946838 -0.01721589676435545
v 0.3762290005249573 0.0012714891386423587 -0.02062769643362125
v 0.3877059940857483 0.0012714886369670178 -0.026601996639328804
v 0.37641699357457886 0.00127148913042492 -0.014775696577089631
v 0.12643000228830137 0.0012715000577038047 -0.005818616965370921
v -0.13510199145845586 0.0012715114896307968 -0.0028964068214918067
v -0.3966309900718132 0.0012715229214268699 -0.011733796814041764
v -0.6582729990916646 0.0012715343581627865 -0.0271836969941431
v -0.9505300100284013 0.0012715471331229957 -0.05208499580021432
v -0.9505300100414451 0.000973139098399744 -0.05208499580021432
v -0.9567660267917808 0.0009731393709847058 -0.05724659785028031
v -0.956766026778737 0.0012715474057079575 -0.05724659785028031
v -0.956766026778737 0.0012715474057079575 -0.05724659785028031
v -0.9567660267917808 0.0009731393709847058 -0.05724659785028031
v -0.6609069879619777 0.0009731264385748504 -0.03308099731202659
v -0.6609069879489339 0.001271534473298102 -0.03308099731202659
v -0.6609069879489339 0.001271534473298102 -0.03308099731202659
v -0.6609069879619777 0.0009731264385748504 -0.03308099731202659
v -0.3986799891559782 0.0009731149762682171 -0.017596796521502166
v -0.3986799891429344 0.001271523010991469 -0.017596796521502166
v -0.3986799891429344 0.001271523010991469 -0.017596796521502166
v -0.3986799891559782 0.0009731149762682171 -0.017596796521502166
v -0.13631800073072364 0.0009731035080610014 -0.008731186756449431
v -0.1363180007176798 0.001271511542784253 -0.008731186756449431
v -0.1363180007176798 0.001271511542784253 -0.008731186756449431
v -0.13631800073072364 0.0009731035080610014 -0.008731186756449431
v 0.12604000908449214 0.0009730920400276988 -0.011662996740597037
v 0.126040009097536 0.0012715000747509505 -0.011662996740597037
v 0.126040009097536 0.0012715000747509505 -0.011662996740597037
v 0.12604000908449214 0.0009730920400276988 -0.011662996740597037
v 0.3762290005119135 0.000973081103919107 -0.02062769643362125
v 0.3762290005249573 0.0012714891386423587 -0.02062769643362125
v 0.3762290005249573 0.0012714891386423587 -0.02062769643362125
v 0.3762290005119135 0.000973081103919107 -0.02062769643362125
v 0.3764169935615351 0.0009730810957016682 -0.014775696577089631
v 0.37641699357457886 0.00127148913042492 -0.014775696577089631
v 0.37641699357457886 0.00127148913042492 -0.014775696577089631
v 0.3764169935615351 0.0009730810957016682 -0.014775696577089631
v 0.12643000227525752 0.000973092022980553 -0.005818616965370921
v 0.12643000228830137 0.0012715000577038047 -0.005818616965370921
v 0.12643000228830137 0.0012715000577038047 -0.005818616965370921
v 0.12643000227525752 0.000973092022980553 -0.005818616965370921
v -0.1351019914714997 0.000973103454907545 -0.002896406821491807
v -0.13510199145845586 0.0012715114896307968 -0.0028964068214918067
v -0.13510199145845586 0.0012715114896307968 -0.0028964068214918067
v -0.1351019914714997 0.000973103454907545 -0.002896406821491807
v -0.39663099008485697 0.0009731148867036182 -0.011733796814041764
v -0.3966309900718132 0.0012715229214268699 -0.011733796814041764
v -0.3966309900718132 0.0012715229214268699 -0.011733796814041764
v -0.39663099008485697 0.0009731148867036182 -0.011733796814041764
v -0.6582729991047084 0.0009731263234395348 -0.0271836969941431
v -0.6582729990916646 0.0012715343581627865 -0.0271836969941431
v -0.6582729990916646 0.0012715343581627865 -0.0271836969941431
v -0.6582729991047084 0.0009731263234395348 -0.0271836969941431
v -0.9505300100414451 0.000973139098399744 -0.05208499580021432
v -0.9505300100284013 0.0012715471331229957 -0.05208499580021432
vt 0.5640749931335449 0.7328810095787048
vt 0.5640749931335449 0.7319670021533966
vt 0.37644699215888977 0.7319670021533966
vt 0.37644699215888977 0.7328810095787048
vt 0.5641589760780334 0.97567979991436
vt 0.5643429756164551 0.9602017998695374
vt 0.37671399116516113 0.9725698996335268
vt 0.3764890134334564 0.9867682000622153
vt 0.9899190068244934 0.7328810095787048
vt 0.989890992641449 0.7319670021533966
vt 0.7515519857406616 0.7319670021533966
vt 0.7515519857406616 0.7328810095787048
vt 0.935342013835907 0.9339426010847092
vt 0.9635689854621887 0.9181917980313301
vt 0.7518190145492554 0.9430896006524563
vt 0.7515980005264282 0.9574251994490623
vt 0.04534409940242767 0.7357290089130402
vt 0.04534409940242767 0.7348160147666931
vt 0.02411930076777935 0.7348160147666931
vt 0.02411930076777935 0.7357290089130402
vt 0.0005000000237487257 0.9886654997244477
vt 0.1885800063610077 0.9903908800333738
vt 0.18881499767303467 0.9764923006296158
vt 0.0007674249936826527 0.9757831003516912
vt 0.011236900463700294 0.7357290089130402
vt 0.0005000000237487257 0.7348160147666931
vt 0.0005000000237487257 0.7328810095787048
vt 0.1885479986667633 0.7328810095787048
vt 0.1885479986667633 0.7319670021533966
vt 0.0005000000237487257 0.7319670021533966
vt 0.9901859760284424 0.8946830034255981
vt 0.9641379714012146 0.9016802981495857
vt 0.959784984588623 0.9055245965719223
vt 0.7518190145492554 0.9218648001551628
vt 0.7525429725646973 0.9258090034127235
vt 0.5643429756164551 0.9389768987894058
vt 0.564864993095398 0.9429396018385887
vt 0.37671399116516113 0.9513451009988785
vt 0.37693798542022705 0.9553273990750313
vt 0.18881499767303467 0.9552675001323223
vt 0.188742995262146 0.959256000816822
vt 0.0007674249936826527 0.9545583017170429
vt 0.009134690277278423 0.9585786014795303
vt 0.009134659543633461 0.9627787992358208
vt 0.18859699368476868 0.9634555988013744
vt 0.37619999051094055 0.9595393985509872
vt 0.5635309815406799 0.9471908994019032
vt 0.750789999961853 0.9300984963774681
vt 0.9327970147132874 0.7520350068807602
vt 0.938605010509491 0.7520350068807602
vt 0.938605010509491 0.7518209964036942
vt 0.9327970147132874 0.7518209964036942
vt 0.955502986907959 0.7273490130901337
vt 0.7439090013504028 0.7273490130901337
vt 0.7439090013504028 0.7275629937648773
vt 0.955502986907959 0.7275629937648773
vt 0.7439090013504028 0.7273490130901337
vt 0.5562300086021423 0.7273490130901337
vt 0.5562300086021423 0.7275629937648773
vt 0.7439090013504028 0.7275629937648773
vt 0.5562300086021423 0.7273490130901337
vt 0.3683040142059326 0.7273490130901337
vt 0.3683040142059326 0.7275629937648773
vt 0.5562300086021423 0.7275629937648773
vt 0.3683040142059326 0.7273490130901337
vt 0.1801079958677292 0.7273490130901337
vt 0.1801079958677292 0.7275629937648773
vt 0.3683040142059326 0.7275629937648773
vt 0.1801079958677292 0.7273490130901337
vt 0.0005000000237487257 0.7273490130901337
vt 0.0005000000237487257 0.7275629937648773
vt 0.1801079958677292 0.7275629937648773
vt 0.3780060112476349 0.7391400039196014
vt 0.3738059997558594 0.7391400039196014
vt 0.3738059997558594 0.7393540143966675
vt 0.3780060112476349 0.7393540143966675
vt 0.1823669970035553 0.7520350068807602
vt 0.3164289891719818 0.7520350068807602
vt 0.3164289891719818 0.7518209964036942
vt 0.1823669970035553 0.7518209964036942
vt 0.3164289891719818 0.7520350068807602
vt 0.4596329927444458 0.7520350068807602
vt 0.4596329927444458 0.7518209964036942
vt 0.3164289891719818 0.7518209964036942
vt 0.4596329927444458 0.7520350068807602
vt 0.6082149744033813 0.7520350068807602
vt 0.6082149744033813 0.7518209964036942
vt 0.4596329927444458 0.7518209964036942
vt 0.6082149744033813 0.7520350068807602
vt 0.7598839998245239 0.7520350068807602
vt 0.7598839998245239 0.7518209964036942
vt 0.6082149744033813 0.7518209964036942
vt 0.7598839998245239 0.7520350068807602
vt 0.9327970147132874 0.7520350068807602
vt 0.9327970147132874 0.7518209964036942
vt 0.7598839998245239 0.7518209964036942
vt 0.5640749931335449 0.7310529947280884
vt 0.37644699215888977 0.7310529947280884
vt 0.37732601165771484 0.8489899933338165
vt 0.5653600096702576 0.848240002989769
vt 0.564096987247467 0.8328119963407516
vt 0.3761110007762909 0.8348419964313507
vt 0.9899190068244934 0.7310529947280884
vt 0.7515519857406616 0.7310529947280884
vt 0.753574013710022 0.8522329926490784
vt 0.9665449857711792 0.862298995256424
vt 0.9372879862785339 0.8485549986362457
vt 0.7523540258407593 0.8379469960927963
vt 0.04534409940242767 0.7339020073413849
vt 0.02411930076777935 0.7339020073413849
vt 0.18961100280284882 0.8581839948892593
vt 0.18840700387954712 0.8443360030651093
vt 0.0009056390263140202 0.8591769933700562
vt 0.0020710399840027094 0.8720089942216873
vt 0.011236900463700294 0.7339020073413849
vt 0.1885479986667633 0.7310529947280884
vt 0.0005000000237487257 0.7310529947280884
vt 0.9636539816856384 0.8751989975571632
vt 0.9682639837265015 0.8787299990653992
vt 0.9947370290756226 0.8838929980993271
vt 0.7555019855499268 0.8694210052490234
vt 0.7550539970397949 0.8734059929847717
vt 0.5670850276947021 0.8654229938983917
vt 0.5668410062789917 0.8694130033254623
vt 0.3787519931793213 0.8661749958992004
vt 0.378807008266449 0.8701629936695099
vt 0.19074100255966187 0.8753840029239655
vt 0.19109199941158295 0.8793570026755333
vt 0.011618000455200672 0.8885879963636398
vt 0.003551590023562312 0.8931820020079613
vt 0.01132499985396862 0.8843979984521866
vt 0.1903029978275299 0.8712050020694733
vt 0.37772300839424133 0.8620249927043915
vt 0.5654579997062683 0.8612760007381439
vt 0.7534540295600891 0.8652639985084534
vt 0.9511510133743286 0.7298179864883423
vt 0.9511510133743286 0.7300319969654083
vt 0.955502986907959 0.7300319969654083
vt 0.955502986907959 0.7298179864883423
vt 0.955502986907959 0.7287969887256622
vt 0.955502986907959 0.7285839915275574
vt 0.7439090013504028 0.7285839915275574
vt 0.7439090013504028 0.7287969887256622
vt 0.7439090013504028 0.7287969887256622
vt 0.7439090013504028 0.7285839915275574
vt 0.5562300086021423 0.7285839915275574
vt 0.5562300086021423 0.7287969887256622
vt 0.5562300086021423 0.7287969887256622
vt 0.5562300086021423 0.7285839915275574
vt 0.3683040142059326 0.7285839915275574
vt 0.3683040142059326 0.7287969887256622
vt 0.3683040142059326 0.7287969887256622
vt 0.3683040142059326 0.7285839915275574
vt 0.1801079958677292 0.7285839915275574
vt 0.1801079958677292 0.7287969887256622
vt 0.1801079958677292 0.7287969887256622
vt 0.1801079958677292 0.7285839915275574
vt 0.0005000000237487257 0.7285839915275574
vt 0.0005000000237487257 0.7287969887256622
vt 0.3780060112476349 0.7448669970035553
vt 0.3780060112476349 0.7446529865264893
vt 0.3738059997558594 0.7446529865264893
vt 0.3738059997558594 0.7448669970035553
vt 0.0005000000237487257 0.7298179864883423
vt 0.0005000000237487257 0.7300319969654083
vt 0.17996299266815186 0.7300319969654083
vt 0.17996299266815186 0.7298179864883423
vt 0.17996299266815186 0.7298179864883423
vt 0.17996299266815186 0.7300319969654083
vt 0.36756598949432373 0.7300319969654083
vt 0.36756598949432373 0.7298179864883423
vt 0.36756598949432373 0.7298179864883423
vt 0.36756598949432373 0.7300319969654083
vt 0.5548959970474243 0.7300319969654083
vt 0.5548959970474243 0.7298179864883423
vt 0.5548959970474243 0.7298179864883423
vt 0.5548959970474243 0.7300319969654083
vt 0.7421550154685974 0.7300319969654083
vt 0.7421550154685974 0.7298179864883423
vt 0.7421550154685974 0.7298179864883423
vt 0.7421550154685974 0.7300319969654083
vt 0.9511510133743286 0.7300319969654083
vt 0.9511510133743286 0.7298179864883423
vn 0.04636238675288378 -2.026564152644414e-9 -0.9989246863976164
vn 0.04636238675288378 -2.026564152644414e-9 -0.9989246863976164
vn 0.011302801561795988 -4.940609465351054e-10 -0.9999361212981831
vn 0.011302801561795988 -4.940609465351054e-10 -0.9999361212981831
vn -4.376356616334065e-8 -0.999999999999999 -1.07199027432613e-9
vn -4.375789446411926e-8 -0.999999999999999 -9.554612656614737e-10
vn -4.3608373065384676e-8 -0.999999999999999 -1.0583802723118552e-9
vn -4.359316106705702e-8 -0.999999999999999 -9.853532434433888e-10
vn 0.08113136842354864 0.048047574767108435 -0.9955446406950929
vn 0.08122429027603505 -4.7377662738603746e-9 -0.9966958486264275
vn 0.07011618976028838 -3.064875903145213e-9 -0.9975388312910427
vn 0.07010691364127308 0.01624419904669622 -0.9974072120538464
vn -4.371139012432707e-8 -0.999999999999999 -2.2204459542594768e-16
vn -4.371139012432707e-8 -0.999999999999999 -2.2204459542594768e-16
vn -4.371139012432707e-8 -0.999999999999999 -2.2204459542594768e-16
vn -4.371139012432707e-8 -0.999999999999999 -2.2204459542594768e-16
vn 0.9994866166711213 -4.368894941824108e-8 -0.03203908699250702
vn 0.9994866166711213 -4.368894941824108e-8 -0.03203908699250702
vn 0.9994005901616781 -4.368518907935293e-8 -0.0346187865831163
vn 0.9935995389936938 0.1075889034154199 -0.03441778571300738
vn -4.378471286231589e-8 -0.999999999999999 2.2547097522363038e-9
vn -4.3590708057039684e-8 -0.999999999999999 1.1355997253659306e-9
vn -4.358477107002656e-8 -0.999999999999999 1.1013497891454544e-9
vn -4.378471286231589e-8 -0.999999999999999 2.2547097522363038e-9
vn 0.9761711400262237 0.2139279739022317 -0.03639680428264019
vn 0.9993056280908783 -4.368103815464287e-8 -0.03725938359518995
vn -0.035808187951659326 1.565225895102406e-9 -0.9993586811929032
vn -0.02349200132658509 1.0268682567708882e-9 -0.9997240248556957
vn -0.02349200132658509 1.0268682567708882e-9 -0.9997240248556957
vn -0.035808187951659326 1.565225895102406e-9 -0.9993586811929032
vn -4.371139012432707e-8 -0.999999999999999 -2.2204459542594768e-16
vn -4.371139012432707e-8 -0.999999999999999 -2.2204459542594768e-16
vn -4.371139012432707e-8 -0.999999999999999 -2.2204459542594768e-16
vn -4.371139012432707e-8 -0.999999999999999 -2.2204459542594768e-16
vn -4.371139012432707e-8 -0.999999999999999 -2.2204459542594768e-16
vn -4.371139012432707e-8 -0.999999999999999 -2.2204459542594768e-16
vn -4.371139012432707e-8 -0.999999999999999 -2.2204459542594768e-16
vn -4.371139012432707e-8 -0.999999999999999 -2.2204459542594768e-16
vn -4.371139012432707e-8 -0.999999999999999 -2.2204459542594768e-16
vn -4.371139012432707e-8 -0.999999999999999 -2.2204459542594768e-16
vn -4.371139012432707e-8 -0.999999999999999 -2.2204459542594768e-16
vn -4.371139012432707e-8 -0.999999999999999 -2.2204459542594768e-16
vn -4.371139012432707e-8 -0.999999999999999 -2.2204459542594768e-16
vn -4.371139012432707e-8 -0.999999999999999 -2.2204459542594768e-16
vn -4.371139012432707e-8 -0.999999999999999 -2.2204459542594768e-16
vn -4.371139012432707e-8 -0.999999999999999 -2.2204459542594768e-16
vn -4.371139012432707e-8 -0.999999999999999 -2.2204459542594768e-16
vn -4.371139012432707e-8 -0.999999999999999 -2.2204459542594768e-16
vn 0.6376309747882994 -2.787173612327606e-8 -0.7703419630206589
vn 0.6376309747882994 -2.787173612327606e-8 -0.7703419630206589
vn 0.6376309747882994 -2.787173612327606e-8 -0.7703419630206589
vn 0.6376309747882994 -2.787173612327606e-8 -0.7703419630206589
vn -0.08140749629883842 3.5584346084556353e-9 0.99668090156597
vn -0.08140749629883842 3.5584346084556353e-9 0.99668090156597
vn -0.08140749629883842 3.5584346084556353e-9 0.99668090156597
vn -0.08140749629883842 3.5584346084556353e-9 0.99668090156597
vn -0.058945413331749436 2.576585736525314e-9 0.998261207423763
vn -0.058945413331749436 2.576585736525314e-9 0.998261207423763
vn -0.058945413331749436 2.576585736525314e-9 0.998261207423763
vn -0.058945413331749436 2.576585736525314e-9 0.998261207423763
vn -0.033772085791246235 1.476224595415483e-9 0.9994295604099914
vn -0.033772085791246235 1.476224595415483e-9 0.9994295604099914
vn -0.033772085791246235 1.476224595415483e-9 0.9994295604099914
vn -0.033772085791246235 1.476224595415483e-9 0.9994295604099914
vn 0.011172295746560246 -4.883567999929906e-10 0.9999375879562442
vn 0.011172295746560246 -4.883567999929906e-10 0.9999375879562442
vn 0.011172295746560246 -4.883567999929906e-10 0.9999375879562442
vn 0.011172295746560246 -4.883567999929906e-10 0.9999375879562442
vn 0.035808187951659326 -1.565225895102406e-9 0.9993586811929032
vn 0.035808187951659326 -1.565225895102406e-9 0.9993586811929032
vn 0.035808187951659326 -1.565225895102406e-9 0.9993586811929032
vn 0.035808187951659326 -1.565225895102406e-9 0.9993586811929032
vn -0.9994863818682834 4.368893915468106e-8 0.03204641102910235
vn -0.9994863818682834 4.368893915468106e-8 0.03204641102910235
vn -0.9994863818682834 4.368893915468106e-8 0.03204641102910235
vn -0.9994863818682834 4.368893915468106e-8 0.03204641102910235
vn -0.035808187951659326 1.565225895102406e-9 -0.9993586811929032
vn -0.035808187951659326 1.565225895102406e-9 -0.9993586811929032
vn -0.035808187951659326 1.565225895102406e-9 -0.9993586811929032
vn -0.035808187951659326 1.565225895102406e-9 -0.9993586811929032
vn -0.011172295746560246 4.883567999929927e-10 -0.9999375879562442
vn -0.011172295746560246 4.883567999929927e-10 -0.9999375879562442
vn -0.011172295746560246 4.883567999929927e-10 -0.9999375879562442
vn -0.011172295746560246 4.883567999929927e-10 -0.9999375879562442
vn 0.033772085791246235 -1.476224595415483e-9 -0.9994295604099914
vn 0.033772085791246235 -1.476224595415483e-9 -0.9994295604099914
vn 0.033772085791246235 -1.476224595415483e-9 -0.9994295604099914
vn 0.033772085791246235 -1.476224595415483e-9 -0.9994295604099914
vn 0.058945413331749436 -2.576585736525304e-9 -0.998261207423763
vn 0.058945413331749436 -2.576585736525304e-9 -0.998261207423763
vn 0.058945413331749436 -2.576585736525304e-9 -0.998261207423763
vn 0.058945413331749436 -2.576585736525304e-9 -0.998261207423763
vn 0.08489707682434003 -3.7109690242407484e-9 -0.9963897261346497
vn 0.08489707682434003 -3.7109690242407484e-9 -0.9963897261346497
vn 0.08489707682434003 -3.7109690242407484e-9 -0.9963897261346497
vn 0.08489707682434003 -3.7109690242407484e-9 -0.9963897261346497
vn 0.04636238675288378 -2.026564152644414e-9 -0.9989246863976164
vn 0.011302801561795988 -4.940609465351054e-10 -0.9999361212981831
vn 4.381440706080486e-8 0.999999999999999 -1.0583798282226648e-9
vn 4.3664885762684236e-8 0.999999999999999 -9.554608215722833e-10
vn 4.365921406346285e-8 0.999999999999999 -1.0719898302369397e-9
vn 4.382961905913252e-8 0.999999999999999 -9.853527993541984e-10
vn 0.08113136422309576 -0.04804758185983759 -0.9955446406950929
vn 0.07010691222115975 -0.01624420517563701 -0.9974072120538464
vn 4.371139012432707e-8 0.999999999999999 2.2204459542594768e-16
vn 4.371139012432707e-8 0.999999999999999 2.2204459542594768e-16
vn 4.371139012432707e-8 0.999999999999999 2.2204459542594768e-16
vn 4.371139012432707e-8 0.999999999999999 2.2204459542594768e-16
vn 0.9994866166711213 -4.368894941824108e-8 -0.03203908699250702
vn 0.9935995295879689 -0.1075889902786535 -0.03441778571300742
vn 4.3838009056162974e-8 0.999999999999999 1.1013502332346448e-9
vn 4.383207206914985e-8 0.999999999999999 1.135600169455121e-9
vn 4.363806736101816e-8 0.999999999999999 2.2547101963254946e-9
vn 4.363806736101816e-8 0.999999999999999 2.2547101963254946e-9
vn 0.9761711213240418 -0.2139280592418258 -0.036396804282640284
vn -0.02349200132658509 1.0268682567708882e-9 -0.9997240248556957
vn -0.035808187951659326 1.565225895102406e-9 -0.9993586811929032
vn 4.371139012432707e-8 0.999999999999999 2.2204459542594768e-16
vn 4.371139012432707e-8 0.999999999999999 2.2204459542594768e-16
vn 4.371139012432707e-8 0.999999999999999 2.2204459542594768e-16
vn 4.371139012432707e-8 0.999999999999999 2.2204459542594768e-16
vn 4.371139012432707e-8 0.999999999999999 2.2204459542594768e-16
vn 4.371139012432707e-8 0.999999999999999 2.2204459542594768e-16
vn 4.371139012432707e-8 0.999999999999999 2.2204459542594768e-16
vn 4.371139012432707e-8 0.999999999999999 2.2204459542594768e-16
vn 4.371139012432707e-8 0.999999999999999 2.2204459542594768e-16
vn 4.371139012432707e-8 0.999999999999999 2.2204459542594768e-16
vn 4.371139012432707e-8 0.999999999999999 2.2204459542594768e-16
vn 4.371139012432707e-8 0.999999999999999 2.2204459542594768e-16
vn 4.371139012432707e-8 0.999999999999999 2.2204459542594768e-16
vn 4.371139012432707e-8 0.999999999999999 2.2204459542594768e-16
vn 4.371139012432707e-8 0.999999999999999 2.2204459542594768e-16
vn 4.371139012432707e-8 0.999999999999999 2.2204459542594768e-16
vn 4.371139012432707e-8 0.999999999999999 2.2204459542594768e-16
vn 4.371139012432707e-8 0.999999999999999 2.2204459542594768e-16
vn 0.6376309747882994 -2.787173612327606e-8 -0.7703419630206589
vn 0.6376309747882994 -2.787173612327606e-8 -0.7703419630206589
vn 0.6376309747882994 -2.787173612327606e-8 -0.7703419630206589
vn 0.6376309747882994 -2.787173612327606e-8 -0.7703419630206589
vn -0.08140749629883842 3.5584346084556353e-9 0.99668090156597
vn -0.08140749629883842 3.5584346084556353e-9 0.99668090156597
vn -0.08140749629883842 3.5584346084556353e-9 0.99668090156597
vn -0.08140749629883842 3.5584346084556353e-9 0.99668090156597
vn -0.058945413331749436 2.576585736525314e-9 0.998261207423763
vn -0.058945413331749436 2.576585736525314e-9 0.998261207423763
vn -0.058945413331749436 2.576585736525314e-9 0.998261207423763
vn -0.058945413331749436 2.576585736525314e-9 0.998261207423763
vn -0.033772085791246235 1.476224595415473e-9 0.9994295604099914
vn -0.033772085791246235 1.476224595415473e-9 0.9994295604099914
vn -0.033772085791246235 1.476224595415473e-9 0.9994295604099914
vn -0.033772085791246235 1.476224595415473e-9 0.9994295604099914
vn 0.011172295746560246 -4.883567999929906e-10 0.9999375879562442
vn 0.011172295746560246 -4.883567999929906e-10 0.9999375879562442
vn 0.011172295746560246 -4.883567999929906e-10 0.9999375879562442
vn 0.011172295746560246 -4.883567999929906e-10 0.9999375879562442
vn 0.035808187951659326 -1.565225895102406e-9 0.9993586811929032
vn 0.035808187951659326 -1.565225895102406e-9 0.9993586811929032
vn 0.035808187951659326 -1.565225895102406e-9 0.9993586811929032
vn 0.035808187951659326 -1.565225895102406e-9 0.9993586811929032
vn -0.9994863818682834 4.368893915468106e-8 0.03204641102910235
vn -0.9994863818682834 4.368893915468106e-8 0.03204641102910235
vn -0.9994863818682834 4.368893915468106e-8 0.03204641102910235
vn -0.9994863818682834 4.368893915468106e-8 0.03204641102910235
vn -0.035808187951659326 1.565225895102406e-9 -0.9993586811929032
vn -0.035808187951659326 1.565225895102406e-9 -0.9993586811929032
vn -0.035808187951659326 1.565225895102406e-9 -0.9993586811929032
vn -0.035808187951659326 1.565225895102406e-9 -0.9993586811929032
vn -0.011172295746560246 4.883567999929927e-10 -0.9999375879562442
vn -0.011172295746560246 4.883567999929927e-10 -0.9999375879562442
vn -0.011172295746560246 4.883567999929927e-10 -0.9999375879562442
vn -0.011172295746560246 4.883567999929927e-10 -0.9999375879562442
vn 0.033772085791246235 -1.476224595415483e-9 -0.9994295604099914
vn 0.033772085791246235 -1.476224595415483e-9 -0.9994295604099914
vn 0.033772085791246235 -1.476224595415483e-9 -0.9994295604099914
vn 0.033772085791246235 -1.476224595415483e-9 -0.9994295604099914
vn 0.058945413331749436 -2.576585736525304e-9 -0.998261207423763
vn 0.058945413331749436 -2.576585736525304e-9 -0.998261207423763
vn 0.058945413331749436 -2.576585736525304e-9 -0.998261207423763
vn 0.058945413331749436 -2.576585736525304e-9 -0.998261207423763
vn 0.08489707682434003 -3.7109690242407484e-9 -0.9963897261346497
vn 0.08489707682434003 -3.7109690242407484e-9 -0.9963897261346497
vn 0.08489707682434003 -3.7109690242407484e-9 -0.9963897261346497
vn 0.08489707682434003 -3.7109690242407484e-9 -0.9963897261346497
f 28/28/28 25/25/25 26/26/26
f 26/26/26 27/27/27 28/28/28
f 32/32/32 29/29/29 30/30/30
f 30/30/30 31/31/31 32/32/32
f 36/36/36 33/33/33 34/34/34
f 34/34/34 35/35/35 36/36/36
f 25/25/25 36/36/36 35/35/35
f 35/35/35 26/26/26 25/25/25
f 40/40/40 37/37/37 38/38/38
f 38/38/38 39/39/39 40/40/40
f 29/29/29 40/40/40 39/39/39
f 39/39/39 30/30/30 29/29/29
f 44/44/44 41/41/41 42/42/42
f 42/42/42 43/43/43 44/44/44
f 48/48/48 45/45/45 46/46/46
f 46/46/46 47/47/47 48/48/48
f 47/47/47 46/46/46 32/32/32
f 32/32/32 31/31/31 47/47/47
f 50/50/50 49/49/49 44/44/44
f 44/44/44 43/43/43 50/50/50
f 54/54/54 51/51/51 52/52/52
f 52/52/52 53/53/53 54/54/54
f 53/53/53 52/52/52 28/28/28
f 28/28/28 27/27/27 53/53/53
f 57/57/57 38/38/38 55/55/55
f 55/55/55 56/56/56 57/57/57
f 56/56/56 55/55/55 58/58/58
f 58/58/58 59/59/59 56/56/56
f 59/59/59 58/58/58 60/60/60
f 60/60/60 61/61/61 59/59/59
f 61/61/61 60/60/60 62/62/62
f 62/62/62 63/63/63 61/61/61
f 63/63/63 62/62/62 64/64/64
f 64/64/64 65/65/65 63/63/63
f 65/65/65 64/64/64 66/66/66
f 66/66/66 67/67/67 65/65/65
f 67/67/67 66/66/66 48/48/48
f 48/48/48 68/68/68 67/67/67
f 68/68/68 48/48/48 47/47/47
f 47/47/47 69/69/69 68/68/68
f 69/69/69 47/47/47 31/31/31
f 31/31/31 70/70/70 69/69/69
f 70/70/70 31/31/31 30/30/30
f 30/30/30 71/71/71 70/70/70
f 71/71/71 30/30/30 39/39/39
f 39/39/39 72/72/72 71/71/71
f 72/72/72 39/39/39 38/38/38
f 38/38/38 57/57/57 72/72/72
f 76/76/76 73/73/73 74/74/74
f 74/74/74 75/75/75 76/76/76
f 80/80/80 77/77/77 78/78/78
f 78/78/78 79/79/79 80/80/80
f 84/84/84 81/81/81 82/82/82
f 82/82/82 83/83/83 84/84/84
f 88/88/88 85/85/85 86/86/86
f 86/86/86 87/87/87 88/88/88
f 92/92/92 89/89/89 90/90/90
f 90/90/90 91/91/91 92/92/92
f 96/96/96 93/93/93 94/94/94
f 94/94/94 95/95/95 96/96/96
f 100/100/100 97/97/97 98/98/98
f 98/98/98 99/99/99 100/100/100
f 104/104/104 101/101/101 102/102/102
f 102/102/102 103/103/103 104/104/104
f 108/108/108 105/105/105 106/106/106
f 106/106/106 107/107/107 108/108/108
f 112/112/112 109/109/109 110/110/110
f 110/110/110 111/111/111 112/112/112
f 116/116/116 113/113/113 114/114/114
f 114/114/114 115/115/115 116/116/116
f 120/120/120 117/117/117 118/118/118
f 118/118/118 119/119/119 120/120/120
f 122/122/122 27/27/27 26/26/26
f 26/26/26 121/121/121 122/122/122
f 126/126/126 123/123/123 124/124/124
f 124/124/124 125/125/125 126/126/126
f 128/128/128 35/35/35 34/34/34
f 34/34/34 127/127/127 128/128/128
f 121/121/121 26/26/26 35/35/35
f 35/35/35 128/128/128 121/121/121
f 132/132/132 129/129/129 130/130/130
f 130/130/130 131/131/131 132/132/132
f 125/125/125 124/124/124 129/129/129
f 129/129/129 132/132/132 125/125/125
f 134/134/134 43/43/43 42/42/42
f 42/42/42 133/133/133 134/134/134
f 138/138/138 135/135/135 136/136/136
f 136/136/136 137/137/137 138/138/138
f 135/135/135 123/123/123 126/126/126
f 126/126/126 136/136/136 135/135/135
f 50/50/50 43/43/43 134/134/134
f 134/134/134 139/139/139 50/50/50
f 54/54/54 53/53/53 140/140/140
f 140/140/140 141/141/141 54/54/54
f 53/53/53 27/27/27 122/122/122
f 122/122/122 140/140/140 53/53/53
f 144/144/144 130/130/130 142/142/142
f 142/142/142 143/143/143 144/144/144
f 146/146/146 144/144/144 143/143/143
f 143/143/143 145/145/145 146/146/146
f 148/148/148 146/146/146 145/145/145
f 145/145/145 147/147/147 148/148/148
f 150/150/150 148/148/148 147/147/147
f 147/147/147 149/149/149 150/150/150
f 152/152/152 150/150/150 149/149/149
f 149/149/149 151/151/151 152/152/152
f 154/154/154 152/152/152 151/151/151
f 151/151/151 153/153/153 154/154/154
f 138/138/138 154/154/154 153/153/153
f 153/153/153 155/155/155 138/138/138
f 135/135/135 138/138/138 155/155/155
f 155/155/155 156/156/156 135/135/135
f 123/123/123 135/135/135 156/156/156
f 156/156/156 157/157/157 123/123/123
f 124/124/124 123/123/123 157/157/157
f 157/157/157 158/158/158 124/124/124
f 129/129/129 124/124/124 158/158/158
f 158/158/158 159/159/159 129/129/129
f 130/130/130 129/129/129 159/159/159
f 159/159/159 142/142/142 130/130/130
f 163/163/163 160/160/160 161/161/161
f 161/161/161 162/162/162 163/163/163
f 167/167/167 164/164/164 165/165/165
f 165/165/165 166/166/166 167/167/167
f 171/171/171 168/168/168 169/169/169
f 169/169/169 170/170/170 171/171/171
f 175/175/175 172/172/172 173/173/173
f 173/173/173 174/174/174 175/175/175
f 179/179/179 176/176/176 177/177/177
f 177/177/177 178/178/178 179/179/179
f 183/183/183 180/180/180 181/181/181
f 181/181/181 182/182/182 183/183/183
f 187/187/187 184/184/184 185/185/185
f 185/185/185 186/186/186 187/187/187
f 191/191/191 188/188/188 189/189/189
f 189/189/189 190/190/190 191/191/191
f 195/195/195 192/192/192 193/193/193
f 193/193/193 194/194/194 195/195/195
f 199/199/199 196/196/196 197/197/197
f 197/197/197 198/198/198 199/199/199
f 203/203/203 200/200/200 201/201/201
f 201/201/201 202/202/202 203/203/203
f 207/207/207 204/204/204 205/205/205
f 205/205/205 206/206/206 207/207/207
o defaultMaterial_2
usemtl 06___Default
v 0.3896019879223475 -0.001276671477347395 0.020902003726405296
v 0.3896019879780393 -0.0000025914616284627593 0.03587540388707558
v 0.12765700854879455 -0.000002580011649293753 0.04440820366744444
v 0.12765700849310274 -0.0012766600273682266 0.031705202168268415
v -0.13428800068277255 -0.0000025685616688206103 0.046477103239340095
v -0.13428800073846436 -0.0012766485773877537 0.035050304240030555
v -0.9552359756587363 -0.001276612692610585 -0.03426919727917244
v -0.9152079996226646 -0.0012766144422890636 -0.013586196483629262
v -0.9152079995669729 -0.000002534426570129878 -0.005013456934648072
v -0.9552359756030445 -0.0000025326768916511024 -0.026751196378427055
v -0.39623399344667026 -0.0012766371273642894 0.027983402466816274
v -0.3962339933909785 -0.0000025571116453561806 0.03883610442881045
v -0.9152079996226646 -0.0012766144422890636 -0.013586196483629262
v -0.6581790026782374 -0.001276625677383812 0.010922503291112808
v -0.6581790026225456 -0.0000025456616648784984 0.020460603392166522
v -0.9152079995669729 -0.000002534426570129878 -0.005013456934648072
v -0.9933669742701865 -0.0012766110258516242 -0.0658310003518634
v -0.999993997434557 -0.000002530720456291594 -0.06628759428258468
v -0.9933669742701865 -0.0012766110258516242 -0.0658310003518634
v -0.999993997434557 -0.000002530720456291594 -0.06628759428258468
v -0.9933269794978504 -0.0000025310118809133034 -0.06574509515758087
v 0.12765700854879455 -0.000002580011649293753 0.04440820366744444
v 0.3896019879780393 -0.0000025914616284627593 0.03587540388707558
v 0.3896019880337311 0.0012714885540904763 0.020902003726405296
v 0.12765700860448637 0.0012715000040696446 0.031705202168268415
v -0.13428800068277255 -0.0000025685616688206103 0.046477103239340095
v -0.13428800062708074 0.0012715114540501175 0.035050304240030555
v -0.9152079995669729 -0.000002534426570129878 -0.005013456934648072
v -0.9152079995112811 0.0012715455891488077 -0.013586196483629262
v -0.9552359755473527 0.0012715473388272861 -0.03426919727917244
v -0.9552359756030445 -0.0000025326768916511024 -0.026751196378427055
v -0.3962339933352867 0.0012715229040735818 0.027983402466816274
v -0.3962339933909785 -0.0000025571116453561806 0.03883610442881045
v -0.6581790026225456 -0.0000025456616648784984 0.020460603392166522
v -0.6581790025668538 0.0012715343540540592 0.010922503291112808
v -0.9152079995112811 0.0012715455891488077 -0.013586196483629262
v -0.9152079995669729 -0.000002534426570129878 -0.005013456934648072
v -0.9933669741588029 0.001271549005586247 -0.0658310003518634
v -0.999993997434557 -0.000002530720456291594 -0.06628759428258468
v -0.9933669741588029 0.001271549005586247 -0.0658310003518634
vt 0.0005000000237487257 0.9886654997244477
vt 0.0008441939717158675 0.9994024250190705
vt 0.18887199461460114 0.9994999999762513
vt 0.1885800063610077 0.9903908800333738
vt 0.37675198912620544 0.9949622801505029
vt 0.3764890134334564 0.9867682000622153
vt 0.9635689854621887 0.9181917980313301
vt 0.935342013835907 0.9339426010847092
vt 0.9355390071868896 0.9400897994637489
vt 0.9637420177459717 0.923582598567009
vt 0.5641589760780334 0.97567979991436
vt 0.564408004283905 0.9834618996828794
vt 0.935342013835907 0.9339426010847092
vt 0.7515980005264282 0.9574251994490623
vt 0.7518180012702942 0.9642646014690399
vt 0.9355390071868896 0.9400897994637489
vt 0.9901859760284424 0.8946830034255981
vt 0.9949269890785217 0.8942029997706413
vt 0.9899190068244934 0.7328810095787048
vt 0.9946600198745728 0.7319670021533966
vt 0.989890992641449 0.7319670021533966
vt 0.18806299567222595 0.8352289944887161
vt 0.0005000000237487257 0.8484420031309128
vt 0.0009056390263140202 0.8591769933700562
vt 0.18840700387954712 0.8443360030651093
vt 0.37580201029777527 0.8266499936580658
vt 0.3761110007762909 0.8348419964313507
vt 0.9370549917221069 0.8424089998006821
vt 0.9372879862785339 0.8485549986362457
vt 0.9665449857711792 0.862298995256424
vt 0.9663410186767578 0.8569090068340302
vt 0.564096987247467 0.8328119963407516
vt 0.5638030171394348 0.8250319957733154
vt 0.7520949840545654 0.8311090022325516
vt 0.7523540258407593 0.8379469960927963
vt 0.9372879862785339 0.8485549986362457
vt 0.9370549917221069 0.8424089998006821
vt 0.9947370290756226 0.8838929980993271
vt 0.9994999766349792 0.8840409964323044
vt 0.9899190068244934 0.7310529947280884
vn 0.0033828360616226225 -0.9957848925892324 0.0916569916112833
vn 0.03688288413511361 -1.6122023592338263e-9 0.9993195949534243
vn 0.02254329722784268 -1.9524936730482128e-7 0.999745867583387
vn 0.0022533463066757623 -0.9951629746902019 0.0982118945758136
vn -0.009496699334723637 4.151137074789616e-10 0.9999549053341086
vn -0.0010617630182828178 -0.9940065957467235 0.10931495904633864
vn -0.13858604448054454 -0.9736409885307449 0.18115499918056555
vn -0.08257641506579792 -0.984324664560644 0.15583995127199124
vn -0.4682101023066928 2.0466114245876568e-8 0.8836171682906324
vn -0.5400537523301866 7.508077066926656e-8 0.8416305273658269
vn -0.005861962225508734 -0.9928848601170679 0.11893398147366142
vn -0.048036579897107266 1.639546776799047e-7 0.9988455771498225
vn -0.013542439652750737 -0.99016072053578 0.13927795890347047
vn -0.011093147818593814 -0.9911864368286393 0.13200905089584036
vn -0.0822224018972992 1.4902105083272915e-7 0.9966140058348653
vn -0.09677631621896957 4.230227092040275e-9 0.9953061562248502
vn -0.16579107578625787 -0.9670341196341824 0.1932830325015032
vn -0.6510628373108662 2.845886150860946e-8 0.7590238348515306
vn 0.08113136842354864 0.048047574767108435 -0.9955446406950929
vn 0.08116139969734593 -3.5476773838950692e-9 -0.9967009718060716
vn 0.08122429027603505 -4.7377662738603746e-9 -0.9966958486264275
vn 0.02254329722784268 -1.9524936730482128e-7 0.999745867583387
vn 0.03688288413511361 -1.6122023592338263e-9 0.9993195949534243
vn 0.003382923115906328 0.9957848922934917 0.09165699161128374
vn 0.0022534333065896794 0.9951629744932041 0.09821189457581404
vn -0.009496699334723637 4.151137074789616e-10 0.9999549053341086
vn -0.00106167611946275 0.9940065958395419 0.10931495904633909
vn -0.4682101023066928 2.0466114245876568e-8 0.8836171682906324
vn -0.08257632901339888 0.9843246717796998 0.15583995127199168
vn -0.13858595936214196 0.9736410006463183 0.181154999180566
vn -0.5400537523301866 7.508077066926656e-8 0.8416305273658269
vn -0.005861875424753895 0.9928848606295331 0.11893398147366187
vn -0.048036579897107266 1.639546776799047e-7 0.9988455771498225
vn -0.0822224018972992 1.4902105083272915e-7 0.9966140058348653
vn -0.01109306116631984 0.9911864377984293 0.1320090508958408
vn -0.013542353090147724 0.9901607217196937 0.13927795890347092
vn -0.09677631621896957 4.230227092040275e-9 0.9953061562248502
vn -0.16579099124544605 0.9670341341280956 0.19328303250150367
vn -0.6510628373108662 2.845886150860946e-8 0.7590238348515306
vn 0.08113136422309576 -0.04804758185983759 -0.9955446406950929
f 211/211/211 208/208/208 209/209/209
f 209/209/209 210/210/210 211/211/211
f 213/213/213 211/211/211 210/210/210
f 210/210/210 212/212/212 213/213/213
f 217/217/217 214/214/214 215/215/215
f 215/215/215 216/216/216 217/217/217
f 219/219/219 218/218/218 213/213/213
f 213/213/213 212/212/212 219/219/219
f 223/223/223 220/220/220 221/221/221
f 221/221/221 222/222/222 223/223/223
f 222/222/222 221/221/221 218/218/218
f 218/218/218 219/219/219 222/222/222
f 225/225/225 224/224/224 214/214/214
f 214/214/214 217/217/217 225/225/225
f 226/226/226 227/227/227 228/228/228
f 232/232/232 229/229/229 230/230/230
f 230/230/230 231/231/231 232/232/232
f 234/234/234 233/233/233 229/229/229
f 229/229/229 232/232/232 234/234/234
f 238/238/238 235/235/235 236/236/236
f 236/236/236 237/237/237 238/238/238
f 240/240/240 233/233/233 234/234/234
f 234/234/234 239/239/239 240/240/240
f 244/244/244 241/241/241 242/242/242
f 242/242/242 243/243/243 244/244/244
f 241/241/241 240/240/240 239/239/239
f 239/239/239 242/242/242 241/241/241
f 246/246/246 238/238/238 237/237/237
f 237/237/237 245/245/245 246/246/246
f 247/247/247 228/228/228 227/227/227
o defaultMaterial_3
usemtl 04___Default
v 0.4474080029926877 -0.000002593988409713895 -0.05042519643302522
v 0.44771201590432413 -0.01324949440370804 -0.0459565952360209
v 0.4461329992374367 -0.018278393162418638 -0.06915409340854249
v 0.44578800835233734 -0.0000025939175974909852 -0.07422770037646852
v 0.44840500890331847 -0.022480194755495272 -0.035758497559982165
v 0.44709200749415684 -0.033729595373398945 -0.055062195652681216
v 0.44929401192978646 -0.028207694517789286 -0.02269929684098326
v 0.44845498644314846 -0.04432379577587026 -0.03503449856634699
v 0.4503029992332301 -0.031028793574983664 -0.007868966454225409
v 0.4500179988133204 -0.04958039279686849 -0.012059096613484255
v 0.45135499141119334 -0.031028793620967707 0.007596013235342872
v 0.4516399902092707 -0.049580392867768 0.011786102882069716
v 0.45236400876358773 -0.028207694651983126 0.022426403692406786
v 0.4532039865156277 -0.04432379598345568 0.034761504834932455
v 0.45325301229076964 -0.022480194967408256 0.03548550382856763
v 0.4545660127164774 -0.033729595700098126 0.054789201921266684
v 0.45394698957337626 -0.013249494676247427 0.04568370208744444
v 0.4555249925216316 -0.01827909392753186 0.06888109967712798
v 0.45425100364309356 -0.0000025942875268068596 0.0501522027016107
v 0.4558700148068051 -0.000002594358296040638 0.07395480350260177
v 0.44370199426171325 -0.01224419390773951 -0.041856596612888194
v 0.4428559962711911 -0.000002593789435173531 -0.0458802975654181
v 0.4415199879608731 -0.0000025937310363869227 -0.07393069788213334
v 0.4418650086482643 -0.018279093330434946 -0.06885709836478791
v 0.4502660159073453 -0.0000025941133374524772 0.045339902496379994
v 0.4494200168466284 -0.012244194157682246 0.04217630401853957
v 0.45125700193248974 -0.018279093740972058 0.0691775061250154
v 0.4516019944153409 -0.0000025941717349365756 0.07425110564236083
v 0.4487309870199412 -0.0152887937947553 0.032052402949375294
v 0.45029799232501316 -0.03372959551353702 0.05508560464386381
v 0.44794799053060647 -0.016964393946519767 0.020551303035062925
v 0.44893501244984707 -0.04432379579685289 0.03505850360397734
v 0.44703898985854945 -0.017808794282867548 0.007191723311734574
v 0.44737199962012886 -0.049580392681208195 0.012083103513759743
v 0.44608299096099696 -0.017808794241079506 -0.006871296925055607
v 0.44575000822417854 -0.049580392610308686 -0.011762696684854855
v 0.445173006886121 -0.016964393825221365 -0.020230897137480598
v 0.4441860123773678 -0.044323795589267474 -0.034738095843749865
v 0.44439099401991067 -0.015288793605048158 -0.03173199518914781
v 0.4428239871026926 -0.03372959518683784 -0.05476519688363634
v 0.4461330008351579 0.01827320529706352 -0.06915409340854249
v 0.447712017062405 0.013244306400310907 -0.0459565952360209
v 0.44709201044266506 0.03372440742420459 -0.0550621956526812
v 0.4484050108683728 0.022475006691514726 -0.03575849755998215
v 0.44845499031783115 0.04431860770752046 -0.035034498566346974
v 0.4492940143955547 0.028202506376089596 -0.022699296840983246
v 0.45001800314754936 0.04957520459187577 -0.012059096613484234
v 0.4503030019456267 0.031023605345075478 -0.007868966454225395
v 0.4516399945434997 0.04957520452097626 0.011786102882069736
v 0.45135499412359 0.031023605299091435 0.007596013235342886
v 0.4532039903903104 0.04431860749993505 0.03476150483493247
v 0.452364011229356 0.028202506241895756 0.0224264036924068
v 0.4545660156649856 0.03372440709750541 0.0547892019212667
v 0.453253014255824 0.022475006479601742 0.03548550382856765
v 0.45552499411941394 0.01827390524110252 0.06888109967712798
v 0.4539469907314571 0.01324430612777152 0.04568370208744444
v 0.4558700148068051 -0.000002594358296040638 0.07395480350260177
v 0.45425100364309356 -0.0000025942875268068596 0.0501522027016107
v 0.44370199533190796 0.01223900625490962 -0.041856596612888194
v 0.44186501024604663 0.018273905838199433 -0.06885709836478791
v 0.4512570035302721 0.018273905427662322 0.0691775061250154
v 0.4494200179168231 0.012239006004966885 0.04217630401853957
v 0.4502979952735214 0.03372440728406652 0.05508560464386383
v 0.4487309883563033 0.015283605702276834 0.032052402949375294
v 0.44893501632452976 0.044318607686537836 0.03505850360397735
v 0.4479479920134542 0.01695920592249303 0.02055130303506293
v 0.44737200395435783 0.04957520470753606 0.012083103513759763
v 0.447038991415217 0.017803606338308183 0.007191723311734582
v 0.4457500125584075 0.04957520477843557 -0.011762696684854834
v 0.44608299251766453 0.017803606380096225 -0.006871296925055598
v 0.4441860162520505 0.04431860789412325 -0.03473809584374985
v 0.4451730083689687 0.016959206043791433 -0.02023089713748059
v 0.4428239900512008 0.0337244076107657 -0.054765196883636326
v 0.4443909953562728 0.015283605891983977 -0.03173199518914781
vt 0.47131699323654175 0.815093994140625
vt 0.4909150004386902 0.8217200040817261
vt 0.4983550012111664 0.7873270064592361
vt 0.47131699323654175 0.7798050045967102
vt 0.5045729875564575 0.8368390053510666
vt 0.5212159752845764 0.8082199990749359
vt 0.5130450129508972 0.8562009930610657
vt 0.5368890166282654 0.8379130065441132
vt 0.5172190070152283 0.8781879991292953
vt 0.5446659922599792 0.8719760030508041
vt 0.5172190070152283 0.9011169970035553
vt 0.5446659922599792 0.9073294028639793
vt 0.5130450129508972 0.9231043979525566
vt 0.5368890166282654 0.9413927011191845
vt 0.5045729875564575 0.9424659013748169
vt 0.52121502161026 0.971085499972105
vt 0.4909150004386902 0.9575853012502193
vt 0.49835601449012756 0.991977940313518
vt 0.47131699323654175 0.9642113000154495
vt 0.47131699323654175 0.9994999999762513
vt 0.27247899770736694 0.31739699840545654
vt 0.29058998823165894 0.3113579750061035
vt 0.29058998823165894 0.2698439955711365
vt 0.2635509967803955 0.2773659825325012
vt 0.29058998823165894 0.4467560052871704
vt 0.27247899770736694 0.44198501110076904
vt 0.2635509967803955 0.48201698064804077
vt 0.29058998823165894 0.4895380139350891
vt 0.26797500252723694 0.42697399854660034
vt 0.24069200456142426 0.4611240029335022
vt 0.26549598574638367 0.4099230170249939
vt 0.22501899302005768 0.43143099546432495
vt 0.26424700021743774 0.39011597633361816
vt 0.21724200248718262 0.39736801385879517
vt 0.26424700021743774 0.36926597356796265
vt 0.21724200248718262 0.3620139956474304
vt 0.26549598574638367 0.34946000576019287
vt 0.22501899302005768 0.32795101404190063
vt 0.26797500252723694 0.33240801095962524
vt 0.24069200456142426 0.2982580065727234
vt 0.4442799985408783 0.7873270064592361
vt 0.4517199993133545 0.8217200040817261
vt 0.4214189946651459 0.8082199990749359
vt 0.43806201219558716 0.8368390053510666
vt 0.4057460129261017 0.8379130065441132
vt 0.42958900332450867 0.8562009930610657
vt 0.39796900749206543 0.8719760030508041
vt 0.4254159927368164 0.8781879991292953
vt 0.39796900749206543 0.9073294028639793
vt 0.4254159927368164 0.9011169970035553
vt 0.4057460129261017 0.9413927011191845
vt 0.42958900332450867 0.9231043979525566
vt 0.4214189946651459 0.971085499972105
vt 0.43806201219558716 0.9424659013748169
vt 0.4442789852619171 0.991977940313518
vt 0.4517199993133545 0.9575853012502193
vt 0.47131699323654175 0.9994999999762513
vt 0.47131699323654175 0.9642113000154495
vt 0.3087019920349121 0.31739699840545654
vt 0.31762900948524475 0.2773659825325012
vt 0.31762900948524475 0.48201698064804077
vt 0.3087019920349121 0.44198501110076904
vt 0.3404879868030548 0.4611240029335022
vt 0.3132059872150421 0.42697399854660034
vt 0.35616201162338257 0.43143099546432495
vt 0.3156850039958954 0.4099230170249939
vt 0.36393898725509644 0.39736801385879517
vt 0.3169339895248413 0.39011597633361816
vt 0.36393898725509644 0.3620139956474304
vt 0.3169339895248413 0.36926597356796265
vt 0.35616201162338257 0.32795101404190063
vt 0.3156850039958954 0.34946000576019287
vt 0.3404879868030548 0.2982580065727234
vt 0.3132059872150421 0.33240801095962524
vn 0.9976935154150349 -4.361057046174564e-8 -0.06787966778636643
vn 0.9976936779171706 -0.000005167808876868892 -0.06787727909545961
vn 0.9976934881615894 -0.0000035363588117795684 -0.0678800682634771
vn 0.9976932739018639 -4.361055990486847e-8 -0.06788321744716148
vn 0.9976933213330499 0.0000015667499035032867 -0.06788252031983347
vn 0.9976935557809408 -2.653274785839008e-7 -0.06787907448626783
vn 0.9976932673403194 0.0000018495899118136505 -0.06788331385824606
vn 0.9976932264219875 0.000002123789864228955 -0.06788391523162186
vn 0.9976936168772003 0.0000016027088045032478 -0.06787817646284984
vn 0.9976935628436492 0.0000016332686192544323 -0.06787897065864969
vn 0.9976932673388069 -0.000002539881336653077 -0.0678833138581562
vn 0.9976933889944273 -5.308917478094677e-7 -0.06788152588541811
vn 0.9976933753688947 -0.0000018562212657196473 -0.06788172612401695
vn 0.9976934096794602 -0.0000025554214808918136 -0.06788122181901877
vn 0.997693495223732 0.0000040552972454707614 -0.06787996443581767
vn 0.9976933889938012 0.0000012397899121763982 -0.06788152588537026
vn 0.9976933960530899 -0.000003390391855056893 -0.0678814220575675
vn 0.9976934026176592 -0.0000012841810251454754 -0.06788132564666342
vn 0.9976933960588238 -4.3610565244519396e-8 -0.06788142205794767
vn 0.9976934228012616 -0.0000012043010454672038 -0.06788102899671336
vn -0.997915505286695 -0.011527951009094525 0.06349606801946174
vn -0.9988671680818593 4.366187245584194e-8 0.04758550754299972
vn -0.9980636630586764 4.3626750131061485e-8 0.06220067911120419
vn -0.9976933889934979 0.0000014642511652361656 0.06788152588535766
vn -0.9977498254293758 4.3613031850935395e-8 0.06704689296043503
vn -0.9972559202815687 0.017865743165470398 0.07184319511621749
vn -0.9981431827395737 0.0105834454503763 0.0599848100181448
vn -0.9989335284231579 4.3664773158923106e-8 0.0461714824546279
vn -0.9976934298661474 2.9474665463787156e-7 0.06788092516926789
vn -0.9976934571134441 7.705938822832852e-7 0.06788052469177365
vn -0.9976934434894037 0.000001079811031715156 0.06788072493049846
vn -0.9976934162422263 5.105427575540416e-7 0.06788112540798955
vn -0.997693650682455 0.0000018914499342859883 0.06787767957390745
vn -0.9976935083502315 0.0000012087199729507521 0.06787977161382992
vn -0.9976933077097455 8.672638131766057e-7 0.06788272055858396
vn -0.997693321333023 0.0000015835610197893196 0.067882520319841
vn -0.9976930366414838 -0.000001776949510384255 0.06788670439738176
vn -0.9976932537168782 0.0000012944408766696658 0.06788351409696758
vn -0.9976932875226387 -0.0000026407601287519382 0.06788301720825178
vn -0.9976933753704869 -5.047546572478349e-7 0.06788172612411826
vn 0.9976934881618947 0.000003449137673360818 -0.0678800682634771
vn 0.9976936779176184 0.000005080587721861173 -0.06787727909545961
vn 0.9976935557809601 1.7810633425369086e-7 -0.06787907448626783
vn 0.9976933213329091 -0.0000016539710273374018 -0.06788252031983347
vn 0.9976932264217981 -0.0000022110109797656786 -0.06788391523162186
vn 0.9976932673401537 -0.000001936811030927569 -0.06788331385824604
vn 0.9976935628435026 -0.0000017204897642020767 -0.06787897065864969
vn 0.9976936168770564 -0.000001689929954174656 -0.06787817646284984
vn 0.9976933889944699 4.436706180601985e-7 -0.06788152588541811
vn 0.9976932673390252 0.000002452660217539273 -0.0678833138581562
vn 0.9976934096796798 0.0000024682003493341937 -0.06788122181901877
vn 0.9976933753690532 0.0000017690001371615551 -0.06788172612401695
vn 0.9976933889936891 -0.0000013270110419256061 -0.06788152588537026
vn 0.9976934952233736 -0.000004142518384506876 -0.06787996443581767
vn 0.9976934026177675 0.0000011969598942052222 -0.06788132564666342
vn 0.9976933960533824 0.0000033031707246905246 -0.06788142205756749
vn 0.9976934228013631 0.0000011170799127624445 -0.06788102899671336
vn 0.9976933960588238 -4.3610565244519396e-8 -0.06788142205794767
vn -0.9979155042788858 0.011528038249642256 0.06349606801946174
vn -0.9976933889936223 -0.0000013770300354869742 0.06788152588535767
vn -0.998143183664804 -0.010583358189924286 0.059984810018144784
vn -0.9972559218434379 -0.01786565598258531 0.07184319511621749
vn -0.9976934571135077 -6.833727465788609e-7 0.06788052469177365
vn -0.9976934298661694 -2.075255213154836e-7 0.06788092516926789
vn -0.9976934162422672 -4.2332162542269403e-7 0.06788112540798955
vn -0.9976934434894943 -9.92589897201782e-7 0.06788072493049846
vn -0.9976935083503332 -0.000001121498832767063 0.06787977161382991
vn -0.9976936506826164 -0.0000018042287816592169 0.06787767957390742
vn -0.9976933213331576 -0.0000014963398959551946 0.067882520319841
vn -0.9976933077098177 -7.800426905334688e-7 0.06788272055858398
vn -0.9976932537169875 -0.0000012072197587467342 0.06788351409696758
vn -0.9976930366413246 0.0000018641706093298392 0.06788670439738176
vn -0.9976933753704389 5.919757858060574e-7 0.06788172612411826
vn -0.997693287522404 0.0000027279812496302484 0.06788301720825178
f 248/248/248 249/249/249 250/250/250
f 250/250/250 251/251/251 248/248/248
f 249/249/249 252/252/252 253/253/253
f 253/253/253 250/250/250 249/249/249
f 252/252/252 254/254/254 255/255/255
f 255/255/255 253/253/253 252/252/252
f 254/254/254 256/256/256 257/257/257
f 257/257/257 255/255/255 254/254/254
f 256/256/256 258/258/258 259/259/259
f 259/259/259 257/257/257 256/256/256
f 258/258/258 260/260/260 261/261/261
f 261/261/261 259/259/259 258/258/258
f 260/260/260 262/262/262 263/263/263
f 263/263/263 261/261/261 260/260/260
f 262/262/262 264/264/264 265/265/265
f 265/265/265 263/263/263 262/262/262
f 264/264/264 266/266/266 267/267/267
f 267/267/267 265/265/265 264/264/264
f 268/268/268 269/269/269 270/270/270
f 270/270/270 271/271/271 268/268/268
f 272/272/272 273/273/273 274/274/274
f 274/274/274 275/275/275 272/272/272
f 273/273/273 276/276/276 277/277/277
f 277/277/277 274/274/274 273/273/273
f 276/276/276 278/278/278 279/279/279
f 279/279/279 277/277/277 276/276/276
f 278/278/278 280/280/280 281/281/281
f 281/281/281 279/279/279 278/278/278
f 280/280/280 282/282/282 283/283/283
f 283/283/283 281/281/281 280/280/280
f 282/282/282 284/284/284 285/285/285
f 285/285/285 283/283/283 282/282/282
f 284/284/284 286/286/286 287/287/287
f 287/287/287 285/285/285 284/284/284
f 286/286/286 268/268/268 271/271/271
f 271/271/271 287/287/287 286/286/286
f 248/248/248 251/251/251 288/288/288
f 288/288/288 289/289/289 248/248/248
f 289/289/289 288/288/288 290/290/290
f 290/290/290 291/291/291 289/289/289
f 291/291/291 290/290/290 292/292/292
f 292/292/292 293/293/293 291/291/291
f 293/293/293 292/292/292 294/294/294
f 294/294/294 295/295/295 293/293/293
f 295/295/295 294/294/294 296/296/296
f 296/296/296 297/297/297 295/295/295
f 297/297/297 296/296/296 298/298/298
f 298/298/298 299/299/299 297/297/297
f 299/299/299 298/298/298 300/300/300
f 300/300/300 301/301/301 299/299/299
f 301/301/301 300/300/300 302/302/302
f 302/302/302 303/303/303 301/301/301
f 303/303/303 302/302/302 304/304/304
f 304/304/304 305/305/305 303/303/303
f 306/306/306 307/307/307 270/270/270
f 270/270/270 269/269/269 306/306/306
f 272/272/272 275/275/275 308/308/308
f 308/308/308 309/309/309 272/272/272
f 309/309/309 308/308/308 310/310/310
f 310/310/310 311/311/311 309/309/309
f 311/311/311 310/310/310 312/312/312
f 312/312/312 313/313/313 311/311/311
f 313/313/313 312/312/312 314/314/314
f 314/314/314 315/315/315 313/313/313
f 315/315/315 314/314/314 316/316/316
f 316/316/316 317/317/317 315/315/315
f 317/317/317 316/316/316 318/318/318
f 318/318/318 319/319/319 317/317/317
f 319/319/319 318/318/318 320/320/320
f 320/320/320 321/321/321 319/319/319
f 321/321/321 320/320/320 307/307/307
f 307/307/307 306/306/306 321/321/321
o defaultMaterial_4
usemtl 02___Default
v 0.4403170172176938 -0.000002593678452871498 -0.03806119635100923
v 0.44047499922882843 -0.002286723766892873 -0.03574129789467416
v 0.3829130056298905 -0.002286721250778119 -0.03182479589577278
v 0.38275499381643346 -0.000002591162336814654 -0.034144698077398145
v 0.44092999119693105 -0.004295133491794245 -0.029062796750622608
v 0.383367014121384 -0.004294451110157032 -0.025145696842628327
v 0.44162599456881396 -0.005785803778534185 -0.01883029601867757
v 0.38406298769091485 -0.005785801262375138 -0.0149138964652594
v 0.44248000988450226 -0.006578583775602639 -0.006277916853832821
v 0.38491700300660314 -0.006578581259443593 -0.002362166897910443
v 0.44338901051964935 -0.0065785838153363235 0.0070796432964924765
v 0.38582600364175024 -0.006578581299177278 0.010995403496963176
v 0.44424299610232226 -0.0057858038929269676 0.019631404063147687
v 0.38667998922442315 -0.005785801376767922 0.023548503971141967
v 0.4449389996045238 -0.004295133667033588 0.029863902932447575
v 0.3873759927266544 -0.0042944512853950725 0.03377960399393479
v 0.4453930082715683 -0.0022867239818659007 0.03654300198559203
v 0.38783101467263037 -0.0022867214657511467 0.040460103756231464
v 0.445550990482388 -0.000002593907237135531 0.038862203812641286
v 0.38798899688345007 -0.000002591391122381388 0.04277860150341431
v 0.38275499381643346 -0.000002591162336814654 -0.034144698077398145
v 0.3829130056298905 -0.002286721250778119 -0.03182479589577278
v 0.38299400843062203 -0.0002624951599556051 -0.03063119612033924
v 0.3829760078392606 -0.0000025911719976455368 -0.03089459649618229
v 0.383367014121384 -0.004294451110157032 -0.025145696842628327
v 0.38340098886658475 -0.0020598212906098277 -0.024651997157889214
v 0.38406298769091485 -0.005785801262375138 -0.0149138964652594
v 0.3840789916373686 -0.0035133611424968793 -0.01467799711372217
v 0.38491700300660314 -0.006578581259443593 -0.002362166897910443
v 0.38492200989651676 -0.004296511263663113 -0.0022899668138053083
v 0.38582600364175024 -0.006578581299177278 0.010995403496963176
v 0.38582099695137173 -0.0042958211929313 0.010923903068942222
v 0.38667998922442315 -0.005785801376767922 0.023548503971141967
v 0.3866640152789549 -0.0035133612554918646 0.023312702408475074
v 0.3873759927266544 -0.0042944512853950725 0.03377960399393479
v 0.38734300165345 -0.002059821462920699 0.03328600302938858
v 0.38783101467263037 -0.0022867214657511467 0.040460103756231464
v 0.3877500120488624 -0.0002624953678471499 0.03926580176357666
v 0.38798899688345007 -0.000002591391122381388 0.04277860150341431
v 0.3877680126629453 -0.0000025913814628532063 0.039529801911157764
v 0.4403170172176938 -0.000002593678452871498 -0.03806119635100923
v 0.38275499381643346 -0.000002591162336814654 -0.034144698077398145
v 0.38291300582957555 0.002281538912290648 -0.03182479589577278
v 0.4404749994285135 0.002281536396175894 -0.03574129789467416
v 0.38336701449659033 0.004289268731978865 -0.025145696842628327
v 0.44092999157219676 0.0042899460813005915 -0.029062796750622608
v 0.3840629881964992 0.005780618823353018 -0.014913896465259396
v 0.4416259950743983 0.005780616307193971 -0.01883029601867757
v 0.3849170035814945 0.00657339874576107 -0.00236216689791044
v 0.4424800104593936 0.0065733962296020245 -0.0062779168538328175
v 0.3858260042166416 0.006573398706027386 0.01099540349696318
v 0.4433890110945407 0.00657339618986834 0.00707964329649248
v 0.3866799897300075 0.005780618708960235 0.023548503971141967
v 0.4442429966079066 0.005780616192801189 0.019631404063147687
v 0.3873759931018607 0.004289268556740825 0.03377960399393479
v 0.44493899997978953 0.0042899459060612485 0.029863902932447575
v 0.3878310148723154 0.0022815386973176204 0.040460103756231464
v 0.44539300847125335 0.0022815361812028663 0.03654300198559203
v 0.38798899688345007 -0.000002591391122381388 0.04277860150341431
v 0.445550990482388 -0.000002593907237135531 0.038862203812641286
v 0.3829940084533435 0.00025731281438665115 -0.03063119612033924
v 0.38291300582957555 0.002281538912290648 -0.03182479589577278
v 0.38340098904643355 0.0020546389094615028 -0.024651997157889214
v 0.38336701449659033 0.004289268731978865 -0.025145696842628327
v 0.38407899194428985 0.003508178702075658 -0.01467799711372217
v 0.3840629881964992 0.005780618823353018 -0.014913896465259396
v 0.38492201027190315 0.004291328749542883 -0.0022899668138053066
v 0.3849170035814945 0.00657339874576107 -0.00236216689791044
v 0.38582099732669783 0.004290638600219116 0.010923903068942226
v 0.3858260042166416 0.006573398706027386 0.01099540349696318
v 0.38666401558587615 0.0035081785890806725 0.023312702408475074
v 0.3866799897300075 0.005780618708960235 0.023548503971141967
v 0.3873430018332988 0.0020546387371506315 0.03328600302938858
v 0.3873759931018607 0.004289268556740825 0.03377960399393479
v 0.3877500120715839 0.00025731260649510635 0.03926580176357666
v 0.3878310148723154 0.0022815386973176204 0.040460103756231464
vt 0.35388898849487305 0.9367503970861435
vt 0.3538230061531067 0.9333114996552467
vt 0.26848000288009644 0.9349619969725609
vt 0.268546998500824 0.9384008012712002
vt 0.35363098978996277 0.9234094992280006
vt 0.2682889997959137 0.9250587970018387
vt 0.35333800315856934 0.9082387983798981
vt 0.2679949998855591 0.9098887965083122
vt 0.352977991104126 0.8896289989352226
vt 0.2676360011100769 0.8912800028920174
vt 0.3525950014591217 0.869825005531311
vt 0.26725301146507263 0.8714759945869446
vt 0.35223498940467834 0.8512160032987595
vt 0.2668929994106293 0.852864995598793
vt 0.3519420027732849 0.8360449969768524
vt 0.26660001277923584 0.8376969993114471
vt 0.351749986410141 0.8261429965496063
vt 0.2664079964160919 0.8277920037508011
vt 0.35168400406837463 0.8227040022611618
vt 0.26634201407432556 0.8243539929389954
vt 0.5795810222625732 0.5212349891662598
vt 0.5762019753456116 0.5246739983558655
vt 0.5791969895362854 0.5264439880847931
vt 0.5795810222625732 0.5260530114173889
vt 0.5732309818267822 0.5345770120620728
vt 0.576537013053894 0.5353089869022369
vt 0.571025013923645 0.5497469902038574
vt 0.5743870139122009 0.5500969886779785
vt 0.5698519945144653 0.5683560073375702
vt 0.5732290148735046 0.5684620141983032
vt 0.5698519945144653 0.5881600081920624
vt 0.5732300281524658 0.5880540013313293
vt 0.571025013923645 0.6067709922790527
vt 0.5743870139122009 0.6064209938049316
vt 0.5732309818267822 0.6219390034675598
vt 0.5765380263328552 0.6212069988250732
vt 0.5762019753456116 0.6318440139293671
vt 0.5791969895362854 0.6300739943981171
vt 0.5795810222625732 0.6352820098400116
vt 0.5795810222625732 0.6304639875888824
vt 0.35388898849487305 0.5693739950656891
vt 0.268546998500824 0.5677230060100555
vt 0.26848000288009644 0.5711619853973389
vt 0.3538230061531067 0.5728119909763336
vt 0.2682889997959137 0.5810649991035461
vt 0.35363098978996277 0.5827139914035797
vt 0.2679949998855591 0.5962350070476532
vt 0.35333800315856934 0.597885012626648
vt 0.2676360011100769 0.6148439943790436
vt 0.352977991104126 0.6164950132369995
vt 0.26725301146507263 0.6346479952335358
vt 0.3525950014591217 0.6362990140914917
vt 0.2668929994106293 0.6532590091228485
vt 0.35223498940467834 0.6549080014228821
vt 0.26660001277923584 0.6684269905090332
vt 0.3519420027732849 0.6700789928436279
vt 0.2664079964160919 0.6783320009708405
vt 0.351749986410141 0.679980993270874
vt 0.26634201407432556 0.681769996881485
vt 0.35168400406837463 0.6834200024604797
vt 0.5799649953842163 0.5264439880847931
vt 0.5829600095748901 0.5246739983558655
vt 0.5826249718666077 0.5353089869022369
vt 0.5859310030937195 0.5345770120620728
vt 0.5847749710083008 0.5500969886779785
vt 0.5881369709968567 0.5497469902038574
vt 0.5859330296516418 0.5684620141983032
vt 0.5893110036849976 0.5683560073375702
vt 0.5859330296516418 0.5880540013313293
vt 0.5893099904060364 0.5881600081920624
vt 0.5847749710083008 0.6064209938049316
vt 0.5881369709968567 0.6067709922790527
vt 0.5826249718666077 0.6212069988250732
vt 0.5859310030937195 0.6219390034675598
vt 0.5799649953842163 0.6300739943981171
vt 0.5829600095748901 0.6318440139293671
vn -0.06787718202837881 2.967006205714924e-9 -0.9976936845344299
vn -0.03455004455092353 -0.8607871390778982 -0.5077910944666283
vn -0.03454663604228911 -0.8607950101699721 -0.5077779833791923
vn -0.06787847311301831 2.967062640819266e-9 -0.9976935966958218
vn -0.014677338221118257 -0.976352694121267 -0.21568493787208856
vn -0.01467533890289423 -0.9763558112941434 -0.21567096276559938
vn -0.007020925290133682 -0.9946332497378481 -0.10322502179218888
vn -0.0070257756406914415 -0.9946313456038134 -0.10324303762963603
vn -0.0021356729714765523 -0.9995046171450028 -0.03139998736911382
vn -0.002133013399471928 -0.9995048801198902 -0.03139179622706255
vn 0.0021358356509726274 -0.9995046167979138 0.031399987352343665
vn 0.002135405740248626 -0.9995046866946193 0.03139779160730495
vn 0.007022896779750256 -0.994633030448065 0.10322700064672806
vn 0.007025154629779253 -0.9946317713844303 0.10323897788673764
vn 0.014672755073074932 -0.9763538608471747 0.21567996816436502
vn 0.014669863304432536 -0.9763594009087134 0.21565508426143676
vn 0.03455116018584161 -0.8607859795744986 0.5077929840966525
vn 0.0345535655102458 -0.8607581139594929 0.5078400539179889
vn 0.06787876976307684 -2.9670756078057017e-9 0.9976935765130751
vn 0.06789582628394199 1.0565984231480621e-8 0.9976924159144545
vn -0.997693199175332 4.361055663846764e-8 0.06788431570907766
vn -0.9976936506528229 0.000007935758069776297 0.0678776795719094
vn -0.9976935289302022 0.00001473940317031207 0.06787946754026192
vn -0.9976932127998014 8.484786647735097e-8 0.06788411547043352
vn -0.997693596675703 -0.000006350836643441519 0.0678784731116306
vn -0.9976927097503805 0.00005950269291918486 0.06789148231090918
vn -0.9976931178680878 0.00000624341126766528 0.06788551038089075
vn -0.9976932466263863 0.000007336982349682226 0.06788361792266169
vn -0.9976936370455102 0.000005581718785804561 0.06787787981180636
vn -0.9976939331691418 -0.00013260737397429606 0.0678733978284002
vn -0.9976935219547814 -0.000006291335970461085 0.06787957137374352
vn -0.9976935490644285 0.000017746301213039685 0.06787917088690398
vn -0.9976929013006447 -0.000004581089154691751 0.06788869326563746
vn -0.9976929553373328 0.00000549500011461608 0.06788789906944757
vn -0.9976936642926493 0.000005435168872771136 0.06787747933420457
vn -0.9976931989651092 -0.000020528694895835624 0.06788431569471265
vn -0.9976930977022948 9.04844659226043e-7 0.06788580703196116
vn -0.9976938683947254 0.0001087005903227748 0.0678743924595289
vn -0.9976934162423555 4.361056612676969e-8 0.06788112540799694
vn -0.9976916706540775 4.380736370939924e-8 0.0679067765946366
vn -0.06787718202837881 2.967006205714924e-9 -0.9976936845344299
vn -0.06787847311301831 2.967062640819266e-9 -0.9976935966958218
vn -0.034546560789196074 0.8607950131901319 -0.5077779833791919
vn -0.03454996929851862 0.8607871420983562 -0.507791094466628
vn -0.01467525354715476 0.9763558125770987 -0.21567096276559894
vn -0.014677252865651297 0.9763526954043971 -0.21568493787208812
vn -0.007025688687253981 0.9946313462180225 -0.10324303762963559
vn -0.007020838336529758 0.9946332503516331 -0.10322502179218844
vn -0.0021329260199765498 0.9995048803063604 -0.031391796227062105
vn -0.0021355855920041637 0.9995046173317053 -0.03139998736911337
vn 0.002135493119727077 0.9995046865079322 0.03139779160730539
vn 0.0021359230236990727 0.999504613454449 0.031400087836010206
vn 0.007025241583253883 0.9946317707702678 0.10323897788673808
vn 0.007022983733334956 0.9946330298341 0.1032270006467285
vn 0.01466994866048571 0.9763593996262294 0.2156550842614372
vn 0.014672840428643778 0.9763538595644379 0.21567996816436547
vn 0.034553640760113004 0.8607581109387207 0.5078400539179894
vn 0.0345512354381449 0.8607859765539365 0.507792984096653
vn 0.06789582628394199 1.0565984231480621e-8 0.9976924159144545
vn 0.06787876976307684 -2.9670756078057017e-9 0.9976935765130751
vn -0.9976935289333123 -0.000014526781809593663 0.06787946754038648
vn -0.9976936506535128 -0.000007848536917152094 0.0678776795719094
vn -0.9976927097555786 -0.00005941547184881678 0.06789148231090918
vn -0.9976935966751441 0.000006438057791346838 0.06787847311163062
vn -0.9976932466270237 -0.00000724976123237914 0.06788361792266168
vn -0.9976931178686298 -0.000006156190161618609 0.06788551038089075
vn -0.9976939331575451 0.00013269459515161805 0.0678733978284002
vn -0.9976936370459945 -0.000005494497634369957 0.06787787981180637
vn -0.9976935490659762 -0.000017659080069296586 0.06787917088690398
vn -0.9976935219542277 0.000006378557111834093 0.06787957137374352
vn -0.9976929553378096 -0.000005407779022778305 0.06788789906944759
vn -0.9976929013002404 0.000004668310241805452 0.06788869326563746
vn -0.9976931989633109 0.000020615916008971923 0.06788431569471266
vn -0.9976936642931207 -0.000005347947718954509 0.06787747933420457
vn -0.9976938684042245 -0.00010861336915111462 0.0678743924595289
vn -0.99769309770237 -8.176235549423424e-7 0.06788580703196116
f 322/322/322 323/323/323 324/324/324
f 324/324/324 325/325/325 322/322/322
f 323/323/323 326/326/326 327/327/327
f 327/327/327 324/324/324 323/323/323
f 326/326/326 328/328/328 329/329/329
f 329/329/329 327/327/327 326/326/326
f 328/328/328 330/330/330 331/331/331
f 331/331/331 329/329/329 328/328/328
f 330/330/330 332/332/332 333/333/333
f 333/333/333 331/331/331 330/330/330
f 332/332/332 334/334/334 335/335/335
f 335/335/335 333/333/333 332/332/332
f 334/334/334 336/336/336 337/337/337
f 337/337/337 335/335/335 334/334/334
f 336/336/336 338/338/338 339/339/339
f 339/339/339 337/337/337 336/336/336
f 338/338/338 340/340/340 341/341/341
f 341/341/341 339/339/339 338/338/338
f 342/342/342 343/343/343 344/344/344
f 344/344/344 345/345/345 342/342/342
f 343/343/343 346/346/346 347/347/347
f 347/347/347 344/344/344 343/343/343
f 346/346/346 348/348/348 349/349/349
f 349/349/349 347/347/347 346/346/346
f 348/348/348 350/350/350 351/351/351
f 351/351/351 349/349/349 348/348/348
f 350/350/350 352/352/352 353/353/353
f 353/353/353 351/351/351 350/350/350
f 352/352/352 354/354/354 355/355/355
f 355/355/355 353/353/353 352/352/352
f 354/354/354 356/356/356 357/357/357
f 357/357/357 355/355/355 354/354/354
f 356/356/356 358/358/358 359/359/359
f 359/359/359 357/357/357 356/356/356
f 358/358/358 360/360/360 361/361/361
f 361/361/361 359/359/359 358/358/358
f 344/344/344 347/347/347 349/349/349
f 349/349/349 351/351/351 353/353/353
f 353/353/353 355/355/355 357/357/357
f 357/357/357 359/359/359 361/361/361
f 353/353/353 357/357/357 361/361/361
f 349/349/349 353/353/353 361/361/361
f 344/344/344 349/349/349 361/361/361
f 345/345/345 344/344/344 361/361/361
f 362/362/362 363/363/363 364/364/364
f 364/364/364 365/365/365 362/362/362
f 365/365/365 364/364/364 366/366/366
f 366/366/366 367/367/367 365/365/365
f 367/367/367 366/366/366 368/368/368
f 368/368/368 369/369/369 367/367/367
f 369/369/369 368/368/368 370/370/370
f 370/370/370 371/371/371 369/369/369
f 371/371/371 370/370/370 372/372/372
f 372/372/372 373/373/373 371/371/371
f 373/373/373 372/372/372 374/374/374
f 374/374/374 375/375/375 373/373/373
f 375/375/375 374/374/374 376/376/376
f 376/376/376 377/377/377 375/375/375
f 377/377/377 376/376/376 378/378/378
f 378/378/378 379/379/379 377/377/377
f 379/379/379 378/378/378 380/380/380
f 380/380/380 381/381/381 379/379/379
f 342/342/342 345/345/345 382/382/382
f 382/382/382 383/383/383 342/342/342
f 383/383/383 382/382/382 384/384/384
f 384/384/384 385/385/385 383/383/383
f 385/385/385 384/384/384 386/386/386
f 386/386/386 387/387/387 385/385/385
f 387/387/387 386/386/386 388/388/388
f 388/388/388 389/389/389 387/387/387
f 389/389/389 388/388/388 390/390/390
f 390/390/390 391/391/391 389/389/389
f 391/391/391 390/390/390 392/392/392
f 392/392/392 393/393/393 391/391/391
f 393/393/393 392/392/392 394/394/394
f 394/394/394 395/395/395 393/393/393
f 395/395/395 394/394/394 396/396/396
f 396/396/396 397/397/397 395/395/395
f 397/397/397 396/396/396 361/361/361
f 361/361/361 360/360/360 397/397/397
f 361/361/361 396/396/396 394/394/394
f 394/394/394 392/392/392 390/390/390
f 361/361/361 394/394/394 390/390/390
f 390/390/390 388/388/388 386/386/386
f 361/361/361 390/390/390 386/386/386
f 386/386/386 384/384/384 382/382/382
f 361/361/361 386/386/386 382/382/382
f 345/345/345 361/361/361 382/382/382
o defaultMaterial_5
usemtl 03___Default
v 0.44862301387411163 -0.0000025940415195205416 -0.08610359802241883
v 0.4490740113753569 -0.023873894803263414 -0.07947739436622224
v 0.43755299978436873 -0.023874592791594946 -0.07869290038343034
v 0.437102002283154 -0.000002593537920089142 -0.08531970008607469
v 0.4502450034015443 -0.042749294458888865 -0.06226249634619318
v 0.43872399181058663 -0.04274929395528943 -0.06147869526739679
v 0.4502450034015443 -0.042749294458888865 -0.06226249634619318
v 0.45181400573523756 -0.0549440956494223 -0.039209397876220575
v 0.4402920106676411 -0.05494409514577988 -0.03842559679742419
v 0.43872399181058663 -0.04274929395528943 -0.06147869526739679
v 0.4535580075826147 -0.060810492897867656 -0.01356829646374547
v 0.4420369959916571 -0.06081049239426822 -0.01278449724759423
v 0.4553530014600256 -0.06081049297632934 0.012802303402167921
v 0.4438310063924292 -0.06081049247268692 0.01358620320115722
v 0.45709700382025953 -0.05494409588034951 0.038442803180259826
v 0.4455759922293019 -0.054944095376750074 0.03922660425905622
v 0.45866600722005624 -0.04274929482698267 0.061496602004808554
v 0.4471440121524598 -0.04274929432334025 0.06228040308360495
v 0.45866600722005624 -0.04274929482698267 0.061496602004808554
v 0.459837000896353 -0.023874593765659646 0.07871070281271376
v 0.44831598930539535 -0.023874593262060213 0.07949460074905791
v 0.4471440121524598 -0.04274929432334025 0.06228040308360495
v 0.46028800048452423 -0.0000025945514123384177 0.08533760682348647
v 0.4487660054169278 -0.000002594047769917887 0.08612140045170226
v 0.9735110224095888 -0.0068075670547401166 -0.07404069825406645
v 0.9733509842358207 -0.0000026169781085122875 -0.07597419842477415
v 0.9806359831295585 -0.0000026172965459410887 -0.07350649907584761
v 0.980778020728796 -0.006162617176243749 -0.07175799682136152
v 0.9785309854946708 -0.0000026172045335820666 -0.011904396483260133
v 0.9783789933530397 -0.006807567267525906 -0.01383849642570589
v 0.9851839960705929 -0.006162617368835069 -0.01725919767613981
v 0.9853250209293937 -0.0000026175015103142557 -0.015509996929722766
v 0.9783789933530397 -0.006807567267525906 -0.01383849642570589
v 0.9779400048827896 -0.01278951687201127 -0.019405097135859473
v 0.9847770153192951 -0.01157931750186301 -0.02229429631825064
v 0.9851839960705929 -0.006162617368835069 -0.01725919767613981
v 0.9779400048827896 -0.01278951687201127 -0.019405097135859473
v 0.9772649820867653 -0.01722641675039207 -0.027930396044212324
v 0.984153014117378 -0.015600317591650575 -0.03000959604378317
v 0.9847770153192951 -0.01157931750186301 -0.02229429631825064
v 0.9764290268406096 -0.019586917109149306 -0.03838229774828528
v 0.9833879884081872 -0.01773931684897457 -0.039472798252063734
v 0.9755300099834624 -0.019586917069852026 -0.049502497905450804
v 0.9825740273791345 -0.0177393168133952 -0.049543695890861494
v 0.9746759947363014 -0.017226416637223824 -0.059952898317533476
v 0.9818079885779798 -0.015600317489146242 -0.0590074978708801
v 0.9739730177497635 -0.012789516698608736 -0.0684754945277748
v 0.9811850010065509 -0.011579317344851061 -0.06672209724183653
v 0.9739730177497635 -0.012789516698608736 -0.0684754945277748
v 0.9735110224095888 -0.0068075670547401166 -0.07404069825406645
v 0.980778020728796 -0.006162617176243749 -0.07175799682136152
v 0.9811850010065509 -0.011579317344851061 -0.06672209724183653
v 0.9888210121594047 -0.000002617654324938594 -0.06943599357600783
v 0.9889390291304676 -0.0051635677837473925 -0.06797079964871977
v 0.9926310004325001 -0.0051635679451286 -0.02230809665616129
v 0.9927500311337089 -0.000002617826067830335 -0.02084289714093779
v 0.9922900020613472 -0.009702267914773566 -0.026527095952588068
v 0.9926310004325001 -0.0051635679451286 -0.02230809665616129
v 0.9917670307608177 -0.013071417643874997 -0.03299099802370642
v 0.9922900020613472 -0.009702267914773566 -0.026527095952588068
v 0.9911259827279058 -0.014863917411409964 -0.04092009588475798
v 0.9904439863823857 -0.014863917381598955 -0.049358697974639876
v 0.9898029981108238 -0.013071417558024394 -0.057287896418529494
v 0.9892800271048348 -0.009702267783203369 -0.0637517966270027
v 0.9889390291304676 -0.0051635677837473925 -0.06797079964871977
v 0.9892800271048348 -0.009702267783203369 -0.0637517966270027
v 0.9971729937992667 -0.000002618019401667219 -0.06328769996162031
v 0.99725900313902 -0.00372378791772243 -0.062231595063167555
v 0.9999210061793338 -0.0037237880340822904 -0.029309695953088744
v 1.0000060025654411 -0.0000026181432364262288 -0.02825289628799532
v 0.9996750176673143 -0.006995968235991417 -0.032351496064620955
v 0.9999210061793338 -0.0037237880340822904 -0.029309695953088744
v 0.9992980181829559 -0.00942448822470858 -0.03701189755793188
v 0.9996750176673143 -0.006995968235991417 -0.032351496064620955
v 0.9988360225247992 -0.010717118303274235 -0.04272839649911497
v 0.9983439861821783 -0.010717118281766642 -0.048812097305017454
v 0.9978809773580356 -0.009425178272795542 -0.054529296600776656
v 0.9975049913649766 -0.006995968141136545 -0.059189698094087584
v 0.99725900313902 -0.00372378791772243 -0.062231595063167555
v 0.9975049913649766 -0.006995968141136545 -0.059189698094087584
v 0.4518390122852902 -0.0000025941820952920286 -0.038844997429805614
v 0.45199601061910927 -0.006877674245446428 -0.03652509524818025
v 0.45133800486459025 -0.013249494562205057 -0.04620279594655595
v 0.4510339919529538 -0.0000025941469067316467 -0.05067199691529832
v 0.45245100241073105 -0.01292349445683733 -0.02984669654961191
v 0.45203201114254576 -0.022480194914036584 -0.03600529804225527
v 0.4531470056516315 -0.017410695127402568 -0.019614197680312022
v 0.4529200008900526 -0.028207694676286303 -0.02294619604344927
v 0.4540009910952725 -0.019798595070174656 -0.0070617565825160595
v 0.4539289881934962 -0.03102879373348068 -0.008115806983369219
v 0.45490999173041957 -0.01979859510990834 0.006295813346696272
v 0.45498199365042064 -0.031028793779509015 0.007349173171860349
v 0.4557640071851398 -0.01741069524179535 0.018847502401513234
v 0.455991011002815 -0.028207694810524434 0.022179502627295625
v 0.4564600108183238 -0.012923494632076675 0.029080003133458272
v 0.45687900125103575 -0.022480195125905274 0.03523870334629453
v 0.45691500313848793 -0.0068776744604624445 0.035759204632085935
v 0.45757300833596476 -0.013249494834745747 0.04543680474762358
v 0.45707200207334564 -0.0000025944108365669306 0.03807840273384489
v 0.4578769926033597 -0.0000025944460238246114 0.04990610257391371
v 0.4490740113753569 -0.023873894803263414 -0.07947739436622224
v 0.44862301387411163 -0.0000025940415195205416 -0.08610359802241883
v 0.44941501059156463 -0.0000025940761388005693 -0.07447389736171327
v 0.449760001476664 -0.018278393320959947 -0.0694008938908156
v 0.46028800048452423 -0.0000025945514123384177 0.08533760682348647
v 0.459837000896353 -0.023874593765659646 0.07871070281271376
v 0.4591510112842201 -0.018279094086030182 0.06863430664543547
v 0.4594960037670712 -0.00000259451679305839 0.0737079061627809
v 0.45866600722005624 -0.04274929482698267 0.061496602004808554
v 0.4581930149557047 -0.03372959585863944 0.05454240143899358
v 0.45709700382025953 -0.05494409588034951 0.038442803180259826
v 0.4568300052782162 -0.044323796141953996 0.03451470435265935
v 0.4553530014600256 -0.06081049297632934 0.012802303402167921
v 0.455266992448498 -0.0495803930263093 0.011539303331119188
v 0.4535580075826147 -0.060810492897867656 -0.01356829646374547
v 0.4536439877735865 -0.04958039295536551 -0.012305897095757357
v 0.45181400573523756 -0.0549440956494223 -0.039209397876220575
v 0.45208100520573696 -0.04432379593436859 -0.03528129532332979
v 0.4502450034015443 -0.042749294458888865 -0.06226249634619318
v 0.45071799645442295 -0.03372959553189596 -0.05530899613495432
v 0.44047499922882843 -0.002286723766892873 -0.03574129789467416
v 0.4403170172176938 -0.000002593678452871498 -0.03806119635100923
v 0.439230007310925 -0.0000025936309381557776 -0.04563959538336358
v 0.44007499202248596 -0.012244193749198202 -0.04161589815612397
v 0.445550990482388 -0.000002593907237135531 0.038862203812641286
v 0.4453930082715683 -0.0022867239818659007 0.03654300198559203
v 0.4457930146074011 -0.012244193999140935 0.04241700247530379
v 0.446639013668118 -0.000002593954796142892 0.045580504095596455
v 0.4449389996045238 -0.004295133667033588 0.029863902932447575
v 0.4451040145830363 -0.015288793636215292 0.0322924047768537
v 0.44424299610232226 -0.0057858038929269676 0.019631404063147687
v 0.44432200157034035 -0.01696439378802275 0.0207920033544723
v 0.44338901051964935 -0.0065785838153363235 0.0070796432964924765
v 0.44341300089828334 -0.01780879412437053 0.007432373339724915
v 0.44248000988450226 -0.006578583775602639 -0.006277916853832821
v 0.44245598872176967 -0.017808794082538194 -0.006630636652516944
v 0.44162599456881396 -0.005785803778534185 -0.01883029601867757
v 0.4415469881235325 -0.016964393666723046 -0.019990297400909286
v 0.44092999119693105 -0.004295133491794245 -0.029062796750622608
v 0.4407639917806834 -0.015288793446506849 -0.031491397315221645
v 0.437102002283154 -0.000002593537920089142 -0.08531970008607469
v 0.43755299978436873 -0.023874592791594946 -0.07869290038343034
v 0.438238006409037 -0.018279093171893638 -0.06861639990802369
v 0.4378930155239682 -0.0000025935724963800385 -0.07368999942536912
v 0.43872399181058663 -0.04274929395528943 -0.06147869526739679
v 0.4391970146657877 -0.03372959502829783 -0.05452519505615793
v 0.4402920106676411 -0.05494409514577988 -0.03842559679742419
v 0.4405599936147793 -0.044323795430769156 -0.0344974979698237
v 0.4420369959916571 -0.06081049239426822 -0.01278449724759423
v 0.44212300598495125 -0.04958039245176738 -0.011522096948283543
v 0.4438310063924292 -0.06081049247268692 0.01358620320115722
v 0.44374499738090156 -0.04958039252266688 0.012323103478593002
v 0.4455759922293019 -0.054944095376750074 0.03922660425905622
v 0.44530899368725857 -0.04432379563835456 0.03529850170616545
v 0.4471440121524598 -0.04274929432334025 0.06228040308360495
v 0.44667099008578587 -0.033729595354995714 0.055326202517789975
v 0.44831598930539535 -0.023874593262060213 0.07949460074905791
v 0.44762999969326245 -0.01827909358243075 0.06941810027365126
v 0.4487660054169278 -0.000002594047769917887 0.08612140045170226
v 0.4479749921761136 -0.0000025940131936269903 0.07449180409912505
v 0.4510339919529538 -0.0000025941469067316467 -0.05067199691529832
v 0.45133800486459025 -0.013249494562205057 -0.04620279594655595
v 0.44771201590432413 -0.01324949440370804 -0.0459565952360209
v 0.4474080029926877 -0.000002593988409713895 -0.05042519643302522
v 0.45133800486459025 -0.013249494562205057 -0.04620279594655595
v 0.45203201114254576 -0.022480194914036584 -0.03600529804225527
v 0.44840500890331847 -0.022480194755495272 -0.035758497559982165
v 0.44771201590432413 -0.01324949440370804 -0.0459565952360209
v 0.4529200008900526 -0.028207694676286303 -0.02294619604344927
v 0.44929401192978646 -0.028207694517789286 -0.02269929684098326
v 0.4539289881934962 -0.03102879373348068 -0.008115806983369219
v 0.4503029992332301 -0.031028793574983664 -0.007868966454225409
v 0.45498199365042064 -0.031028793779509015 0.007349173171860349
v 0.45135499141119334 -0.031028793620967707 0.007596013235342872
v 0.455991011002815 -0.028207694810524434 0.022179502627295625
v 0.45236400876358773 -0.028207694651983126 0.022426403692406786
v 0.45687900125103575 -0.022480195125905274 0.03523870334629453
v 0.45325301229076964 -0.022480194967408256 0.03548550382856763
v 0.45757300833596476 -0.013249494834745747 0.04543680474762358
v 0.45394698957337626 -0.013249494676247427 0.04568370208744444
v 0.45757300833596476 -0.013249494834745747 0.04543680474762358
v 0.4578769926033597 -0.0000025944460238246114 0.04990610257391371
v 0.45425100364309356 -0.0000025942875268068596 0.0501522027016107
v 0.45394698957337626 -0.013249494676247427 0.04568370208744444
v 0.449760001476664 -0.018278393320959947 -0.0694008938908156
v 0.44941501059156463 -0.0000025940761388005693 -0.07447389736171327
v 0.44578800835233734 -0.0000025939175974909852 -0.07422770037646852
v 0.4461329992374367 -0.018278393162418638 -0.06915409340854249
v 0.4594960037670712 -0.00000259451679305839 0.0737079061627809
v 0.4591510112842201 -0.018279094086030182 0.06863430664543547
v 0.4555249925216316 -0.01827909392753186 0.06888109967712798
v 0.4558700148068051 -0.000002594358296040638 0.07395480350260177
v 0.4581930149557047 -0.03372959585863944 0.05454240143899358
v 0.4545660127164774 -0.033729595700098126 0.054789201921266684
v 0.4581930149557047 -0.03372959585863944 0.05454240143899358
v 0.4568300052782162 -0.044323796141953996 0.03451470435265935
v 0.4532039865156277 -0.04432379598345568 0.034761504834932455
v 0.4545660127164774 -0.033729595700098126 0.054789201921266684
v 0.455266992448498 -0.0495803930263093 0.011539303331119188
v 0.4516399902092707 -0.049580392867768 0.011786102882069716
v 0.4536439877735865 -0.04958039295536551 -0.012305897095757357
v 0.4500179988133204 -0.04958039279686849 -0.012059096613484255
v 0.45208100520573696 -0.04432379593436859 -0.03528129532332979
v 0.44845498644314846 -0.04432379577587026 -0.03503449856634699
v 0.45071799645442295 -0.03372959553189596 -0.05530899613495432
v 0.44709200749415684 -0.033729595373398945 -0.055062195652681216
v 0.45071799645442295 -0.03372959553189596 -0.05530899613495432
v 0.44709200749415684 -0.033729595373398945 -0.055062195652681216
v 0.44007499202248596 -0.012244193749198202 -0.04161589815612397
v 0.439230007310925 -0.0000025936309381557776 -0.04563959538336358
v 0.4428559962711911 -0.000002593789435173531 -0.0458802975654181
v 0.44370199426171325 -0.01224419390773951 -0.041856596612888194
v 0.446639013668118 -0.000002593954796142892 0.045580504095596455
v 0.4457930146074011 -0.012244193999140935 0.04241700247530379
v 0.4494200168466284 -0.012244194157682246 0.04217630401853957
v 0.4502660159073453 -0.0000025941133374524772 0.045339902496379994
v 0.4457930146074011 -0.012244193999140935 0.04241700247530379
v 0.4451040145830363 -0.015288793636215292 0.0322924047768537
v 0.4487309870199412 -0.0152887937947553 0.032052402949375294
v 0.4494200168466284 -0.012244194157682246 0.04217630401853957
v 0.44432200157034035 -0.01696439378802275 0.0207920033544723
v 0.44794799053060647 -0.016964393946519767 0.020551303035062925
v 0.44341300089828334 -0.01780879412437053 0.007432373339724915
v 0.44703898985854945 -0.017808794282867548 0.007191723311734574
v 0.44245598872176967 -0.017808794082538194 -0.006630636652516944
v 0.44608299096099696 -0.017808794241079506 -0.006871296925055607
v 0.4415469881235325 -0.016964393666723046 -0.019990297400909286
v 0.445173006886121 -0.016964393825221365 -0.020230897137480598
v 0.4407639917806834 -0.015288793446506849 -0.031491397315221645
v 0.44439099401991067 -0.015288793605048158 -0.03173199518914781
v 0.44007499202248596 -0.012244193749198202 -0.04161589815612397
v 0.44370199426171325 -0.01224419390773951 -0.041856596612888194
v 0.4378930155239682 -0.0000025935724963800385 -0.07368999942536912
v 0.438238006409037 -0.018279093171893638 -0.06861639990802369
v 0.4418650086482643 -0.018279093330434946 -0.06885709836478791
v 0.4415199879608731 -0.0000025937310363869227 -0.07393069788213334
v 0.4391970146657877 -0.03372959502829783 -0.05452519505615793
v 0.4428239871026926 -0.03372959518683784 -0.05476519688363634
v 0.4391970146657877 -0.03372959502829783 -0.05452519505615793
v 0.4405599936147793 -0.044323795430769156 -0.0344974979698237
v 0.4441860123773678 -0.044323795589267474 -0.034738095843749865
v 0.4428239871026926 -0.03372959518683784 -0.05476519688363634
v 0.44212300598495125 -0.04958039245176738 -0.011522096948283543
v 0.44575000822417854 -0.049580392610308686 -0.011762696684854855
v 0.44374499738090156 -0.04958039252266688 0.012323103478593002
v 0.44737199962012886 -0.049580392681208195 0.012083103513759743
v 0.44530899368725857 -0.04432379563835456 0.03529850170616545
v 0.44893501244984707 -0.04432379579685289 0.03505850360397734
v 0.44667099008578587 -0.033729595354995714 0.055326202517789975
v 0.45029799232501316 -0.03372959551353702 0.05508560464386381
v 0.44667099008578587 -0.033729595354995714 0.055326202517789975
v 0.44762999969326245 -0.01827909358243075 0.06941810027365126
v 0.45125700193248974 -0.018279093740972058 0.0691775061250154
v 0.45029799232501316 -0.03372959551353702 0.05508560464386381
v 0.4479749921761136 -0.0000025940131936269903 0.07449180409912505
v 0.4516019944153409 -0.0000025941717349365756 0.07425110564236083
v 0.9999210061793338 -0.0037237880340822904 -0.029309695953088744
v 0.9996750176673143 -0.006995968235991417 -0.032351496064620955
v 0.9992980181829559 -0.00942448822470858 -0.03701189755793188
v 0.9988360225247992 -0.010717118303274235 -0.04272839649911497
v 0.9983439861821783 -0.010717118281766642 -0.048812097305017454
v 0.9978809773580356 -0.009425178272795542 -0.054529296600776656
v 0.9975049913649766 -0.006995968141136545 -0.059189698094087584
v 0.99725900313902 -0.00372378791772243 -0.062231595063167555
v 0.9971729937992667 -0.000002618019401667219 -0.06328769996162031
v 1.0000060025654411 -0.0000026181432364262288 -0.02825289628799532
v 0.43755300187132523 0.023869405676327216 -0.07869290038343034
v 0.44907401346225234 0.023868706680796825 -0.07947739436622224
v 0.438723995547622 0.04274410673765024 -0.06147869526739678
v 0.4502450071385796 0.04274410623405081 -0.062262496346193165
v 0.4502450071385796 0.04274410623405081 -0.062262496346193165
v 0.438723995547622 0.04274410673765024 -0.06147869526739678
v 0.4402920154707799 0.05493890779106007 -0.03842559679742416
v 0.45181401053837633 0.05493890728741765 -0.03920939787622055
v 0.4420370013076526 0.06080530488699691 -0.012784497247594203
v 0.45355801289861025 0.06080530438339748 -0.013568296463745442
v 0.4438310117084247 0.060805304808578216 0.013586203201157247
v 0.45535300677602114 0.060805304304935796 0.01280230340216795
v 0.44557599703244066 0.05493890756008987 0.03922660425905625
v 0.4570970086233983 0.05493890705649044 0.03844280318025985
v 0.44714401588949515 0.042744106369599424 0.06228040308360496
v 0.4586660109570916 0.042744105865957005 0.06149660200480857
v 0.4586660109570916 0.042744105865957005 0.06149660200480857
v 0.44714401588949515 0.042744106369599424 0.06228040308360496
v 0.44831599139235184 0.02386940520586195 0.07949460074905791
v 0.4598370029833095 0.023869404702262516 0.07871070281271376
v 0.9735110230044964 0.0068023330845320825 -0.07404069825406645
v 0.9807780212673204 0.006157382570734522 -0.07175799682136152
v 0.9851839966091173 0.006157382378143202 -0.01725919767613981
v 0.9783789939479474 0.006802332871746293 -0.013838496425705886
v 0.9783789939479474 0.006802332871746293 -0.013838496425705886
v 0.9851839966091173 0.006157382378143202 -0.01725919767613981
v 0.9847770163313624 0.011574082546750514 -0.022294296318250632
v 0.9779400060006559 0.012784282514609228 -0.019405097135859466
v 0.9779400060006559 0.012784282514609228 -0.019405097135859466
v 0.9847770163313624 0.011574082546750514 -0.022294296318250632
v 0.9841530154809723 0.015595082691089987 -0.030009596043783164
v 0.9772649835925177 0.01722118245200238 -0.027930396044212318
v 0.9833879899587789 0.017734082015294653 -0.03947279825206372
v 0.9764290285527236 0.019581682883841146 -0.03838229774828526
v 0.9825740289297261 0.017734082050874022 -0.04954369589086148
v 0.9755300116955764 0.019581682923138426 -0.04950249790545079
v 0.9818079899415741 0.01559508279359432 -0.0590074978708801
v 0.9746759962420538 0.017221182565170627 -0.05995289831753346
v 0.9811850020186182 0.011574082703762463 -0.06672209724183653
v 0.9739730188676298 0.012784282688011761 -0.0684754945277748
v 0.9739730188676298 0.012784282688011761 -0.0684754945277748
v 0.9811850020186182 0.011574082703762463 -0.06672209724183653
v 0.9807780212673204 0.006157382570734522 -0.07175799682136152
v 0.9735110230044964 0.0068023330845320825 -0.07404069825406645
v 0.9889390295816523 0.005158332464780124 -0.06797079964871977
v 0.9926310008836847 0.005158332303398916 -0.02230809665616129
v 0.9926310008836847 0.005158332303398916 -0.02230809665616129
v 0.9922900029093176 0.009697032302854892 -0.02652709595258806
v 0.9922900029093176 0.009697032302854892 -0.02652709595258806
v 0.9917670319033285 0.013066182077675917 -0.03299099802370642
v 0.9911259840271218 0.014858681901253083 -0.04092009588475798
v 0.9904439876816018 0.014858681931064092 -0.049358697974639876
v 0.9898029992533346 0.01306618216352652 -0.057287896418529494
v 0.9892800279528051 0.00969703243442509 -0.0637517966270027
v 0.9892800279528051 0.00969703243442509 -0.0637517966270027
v 0.9889390295816523 0.005158332464780124 -0.06797079964871977
v 0.9972590034643352 0.0037185518713999054 -0.062231595063167555
v 0.9999210065046489 0.003718551755040045 -0.029309695953088744
v 0.9999210065046489 0.003718551755040045 -0.029309695953088744
v 0.9996750182786923 0.00699073197845416 -0.032351496064620955
v 0.9996750182786923 0.00699073197845416 -0.032351496064620955
v 0.999298019006642 0.00941925200012966 -0.03701189755793188
v 0.9988360234614906 0.010711882119084257 -0.04272839649911497
v 0.9983439871188697 0.01071188214059185 -0.048812097305017454
v 0.997880978181782 0.009419942172098277 -0.054529296600776656
v 0.9975049919763547 0.006990732073309032 -0.059189698094087584
v 0.9975049919763547 0.006990732073309032 -0.059189698094087584
v 0.9972590034643352 0.0037185518713999054 -0.062231595063167555
v 0.4513380060226711 0.01324430624181389 -0.04620279594655595
v 0.45199601122014793 0.006872485867530586 -0.03652509524818025
v 0.4520320131076001 0.022475006532973414 -0.03600529804225525
v 0.45245100354031204 0.012918306039144815 -0.029846696549611904
v 0.45292000335582083 0.028202506217592578 -0.022946196043449257
v 0.45314700717349604 0.017405506648863495 -0.019614197680312015
v 0.45392899090589284 0.03102360518657846 -0.008115806983369205
v 0.4540009928258939 0.019793406516977783 -0.007061756582516051
v 0.4549819963628173 0.031023605140550126 0.007349173171860363
v 0.454909993461041 0.019793406477244098 0.006295813346696281
v 0.4559910134685833 0.028202506083354447 0.02217950262729564
v 0.45576400870700434 0.017405506534470712 0.01884750240151324
v 0.4568790032160901 0.022475006321104725 0.035238703346294545
v 0.4564600119479048 0.012918305863905471 0.02908000313345828
v 0.4575730094940456 0.0132443059692732 0.04543680474762358
v 0.4569150037395266 0.0068724856525145695 0.035759204632085935
v 0.44907401346225234 0.023868706680796825 -0.07947739436622224
v 0.4497600030743852 0.018273205138522212 -0.0694008938908156
v 0.45915101288200244 0.018273905082604198 0.06863430664543547
v 0.4598370029833095 0.023869404702262516 0.07871070281271376
v 0.4581930179042129 0.0337244069389641 0.054542401438993596
v 0.4586660109570916 0.042744105865957005 0.06149660200480857
v 0.4568300091528989 0.04431860734143673 0.03451470435265937
v 0.4570970086233983 0.05493890705649044 0.03844280318025985
v 0.455266996782727 0.049575204362434955 0.01153930333111921
v 0.45535300677602114 0.060805304304935796 0.01280230340216795
v 0.4536439921078155 0.04957520443337875 -0.012305897095757336
v 0.45355801289861025 0.06080530438339748 -0.013568296463745442
v 0.45208100908041965 0.044318607549022136 -0.03528129532332978
v 0.45181401053837633 0.05493890728741765 -0.03920939787622055
v 0.45071799940293117 0.03372440726570758 -0.055308996134954304
v 0.4502450071385796 0.04274410623405081 -0.062262496346193165
v 0.4404749994285135 0.002281536396175894 -0.03574129789467416
v 0.44007499309268067 0.012239006413450928 -0.04161589815612397
v 0.439230007310925 -0.0000025936309381557776 -0.04563959538336358
v 0.4403170172176938 -0.000002593678452871498 -0.03806119635100923
v 0.4457930156775958 0.012239006163508195 0.04241700247530379
v 0.44539300847125335 0.0022815361812028663 0.03654300198559203
v 0.4451040159193984 0.015283605860816842 0.0322924047768537
v 0.44493899997978953 0.0042899459060612485 0.029863902932447575
v 0.4443220030531881 0.01695920608099005 0.020792003354472306
v 0.4442429966079066 0.005780616192801189 0.019631404063147687
v 0.4434130024549509 0.0178036064968052 0.0074323733397249235
v 0.4433890110945407 0.00657339618986834 0.00707964329649248
v 0.44245599027843724 0.017803606538637537 -0.006630636652516935
v 0.4424800104593936 0.0065733962296020245 -0.0062779168538328175
v 0.4415469896063802 0.016959206202289752 -0.01999029740090928
v 0.4416259950743983 0.005780616307193971 -0.01883029601867757
v 0.4407639931170455 0.015283606050525285 -0.031491397315221645
v 0.44092999157219676 0.0042899460813005915 -0.029062796750622608
v 0.43823800800681934 0.018273905996740742 -0.06861639990802369
v 0.43755300187132523 0.023869405676327216 -0.07869290038343034
v 0.4391970176142959 0.03372440776930571 -0.05452519505615792
v 0.438723995547622 0.04274410673765024 -0.06147869526739678
v 0.440559997489462 0.04431860805262157 -0.03449749796982369
v 0.4402920154707799 0.05493890779106007 -0.03842559679742416
v 0.4421230103191802 0.049575204936976876 -0.011522096948283522
v 0.4420370013076526 0.06080530488699691 -0.012784497247594203
v 0.44374500171513054 0.049575204866077374 0.012323103478593023
v 0.4438310117084247 0.060805304808578216 0.013586203201157247
v 0.44530899756194126 0.04431860784503616 0.03529850170616546
v 0.44557599703244066 0.05493890756008987 0.03922660425905625
v 0.4466709930342941 0.03372440744260782 0.05532620251778999
v 0.44714401588949515 0.042744106369599424 0.06228040308360496
v 0.4476300012910448 0.01827390558620363 0.06941810027365126
v 0.44831599139235184 0.02386940520586195 0.07949460074905791
v 0.447712017062405 0.013244306400310907 -0.0459565952360209
v 0.4513380060226711 0.01324430624181389 -0.04620279594655595
v 0.4513380060226711 0.01324430624181389 -0.04620279594655595
v 0.447712017062405 0.013244306400310907 -0.0459565952360209
v 0.4484050108683728 0.022475006691514726 -0.03575849755998215
v 0.4520320131076001 0.022475006532973414 -0.03600529804225525
v 0.4492940143955547 0.028202506376089596 -0.022699296840983246
v 0.45292000335582083 0.028202506217592578 -0.022946196043449257
v 0.4503030019456267 0.031023605345075478 -0.007868966454225395
v 0.45392899090589284 0.03102360518657846 -0.008115806983369205
v 0.45135499412359 0.031023605299091435 0.007596013235342886
v 0.4549819963628173 0.031023605140550126 0.007349173171860363
v 0.452364011229356 0.028202506241895756 0.0224264036924068
v 0.4559910134685833 0.028202506083354447 0.02217950262729564
v 0.453253014255824 0.022475006479601742 0.03548550382856765
v 0.4568790032160901 0.022475006321104725 0.035238703346294545
v 0.4539469907314571 0.01324430612777152 0.04568370208744444
v 0.4575730094940456 0.0132443059692732 0.04543680474762358
v 0.4575730094940456 0.0132443059692732 0.04543680474762358
v 0.4539469907314571 0.01324430612777152 0.04568370208744444
v 0.4497600030743852 0.018273205138522212 -0.0694008938908156
v 0.4461330008351579 0.01827320529706352 -0.06915409340854249
v 0.4594960037670712 -0.00000259451679305839 0.0737079061627809
v 0.4558700148068051 -0.000002594358296040638 0.07395480350260177
v 0.45552499411941394 0.01827390524110252 0.06888109967712798
v 0.45915101288200244 0.018273905082604198 0.06863430664543547
v 0.4545660156649856 0.03372440709750541 0.0547892019212667
v 0.4581930179042129 0.0337244069389641 0.054542401438993596
v 0.4581930179042129 0.0337244069389641 0.054542401438993596
v 0.4545660156649856 0.03372440709750541 0.0547892019212667
v 0.4532039903903104 0.04431860749993505 0.03476150483493247
v 0.4568300091528989 0.04431860734143673 0.03451470435265937
v 0.4516399945434997 0.04957520452097626 0.011786102882069736
v 0.455266996782727 0.049575204362434955 0.01153930333111921
v 0.45001800314754936 0.04957520459187577 -0.012059096613484234
v 0.4536439921078155 0.04957520443337875 -0.012305897095757336
v 0.44845499031783115 0.04431860770752046 -0.035034498566346974
v 0.45208100908041965 0.044318607549022136 -0.03528129532332978
v 0.44709201044266506 0.03372440742420459 -0.0550621956526812
v 0.45071799940293117 0.03372440726570758 -0.055308996134954304
v 0.45071799940293117 0.03372440726570758 -0.055308996134954304
v 0.44709201044266506 0.03372440742420459 -0.0550621956526812
v 0.44007499309268067 0.012239006413450928 -0.04161589815612397
v 0.44370199533190796 0.01223900625490962 -0.041856596612888194
v 0.4428559962711911 -0.000002593789435173531 -0.0458802975654181
v 0.439230007310925 -0.0000025936309381557776 -0.04563959538336358
v 0.4494200179168231 0.012239006004966885 0.04217630401853957
v 0.4457930156775958 0.012239006163508195 0.04241700247530379
v 0.4457930156775958 0.012239006163508195 0.04241700247530379
v 0.4494200179168231 0.012239006004966885 0.04217630401853957
v 0.4487309883563033 0.015283605702276834 0.032052402949375294
v 0.4451040159193984 0.015283605860816842 0.0322924047768537
v 0.4479479920134542 0.01695920592249303 0.02055130303506293
v 0.4443220030531881 0.01695920608099005 0.020792003354472306
v 0.447038991415217 0.017803606338308183 0.007191723311734582
v 0.4434130024549509 0.0178036064968052 0.0074323733397249235
v 0.44608299251766453 0.017803606380096225 -0.006871296925055598
v 0.44245599027843724 0.017803606538637537 -0.006630636652516935
v 0.4451730083689687 0.016959206043791433 -0.02023089713748059
v 0.4415469896063802 0.016959206202289752 -0.01999029740090928
v 0.4443909953562728 0.015283605891983977 -0.03173199518914781
v 0.4407639931170455 0.015283606050525285 -0.031491397315221645
v 0.44370199533190796 0.01223900625490962 -0.041856596612888194
v 0.44007499309268067 0.012239006413450928 -0.04161589815612397
v 0.44186501024604663 0.018273905838199433 -0.06885709836478791
v 0.43823800800681934 0.018273905996740742 -0.06861639990802369
v 0.4428239900512008 0.0337244076107657 -0.054765196883636326
v 0.4391970176142959 0.03372440776930571 -0.05452519505615792
v 0.4391970176142959 0.03372440776930571 -0.05452519505615792
v 0.4428239900512008 0.0337244076107657 -0.054765196883636326
v 0.4441860162520505 0.04431860789412325 -0.03473809584374985
v 0.440559997489462 0.04431860805262157 -0.03449749796982369
v 0.4457500125584075 0.04957520477843557 -0.011762696684854834
v 0.4421230103191802 0.049575204936976876 -0.011522096948283522
v 0.44737200395435783 0.04957520470753606 0.012083103513759763
v 0.44374500171513054 0.049575204866077374 0.012323103478593023
v 0.44893501632452976 0.044318607686537836 0.03505850360397735
v 0.44530899756194126 0.04431860784503616 0.03529850170616546
v 0.4502979952735214 0.03372440728406652 0.05508560464386383
v 0.4466709930342941 0.03372440744260782 0.05532620251778999
v 0.4466709930342941 0.03372440744260782 0.05532620251778999
v 0.4502979952735214 0.03372440728406652 0.05508560464386383
v 0.4512570035302721 0.018273905427662322 0.0691775061250154
v 0.4476300012910448 0.01827390558620363 0.06941810027365126
v 0.9972590034643352 0.0037185518713999054 -0.062231595063167555
v 0.9975049919763547 0.006990732073309032 -0.059189698094087584
v 0.997880978181782 0.009419942172098277 -0.054529296600776656
v 0.9983439871188697 0.01071188214059185 -0.048812097305017454
v 0.9988360234614906 0.010711882119084257 -0.04272839649911497
v 0.999298019006642 0.00941925200012966 -0.03701189755793188
v 0.9996750182786923 0.00699073197845416 -0.032351496064620955
v 0.9999210065046489 0.003718551755040045 -0.029309695953088744
vt 0.4946019947528839 0.3883399963378906
vt 0.49441200494766235 0.3530229926109314
vt 0.4773299992084503 0.3530219793319702
vt 0.4775199890136719 0.3883399963378906
vt 0.4939180016517639 0.3250970244407654
vt 0.47683700919151306 0.3250970244407654
vt 0.3853690028190613 0.4892079830169678
vt 0.3847079873085022 0.4550290107727051
vt 0.36762699484825134 0.45535898208618164
vt 0.3682880103588104 0.4895380139350891
vt 0.38397300243377686 0.4170140027999878
vt 0.366892009973526 0.41734397411346436
vt 0.3832170069217682 0.37791699171066284
vt 0.36613601446151733 0.3782470226287842
vt 0.38248199224472046 0.33990198373794556
vt 0.3654009997844696 0.3402320146560669
vt 0.38182199001312256 0.30572301149368286
vt 0.3647400140762329 0.3060529828071594
vt 0.5491930246353149 0.5257250070571899
vt 0.5486990213394165 0.4978010058403015
vt 0.5316179990768433 0.4978010058403015
vt 0.5321109890937805 0.5257250070571899
vt 0.5485090017318726 0.4624829888343811
vt 0.5314279794692993 0.4624829888343811
vt 0.5697540044784546 0.9763389006257057
vt 0.579820990562439 0.9763265997171402
vt 0.579820990562439 0.9659071005880833
vt 0.5707070231437683 0.9659241996705532
vt 0.2511189877986908 0.24612301588058472
vt 0.26118600368499756 0.24609798192977905
vt 0.26023200154304504 0.23562699556350708
vt 0.2511189877986908 0.23564398288726807
vt 0.2727000117301941 0.41373199224472046
vt 0.27445998787879944 0.4257109761238098
vt 0.28557100892066956 0.42514699697494507
vt 0.28399500250816345 0.4143030047416687
vt 0.7001950144767761 0.8418820053339005
vt 0.7002990245819092 0.85453300178051
vt 0.7107189893722534 0.8567090034484863
vt 0.710644006729126 0.8452589958906174
vt 0.7004150152206421 0.870046004652977
vt 0.710811972618103 0.8707560002803802
vt 0.7005239725112915 0.8865500018000603
vt 0.7109100222587585 0.8857029974460602
vt 0.7006120085716248 0.9020626991987228
vt 0.7110030055046082 0.8997500017285347
vt 0.7006750106811523 0.914714403450489
vt 0.7110779881477356 0.9112003967165947
vt 0.29887598752975464 0.4103040099143982
vt 0.3109839856624603 0.4102640151977539
vt 0.3087410032749176 0.39917999505996704
vt 0.2977829873561859 0.39923298358917236
vt 0.579820990562439 0.9543693996965885
vt 0.5721849799156189 0.9543837010860443
vt 0.2587539851665497 0.2239999771118164
vt 0.2511189877986908 0.2240149974822998
vt 0.29853299260139465 0.4248949885368347
vt 0.29721200466156006 0.4158080220222473
vt 0.7223259806632996 0.8601219952106476
vt 0.722262978553772 0.8505280017852783
vt 0.7224029898643494 0.8718910068273544
vt 0.7224860191345215 0.8844150006771088
vt 0.7225639820098877 0.8961839973926544
vt 0.7226269841194153 0.9057784974575043
vt 0.3052879869937897 0.38633298873901367
vt 0.2961060106754303 0.3863769769668579
vt 0.579820990562439 0.9428520016372204
vt 0.5743150115013123 0.9428622983396053
vt 0.2566240131855011 0.21235400438308716
vt 0.2511189877986908 0.21236497163772583
vt 0.3124539852142334 0.4252240061759949
vt 0.31150200963020325 0.41867297887802124
vt 0.733942985534668 0.8650770038366318
vt 0.7338969707489014 0.8581590056419373
vt 0.7339990139007568 0.8735619932413101
vt 0.7340580224990845 0.882592000067234
vt 0.7341139912605286 0.891076996922493
vt 0.7341600060462952 0.8979939967393875
vt 0.3003309965133667 0.37262797355651855
vt 0.29371100664138794 0.37265902757644653
vt 0.046401698142290115 0.36631298065185547
vt 0.05657299980521202 0.3697519898414612
vt 0.06599940359592438 0.35540300607681274
vt 0.046401698142290115 0.34877699613571167
vt 0.0655175969004631 0.3796539902687073
vt 0.07965680211782455 0.37052297592163086
vt 0.07215649634599686 0.3948240280151367
vt 0.08812969923019409 0.38988399505615234
vt 0.07568900287151337 0.4134340286254883
vt 0.09230329841375351 0.4118720293045044
vt 0.07568900287151337 0.43323802947998047
vt 0.09230329841375351 0.43480002880096436
vt 0.07215649634599686 0.45184797048568726
vt 0.08812969923019409 0.45678800344467163
vt 0.0655175969004631 0.4670180082321167
vt 0.07965680211782455 0.4761490225791931
vt 0.05657299980521202 0.4769200086593628
vt 0.06599940359592438 0.49126899242401123
vt 0.046401698142290115 0.4803590178489685
vt 0.046401698142290115 0.4978950023651123
vt 0.3425210118293762 0.7551449984312057
vt 0.3072049915790558 0.7453210055828094
vt 0.3072049915790558 0.7625630050897598
vt 0.33424198627471924 0.7700839936733246
vt 0.3072049915790558 0.9994999999762513
vt 0.3425230085849762 0.9896747004240751
vt 0.3342429995536804 0.9747356008738279
vt 0.3072049915790558 0.9822576995939016
vt 0.3704470098018646 0.9641530998051167
vt 0.35710299015045166 0.9538431987166405
vt 0.3884879946708679 0.9299741014838219
vt 0.37277600169181824 0.9241503998637199
vt 0.39716699719429016 0.8919589966535568
vt 0.3805530071258545 0.8900870010256767
vt 0.39716699719429016 0.8528620004653931
vt 0.3805530071258545 0.8547340035438538
vt 0.3884879946708679 0.814847007393837
vt 0.37277600169181824 0.8206699937582016
vt 0.3704470098018646 0.7806680053472519
vt 0.35710299015045166 0.7909779995679855
vt 0.1318349987268448 0.3772450089454651
vt 0.13521400094032288 0.3738059997558594
vt 0.13521400094032288 0.362496018409729
vt 0.11710300296545029 0.36853599548339844
vt 0.13521400094032288 0.4878529906272888
vt 0.1318349987268448 0.4844139814376831
vt 0.11710300296545029 0.49312299489974976
vt 0.13521400094032288 0.4978950023651123
vt 0.12886400520801544 0.474511981010437
vt 0.11259900033473969 0.47811299562454224
vt 0.12665900588035583 0.45934098958969116
vt 0.11011999845504761 0.4610610008239746
vt 0.12548500299453735 0.4407320022583008
vt 0.10887099802494049 0.44125497341156006
vt 0.12548500299453735 0.4209280014038086
vt 0.10887099802494049 0.42040497064590454
vt 0.12665900588035583 0.40231800079345703
vt 0.11011999845504761 0.4005979895591736
vt 0.12886400520801544 0.3871470093727112
vt 0.11259900033473969 0.38354700803756714
vt 0.3072049915790558 0.490339994430542
vt 0.27188700437545776 0.5001649856567383
vt 0.28016600012779236 0.5151039958000183
vt 0.3072049915790558 0.5075820088386536
vt 0.24396200478076935 0.5256870090961456
vt 0.2573060095310211 0.5359970033168793
vt 0.22592100501060486 0.5598660111427307
vt 0.24163299798965454 0.5656900107860565
vt 0.21724200248718262 0.5978809893131256
vt 0.2338559925556183 0.5997529923915863
vt 0.21724200248718262 0.6369780004024506
vt 0.2338559925556183 0.6351059973239899
vt 0.22592100501060486 0.6749930083751678
vt 0.24163299798965454 0.6691699922084808
vt 0.24396200478076935 0.7091720104217529
vt 0.2573060095310211 0.6988619863986969
vt 0.27188700437545776 0.7346940040588379
vt 0.28016600012779236 0.7197549939155579
vt 0.3072049915790558 0.7445189952850342
vt 0.3072049915790558 0.727277010679245
vt 0.6085219979286194 0.1512330174446106
vt 0.6083930134773254 0.13163602352142334
vt 0.6030169725418091 0.13163602352142334
vt 0.6031450033187866 0.1512330174446106
vt 0.467631995677948 0.4490950107574463
vt 0.46792399883270264 0.4642149806022644
vt 0.4733000099658966 0.46411097049713135
vt 0.47300800681114197 0.44899100065231323
vt 0.4682979881763458 0.4835759997367859
vt 0.4736739993095398 0.48347198963165283
vt 0.46872401237487793 0.5055640041828156
vt 0.4740999937057495 0.5054599940776825
vt 0.46916699409484863 0.5284920036792755
vt 0.4745430052280426 0.5283879935741425
vt 0.46959200501441956 0.5504800081253052
vt 0.47496798634529114 0.5503759980201721
vt 0.46996599435806274 0.5698409974575043
vt 0.4753429889678955 0.5697369873523712
vt 0.47025901079177856 0.5849609971046448
vt 0.47563499212265015 0.5848569869995117
vt 0.01893880032002926 0.07071298360824585
vt 0.018810700625181198 0.05111497640609741
vt 0.013434500433504581 0.05111497640609741
vt 0.013562600128352642 0.07071298360824585
vt 0.4006730020046234 0.3152199983596802
vt 0.4005280137062073 0.3422579765319824
vt 0.40590399503707886 0.3422579765319824
vt 0.4060499966144562 0.3152199983596802
vt 0.5980610251426697 0.4526379704475403
vt 0.5982069969177246 0.42559897899627686
vt 0.5928300023078918 0.42559897899627686
vt 0.5926849842071533 0.4526379704475403
vt 0.5986109972000122 0.4027400016784668
vt 0.5932340025901794 0.4027400016784668
vt 0.4379740059375763 0.2857229709625244
vt 0.43843701481819153 0.315418004989624
vt 0.4438129961490631 0.3153340220451355
vt 0.44335100054740906 0.28564000129699707
vt 0.4389669895172119 0.34948402643203735
vt 0.44434401392936707 0.34939998388290405
vt 0.439518004655838 0.3848389983177185
vt 0.4448949992656708 0.38475602865219116
vt 0.4400489926338196 0.41890501976013184
vt 0.44542500376701355 0.41882097721099854
vt 0.44051098823547363 0.44859999418258667
vt 0.4458880126476288 0.44851601123809814
vt 0.401077002286911 0.29235899448394775
vt 0.4064539968967438 0.29235899448394775
vt 0.5345510244369507 0.1463260054588318
vt 0.5338230133056641 0.16443800926208496
vt 0.5391989946365356 0.16443800926208496
vt 0.5399270057678223 0.1463260054588318
vt 0.5031819939613342 0.2113170027732849
vt 0.5023429989814758 0.2294279932975769
vt 0.5077189803123474 0.2294279932975769
vt 0.5085579752922058 0.2113170027732849
vt 0.4458880126476288 0.7099469900131226
vt 0.44559699296951294 0.6949360072612762
vt 0.44022101163864136 0.695048987865448
vt 0.4405120015144348 0.7100600004196167
vt 0.44526800513267517 0.6778840124607086
vt 0.4398919939994812 0.6779980063438416
vt 0.4448849856853485 0.6580780148506165
vt 0.43950900435447693 0.6581909954547882
vt 0.4444819986820221 0.6372280120849609
vt 0.43910500407218933 0.6373409926891327
vt 0.4440990090370178 0.6174210011959076
vt 0.43872299790382385 0.6175340116024017
vt 0.44376900792121887 0.6003699898719788
vt 0.4383929967880249 0.6004830002784729
vt 0.4434790015220642 0.5853590071201324
vt 0.43810299038887024 0.5854719877243042
vt 0.4356510043144226 0.3422579765319824
vt 0.4357970058917999 0.315218985080719
vt 0.43042099475860596 0.315218985080719
vt 0.43027499318122864 0.3422579765319824
vt 0.4362010061740875 0.29235899448394775
vt 0.43082499504089355 0.29235899448394775
vt 0.47563499212265015 0.44851601123809814
vt 0.4751720130443573 0.41882097721099854
vt 0.46979600191116333 0.41889601945877075
vt 0.4702579975128174 0.4485909938812256
vt 0.4746420085430145 0.38475602865219116
vt 0.46926501393318176 0.3848299980163574
vt 0.4740909934043884 0.34939998388290405
vt 0.46871399879455566 0.34947502613067627
vt 0.47356000542640686 0.3153340220451355
vt 0.4681839942932129 0.31540900468826294
vt 0.4730980098247528 0.28564000129699707
vt 0.46772098541259766 0.28571397066116333
vt 0.4356510043144226 0.49235302209854126
vt 0.4360550045967102 0.46949297189712524
vt 0.43067899346351624 0.46949297189712524
vt 0.43027499318122864 0.49235302209854126
vt 0.4362010061740875 0.4424539804458618
vt 0.43082499504089355 0.4424539804458618
vt 0.05337350070476532 0.44997602701187134
vt 0.05821479856967926 0.4454609751701355
vt 0.06180800125002861 0.43854397535324097
vt 0.06372009962797165 0.430059015750885
vt 0.06372000277042389 0.4210289716720581
vt 0.06180810183286667 0.41254401206970215
vt 0.0582147017121315 0.40562599897384644
vt 0.05337360128760338 0.40111100673675537
vt 0.04786830022931099 0.39954400062561035
vt 0.04786830022931099 0.45154398679733276
vt 0.4773299992084503 0.42365801334381104
vt 0.49441200494766235 0.42365598678588867
vt 0.47683700919151306 0.45158201456069946
vt 0.4939180016517639 0.45158201456069946
vt 0.017582500353455544 0.08496397733688354
vt 0.0005000000237487257 0.08522999286651611
vt 0.0010323399910703301 0.11941099166870117
vt 0.018114900216460228 0.1191449761390686
vt 0.0016246100421994925 0.15742897987365723
vt 0.018707100301980972 0.15716302394866943
vt 0.0022334700915962458 0.19652897119522095
vt 0.01931600086390972 0.19626301527023315
vt 0.0028256699442863464 0.2345460057258606
vt 0.019908100366592407 0.23427999019622803
vt 0.003357949899509549 0.26872801780700684
vt 0.02044050022959709 0.26846200227737427
vt 0.5491930246353149 0.39924097061157227
vt 0.5321109890937805 0.39924097061157227
vt 0.5316179990768433 0.4271649718284607
vt 0.5486990213394165 0.4271649718284607
vt 0.5898879766464233 0.9763389006257057
vt 0.5889340043067932 0.9659241996705532
vt 0.24200500547885895 0.23562699556350708
vt 0.24105100333690643 0.24609798192977905
vt 0.2933099865913391 0.4103040099143982
vt 0.2911739945411682 0.3991990089416504
vt 0.28021499514579773 0.3991469740867615
vt 0.2812039852142334 0.41022801399230957
vt 0.34715598821640015 0.19267600774765015
vt 0.3576050102710724 0.18929898738861084
vt 0.35767999291419983 0.17784899473190308
vt 0.3472599983215332 0.18002402782440186
vt 0.3577730059623718 0.16380202770233154
vt 0.3473759889602661 0.16451197862625122
vt 0.35787099599838257 0.14885401725769043
vt 0.3474850058555603 0.14800798892974854
vt 0.35796400904655457 0.1348080039024353
vt 0.34757301211357117 0.1324949860572815
vt 0.358038991689682 0.12335699796676636
vt 0.34763601422309875 0.1198430061340332
vt 0.46401000022888184 0.8606500029563904
vt 0.4751259982585907 0.8601920008659363
vt 0.47365298867225647 0.8493330031633377
vt 0.4623650014400482 0.8486550003290176
vt 0.587457001209259 0.9543837010860443
vt 0.24348300695419312 0.2239999771118164
vt 0.2878429889678955 0.38631999492645264
vt 0.2786619961261749 0.3862760066986084
vt 0.36922401189804077 0.18402999639511108
vt 0.36928701400756836 0.17443597316741943
vt 0.3693639934062958 0.16266697645187378
vt 0.3694469928741455 0.15014201402664185
vt 0.3695240020751953 0.1383730173110962
vt 0.3695879876613617 0.12877899408340454
vt 0.48809000849723816 0.8600630015134811
vt 0.48685500025749207 0.8509649932384491
vt 0.5853260159492493 0.9428622983396053
vt 0.2456129938364029 0.21235400438308716
vt 0.28301799297332764 0.3725680112838745
vt 0.2763980031013489 0.3725360035896301
vt 0.38085800409317017 0.17639797925949097
vt 0.3809039890766144 0.16948097944259644
vt 0.38095998764038086 0.16099601984024048
vt 0.3810189962387085 0.15196597576141357
vt 0.381074994802475 0.14348101615905762
vt 0.3811210095882416 0.13656401634216309
vt 0.5020080208778381 0.8605259954929352
vt 0.501118004322052 0.8539659976959229
vt 0.02680400013923645 0.35540300607681274
vt 0.03623029962182045 0.3697519898414612
vt 0.01314650010317564 0.37052297592163086
vt 0.027285700663924217 0.3796539902687073
vt 0.004673650022596121 0.38988399505615234
vt 0.020646799355745316 0.3948240280151367
vt 0.0005000000237487257 0.4118720293045044
vt 0.01711440086364746 0.4134340286254883
vt 0.0005000039818696678 0.43480002880096436
vt 0.01711440086364746 0.43323802947998047
vt 0.004673650022596121 0.45678800344467163
vt 0.020646799355745316 0.45184797048568726
vt 0.01314650010317564 0.4761490225791931
vt 0.027285700663924217 0.4670180082321167
vt 0.02680400013923645 0.49126899242401123
vt 0.03623029962182045 0.4769200086593628
vt 0.27188798785209656 0.7551449984312057
vt 0.28016701340675354 0.7700839936733246
vt 0.28016600012779236 0.9747356008738279
vt 0.27188700437545776 0.9896747004240751
vt 0.2573060095310211 0.9538431987166405
vt 0.24396200478076935 0.9641530998051167
vt 0.24163299798965454 0.9241503998637199
vt 0.22592100501060486 0.9299741014838219
vt 0.2338559925556183 0.8900870010256767
vt 0.21724200248718262 0.8919589966535568
vt 0.2338559925556183 0.8547340035438538
vt 0.21724200248718262 0.8528620004653931
vt 0.24163299798965454 0.8206699937582016
vt 0.22592100501060486 0.814847007393837
vt 0.2573060095310211 0.7909779995679855
vt 0.24396200478076935 0.7806680053472519
vt 0.13859300315380096 0.3772450089454651
vt 0.15332600474357605 0.36853599548339844
vt 0.13521400094032288 0.362496018409729
vt 0.13521400094032288 0.3738059997558594
vt 0.15332600474357605 0.49312299489974976
vt 0.13859300315380096 0.4844139814376831
vt 0.15782999992370605 0.47811299562454224
vt 0.1415639966726303 0.474511981010437
vt 0.16030900180339813 0.4610610008239746
vt 0.1437699943780899 0.45934098958969116
vt 0.16155800223350525 0.44125497341156006
vt 0.1449429988861084 0.4407320022583008
vt 0.16155800223350525 0.42040497064590454
vt 0.1449429988861084 0.4209280014038086
vt 0.16030900180339813 0.4005979895591736
vt 0.1437699943780899 0.40231800079345703
vt 0.15782999992370605 0.38354700803756714
vt 0.1415639966726303 0.3871470093727112
vt 0.3342440128326416 0.5151039958000183
vt 0.3425230085849762 0.5001649856567383
vt 0.35710299015045166 0.5359970033168793
vt 0.3704470098018646 0.5256870090961456
vt 0.37277600169181824 0.5656900107860565
vt 0.3884879946708679 0.5598660111427307
vt 0.3805530071258545 0.5997529923915863
vt 0.39716699719429016 0.5978809893131256
vt 0.3805530071258545 0.6351059973239899
vt 0.39716699719429016 0.6369780004024506
vt 0.37277600169181824 0.6691699922084808
vt 0.3884879946708679 0.6749930083751678
vt 0.35710299015045166 0.6988619863986969
vt 0.3704470098018646 0.7091720104217529
vt 0.3342429995536804 0.7197549939155579
vt 0.3425230085849762 0.7346940040588379
vt 0.6030169725418091 0.17083102464675903
vt 0.6083930134773254 0.17083102464675903
vt 0.44051098823547363 0.5849579870700836
vt 0.4458880126476288 0.5848749876022339
vt 0.4456520080566406 0.5697540044784546
vt 0.44027599692344666 0.5698379874229431
vt 0.4453510046005249 0.5503909885883331
vt 0.43997400999069214 0.550475001335144
vt 0.4450080096721649 0.5284030139446259
vt 0.43963199853897095 0.5284860134124756
vt 0.4446510076522827 0.5054720044136047
vt 0.43927401304244995 0.5055559873580933
vt 0.44430801272392273 0.48348402976989746
vt 0.43893200159072876 0.4835669994354248
vt 0.444007009267807 0.4641209840774536
vt 0.43863001465797424 0.46420401334762573
vt 0.44377100467681885 0.4490000009536743
vt 0.4383949935436249 0.44908398389816284
vt 0.01893880032002926 0.03151702880859375
vt 0.013562600128352642 0.03151702880859375
vt 0.4006730020046234 0.36929500102996826
vt 0.4060499966144562 0.36929500102996826
vt 0.539376974105835 0.1648390293121338
vt 0.5340009927749634 0.1648390293121338
vt 0.5341460108757019 0.19187700748443604
vt 0.5395230054855347 0.19187700748443604
vt 0.5345500111579895 0.21473699808120728
vt 0.5399270057678223 0.21473699808120728
vt 0.5752279758453369 0.07704699039459229
vt 0.5698519945144653 0.07715100049972534
vt 0.5704259872436523 0.10684400796890259
vt 0.5758020281791687 0.10673999786376953
vt 0.5710840225219727 0.14090698957443237
vt 0.5764610171318054 0.14080297946929932
vt 0.5717679858207703 0.17625999450683594
vt 0.5771440267562866 0.17615598440170288
vt 0.572426974773407 0.2103239893913269
vt 0.5778030157089233 0.21021997928619385
vt 0.5730010271072388 0.24001598358154297
vt 0.5783770084381104 0.2399119734764099
vt 0.401077002286911 0.3921560049057007
vt 0.4064539968967438 0.3921560049057007
vt 0.5932350158691406 0.40233898162841797
vt 0.5986109972000122 0.40233898162841797
vt 0.5978829860687256 0.384227991104126
vt 0.592507004737854 0.384227991104126
vt 0.5077189803123474 0.19320601224899292
vt 0.5023429989814758 0.19320601224899292
vt 0.47369399666786194 0.5853610038757324
vt 0.4683170020580292 0.5854359865188599
vt 0.46855100989341736 0.6004480123519897
vt 0.4739280045032501 0.6003729999065399
vt 0.46881699562072754 0.6175000071525574
vt 0.4741939902305603 0.6174249947071075
vt 0.46912500262260437 0.6373080015182495
vt 0.47450199723243713 0.6372329890727997
vt 0.4694499969482422 0.658160001039505
vt 0.47482699155807495 0.6580849885940552
vt 0.4697589874267578 0.6779670119285583
vt 0.4751349985599518 0.6778930127620697
vt 0.4700239896774292 0.6950199902057648
vt 0.47540101408958435 0.6949450075626373
vt 0.4702579975128174 0.7100319862365723
vt 0.47563499212265015 0.7099570035934448
vt 0.43042099475860596 0.3692970275878906
vt 0.4357970058917999 0.3692970275878906
vt 0.43082499504089355 0.3921560049057007
vt 0.4362010061740875 0.3921560049057007
vt 0.3893199861049652 0.4895380139350891
vt 0.3946959972381592 0.48942500352859497
vt 0.39412200450897217 0.4597330093383789
vt 0.3887459933757782 0.45984601974487305
vt 0.39346298575401306 0.42566901445388794
vt 0.3880870044231415 0.4257820248603821
vt 0.39278000593185425 0.3903160095214844
vt 0.3874039947986603 0.3904290199279785
vt 0.39212098717689514 0.3562530279159546
vt 0.38674500584602356 0.35636597871780396
vt 0.39154699444770813 0.32656002044677734
vt 0.38617101311683655 0.3266729712486267
vt 0.4356510043144226 0.39255601167678833
vt 0.43027499318122864 0.39255601167678833
vt 0.43067899346351624 0.41541600227355957
vt 0.4360550045967102 0.41541600227355957
vt 0.0423629991710186 0.40111100673675537
vt 0.03752179816365242 0.40562599897384644
vt 0.03392840176820755 0.41254401206970215
vt 0.03201650083065033 0.4210289716720581
vt 0.03201650083065033 0.430059015750885
vt 0.03392849862575531 0.43854397535324097
vt 0.03752170130610466 0.4454609751701355
vt 0.0423629991710186 0.44997602701187134
vn -0.06788630392034553 7.890775248285102e-9 -0.9976930638929161
vn -0.059380525048848394 -0.4846450244664663 -0.8726930465546412
vn -0.05937420196294577 -0.4846678432853803 -0.8726808040895373
vn -0.06788026850264116 2.967141119795468e-9 -0.9976934745441653
vn -0.041507622281008724 -0.7912666942832791 -0.610060764031411
vn -0.04150524736701964 -0.7912672540305945 -0.6100601996031909
vn -0.041507622281008724 -0.7912666942832791 -0.610060764031411
vn -0.02359573807341193 -0.9376418887250973 -0.3468009943076913
vn -0.02359573807341193 -0.9376418887250973 -0.3468009943076913
vn -0.04150524736701964 -0.7912672540305945 -0.6100601996031909
vn -0.007601112767300165 -0.9937108809769986 -0.1117179847321646
vn -0.007601132323944361 -0.9937108808292724 -0.11171798471555658
vn 0.007601094873497544 -0.9937107704447042 0.1117189691096208
vn 0.007601104651819717 -0.9937107703708414 0.11171896910131664
vn 0.023595555575309554 -0.9376418930132162 0.3468009951307596
vn 0.023595555575309554 -0.9376418930132162 0.3468009951307596
vn 0.04150686362020977 -0.7912688974266034 0.6100579580971801
vn 0.04150678847844052 -0.791269410332314 0.610057297950412
vn 0.04150686362020977 -0.7912688974266034 0.6100579580971801
vn 0.05937585074079315 -0.4846607848446846 0.8726846119776269
vn 0.059375950969027834 -0.48466078195019846 0.8726846067657809
vn 0.04150678847844052 -0.791269410332314 0.610057297950412
vn 0.06788033186929023 -2.9671438896397855e-9 0.9976934702328742
vn 0.06788056515262618 -2.96715408677869e-9 0.9976934543608873
vn 0.30421578607716127 -0.443983727746606 -0.8428114884110697
vn 0.3208110758597828 -1.4023097882804037e-8 -0.947143206492919
vn 0.37902306022040755 -2.152426574769808e-8 -0.9253872269602368
vn 0.36020600346620607 -0.4458120212280138 -0.8194530351371556
vn 0.46881000799096356 -2.049233734961368e-8 0.883299030004852
vn 0.4356700344988384 -0.44398509925384344 0.7829871344283608
vn 0.4871820998274896 -0.44581211070914717 0.750936191398932
vn 0.5227710511408632 -2.5329379682910053e-8 0.8524731245553003
vn 0.4356700344988384 -0.44398509925384344 0.7829871344283608
vn 0.36714802144503655 -0.7451020889091307 0.5567990727832123
vn 0.4152140911605638 -0.7392211841338416 0.5302351359816396
vn 0.4871820998274896 -0.44581211070914717 0.750936191398932
vn 0.36714802144503655 -0.7451020889091307 0.5567990727832123
vn 0.3069729991684884 -0.8983611869826703 0.3141890442147704
vn 0.35274400682778717 -0.8871841653627529 0.29744902483732166
vn 0.4152140911605638 -0.7392211841338416 0.5302351359816396
vn 0.2684819056243914 -0.9592268384343356 0.08832518768485356
vn 0.31331394876550517 -0.9462249990729358 0.08057679962860792
vn 0.25080392213898023 -0.9592268668430282 -0.1303119739939953
vn 0.2962989677311252 -0.9462249959132966 -0.12986600336635967
vn 0.25250905474879215 -0.898360346835271 -0.35942713378914937
vn 0.30037400291405325 -0.88718320549087 -0.35025907307068177
vn 0.2729288200222113 -0.7451005392338572 -0.6085515965262916
vn 0.3246357505161617 -0.7392214881944508 -0.5900535745831811
vn 0.2729288200222113 -0.7451005392338572 -0.6085515965262916
vn 0.30421578607716127 -0.443983727746606 -0.8428114884110697
vn 0.36020600346620607 -0.4458120212280138 -0.8194530351371556
vn 0.3246357505161617 -0.7392214881944508 -0.5900535745831811
vn 0.513519097878966 -2.2446633433148434e-8 -0.8580781643379423
vn 0.4914671430908619 -0.4124821498757115 -0.767019245714224
vn 0.6083120809739438 -0.4124811049571305 0.6780971539495609
vn 0.6447058030486753 -3.3128695245674e-8 0.7644307866088084
vn 0.5323270367259534 -0.6940080901295037 0.4847480756076954
vn 0.6083120809739438 -0.4124811049571305 0.6780971539495609
vn 0.46394100806178074 -0.8431181104755725 0.2718650268547219
vn 0.5323270367259534 -0.6940080901295037 0.4847480756076954
vn 0.42080887367579717 -0.9046587572689143 0.06717458397616176
vn 0.4045499717132432 -0.9046590330241274 -0.13390800705956565
vn 0.41423812679692207 -0.8431153060793958 -0.3428751302769329
vn 0.44753505817033795 -0.6940101573628956 -0.5639700995492591
vn 0.4914671430908619 -0.4124821498757115 -0.767019245714224
vn 0.44753505817033795 -0.6940101573628956 -0.5639700995492591
vn 0.5928079465217707 -2.591245924039211e-8 -0.8053438635394454
vn 0.5653897620689499 -0.4069648400883653 -0.717435736410912
vn 0.6733038205757362 -0.4069599480261369 0.617288883668482
vn 0.7144908311829677 -3.123138761744576e-8 0.6996448042796224
vn 0.5923093132613877 -0.6774234287471639 0.436196258131887
vn 0.6733038205757362 -0.4069599480261369 0.617288883668482
vn 0.5239761789939886 -0.8171353096848246 0.24028909570171003
vn 0.5923093132613877 -0.6774234287471639 0.436196258131887
vn 0.4826881523414251 -0.8741693147863235 0.053293120336782636
vn 0.4678558385771196 -0.8741698582896111 -0.13014596869369874
vn 0.4785681012585211 -0.817131251417573 -0.32135508462534845
vn 0.5145389292765612 -0.6774229642602179 -0.5256879471243652
vn 0.5653897620689499 -0.4069648400883653 -0.717435736410912
vn 0.5145389292765612 -0.6774229642602179 -0.5256879471243652
vn 0.9976935694490922 -4.361033308966065e-8 -0.06787887359059311
vn 0.9976937657246384 -0.000009275788421024175 -0.06787598800864589
vn 0.9976935355615669 -0.000008551646989067418 -0.06787937113387019
vn 0.9976934364257997 -4.3610567009016166e-8 -0.06788082875802821
vn 0.9976934772968666 -5.319278229472111e-7 -0.06788022804177832
vn 0.9976933147743638 -5.25556727702154e-7 -0.06788261673113359
vn 0.9976932809630545 0.0000025496201092788535 -0.06788311361947827
vn 0.9976933213299218 0.000002954000413246679 -0.06788252031961652
vn 0.9976934679844606 -5.463323080317456e-7 -0.06788036491387973
vn 0.9976934838565005 -3.175977250800162e-7 -0.06788013163052829
vn 0.9976932334886761 3.6355353344350296e-7 -0.06788381140432312
vn 0.9976932264242285 1.3169948887733067e-7 -0.06788391523178026
vn 0.9976934772955413 0.0000017148302451104779 -0.06788022804168146
vn 0.9976934772955538 0.0000017074901681328314 -0.06788022804168234
vn 0.9976934500490906 -9.865039905534866e-7 -0.06788062851925898
vn 0.997693457113726 1.6993552914071206e-7 -0.06788052469179004
vn 0.9976933349522397 -0.0000035104817247369694 -0.06788232008081986
vn 0.9976933485793503 -0.0000024971214231770795 -0.06788211984232158
vn 0.9976934364257997 -4.3610567009016166e-8 -0.06788082875802821
vn 0.9976934679846087 -4.361056838849562e-8 -0.06788036491388831
vn 0.9976933551402649 -0.000001962441330382082 -0.06788202343117117
vn 0.9976932198643292 -4.361055754281254e-8 -0.06788401164298527
vn 0.9976932537177133 -4.3610528165794286e-8 -0.06788351409702068
vn 0.9976934228002364 -0.0000018722214112312731 -0.0678810289966456
vn 0.9976934162423555 -4.361056886085959e-8 -0.06788112540799694
vn 0.9976933551421842 6.926047836269004e-8 -0.06788202343129571
vn 0.9976933551421283 3.4191557024534596e-7 -0.0678820234312911
vn 0.9976934679846087 -4.361056838849562e-8 -0.06788036491388831
vn 0.9976934477998879 -0.000001684239611412398 -0.06788066156377612
vn 0.9976934298647624 -0.000001691991302111676 -0.0678809251691778
vn 0.9976933960587162 4.662906052041639e-7 -0.06788142205793884
vn 0.9976933960588246 1.5305157322918736e-8 -0.06788142205794755
vn 0.9976934500493122 7.277497722768095e-7 -0.06788062851926896
vn 0.9976934571132605 9.811198185767758e-7 -0.06788052469175596
vn 0.9976934162418661 -9.911679593492845e-7 -0.06788112540796647
vn 0.997693422801683 -7.783198423073653e-7 -0.06788102899674076
vn 0.9976933349583399 3.1014253724482994e-7 -0.06788232008122357
vn 0.9976933011503276 -5.563356514140014e-8 -0.067882816969823
vn 0.9976935154149912 2.998222380033871e-7 -0.06787966778636244
vn 0.9976935492214943 2.8470525234755937e-7 -0.0678791708975365
vn -0.9953144768699449 0.0011842028574986442 0.09668345151420764
vn -0.9898551757799994 4.3267945723555945e-8 0.1420800161231151
vn -0.992421086354037 -0.010732957502993901 0.12241401465155805
vn -0.9960898623616792 -0.011677355574884725 0.08757068840125001
vn -0.9930038498974479 4.3086968636685785e-8 0.11808198037314946
vn -0.9976936103189368 -6.168551809193712e-7 0.06787827287420387
vn -0.9957865491658556 0.006879970198857133 0.09144295768630785
vn -0.9871429358711399 4.314938994284547e-8 0.15983999549457167
vn -0.9976934228018819 -4.558986181397837e-7 0.06788102899675062
vn -0.9976934364257418 -3.4393562494862465e-7 0.06788082875802312
vn -0.9976934500495154 -3.496066131629022e-7 0.0678806285192839
vn -0.9976934614249865 -3.4143623390157823e-7 0.06788046132512848
vn -0.997693684534404 -2.2798833235422725e-7 0.06787718202837635
vn -0.9976936643072584 -5.077222726893322e-7 0.06787747933518082
vn -0.9976932400486133 1.8219158760013696e-7 0.0678837149931202
vn -0.9976932400486237 1.1135177007480593e-7 0.06788371499312068
vn -0.9976930098976388 -2.61963436956347e-7 0.06788709745836417
vn -0.9976930235227 -7.362254294876607e-9 0.06788689721981324
vn -0.9976933349577685 0.0000011139708623992407 0.06788232008118891
vn -0.9976932940859207 1.2007908674820206e-7 0.06788292079728409
vn -0.9976932739018639 4.3610494286760036e-8 0.06788321744716148
vn -0.9976933283983267 7.853188158615688e-7 0.06788241649243305
vn -0.9976933077097409 8.727788182296678e-7 0.06788272055858366
vn -0.9976932127998039 4.3610557234012294e-8 0.06788411547043358
vn -0.9976933415173221 0.0000012738410496551653 0.06788222366995061
vn -0.997693341517142 0.000001408580981943917 0.06788222366993875
vn -0.9976932809662954 5.29107031834415e-8 0.06788311361970652
vn -0.9976932739018639 4.2735014560768074e-8 0.06788321744716148
vn -0.9976933551415245 0.0000011518208710129794 0.06788202343125446
vn -0.9976933485821666 7.685628131435408e-7 0.06788211984250807
vn -0.997693481605607 0.0000023197894138238846 0.06788016467496635
vn -0.9976934952287222 0.0000025375192843933264 0.0678799644361768
vn -0.9976933889945648 -7.8933475413537e-8 0.06788152588542566
vn -0.9976933889945666 4.857851669794278e-8 0.06788152588542616
vn -0.9976934772961475 0.0000013130410934066582 0.06788022804173172
vn -0.9976934952311285 0.0000012712199754943203 0.06787996443633675
vn -0.9976933485822429 -6.620426643209573e-7 0.067882119842509
vn -0.9976933622063403 -5.577516546275727e-7 0.06788191960380353
vn -0.9976934679846087 4.361056838849562e-8 0.06788036491388831
vn -0.9976934614250437 4.36105681017679e-8 0.0678804613251335
vn -0.06788016467514216 2.9671365813511617e-9 -0.9976934816082922
vn -0.05673581562404117 -0.5490009198733983 -0.8338939004475553
vn -0.056735704928079424 -0.5490028014571613 -0.8338926692197879
vn -0.06788016467514216 2.9671365813511617e-9 -0.9976934816082922
vn -0.05673581562404117 -0.5490009198733983 -0.8338939004475553
vn -0.03683002209226534 -0.8400117073452767 -0.541316802801794
vn -0.03683002209226534 -0.8400117073452767 -0.541316802801794
vn -0.056735704928079424 -0.5490028014571613 -0.8338926692197879
vn -0.02005994034529287 -0.9553379159758527 -0.2948339619044216
vn -0.02005994034529287 -0.9553379159758527 -0.2948339619044216
vn -0.006356394527756013 -0.9956061595672887 -0.09342361200618297
vn -0.00635638434113997 -0.9956061686411387 -0.09342351600009542
vn 0.006356307667252469 -0.99560614175559 0.09342380773329258
vn 0.0063562773417967355 -0.9956061790255523 0.09342341261425988
vn 0.020059856826996215 -0.9553379177295449 0.2948339619044212
vn 0.020059856826996215 -0.9553379177295449 0.2948339619044212
vn 0.03683004910250784 -0.8400117074532635 0.5413168007965019
vn 0.03683004910250784 -0.8400117074532635 0.5413168007965019
vn 0.056736285162436215 -0.5490020545956171 0.8338931214464823
vn 0.056736285162436215 -0.5490020545956171 0.8338931214464823
vn 0.056736285162436215 -0.5490020545956171 0.8338931214464823
vn 0.06788016467514216 -2.9671365813511617e-9 0.9976934816082922
vn 0.06788033186929067 7.046960238435382e-9 0.9976934702328742
vn 0.056736285162436215 -0.5490020545956171 0.8338931214464823
vn 0.05937532043999445 0.48465297919715283 0.8726889830162703
vn 0.06788016467514216 -2.9671365813511617e-9 0.9976934816082922
vn 0.06788022804178637 -2.967139351195267e-9 0.997693477297008
vn 0.059375290064435884 0.4846537493781609 0.8726885573579243
vn -0.06788033186929023 2.9671438896397855e-9 -0.9976934702328742
vn -0.059374951930941694 0.4846608057566932 -0.8726846615166738
vn -0.059374951930941694 0.4846608057566932 -0.8726846615166738
vn -0.06539600625388527 0.2680630697933212 -0.9611792512216557
vn -0.041506562391544675 0.7912689073369165 -0.6100579657379118
vn -0.041506562391544675 0.7912689073369165 -0.6100579657379118
vn -0.041506562391544675 0.7912689073369165 -0.6100579657379118
vn -0.023595555575309554 0.9376418930132162 -0.3468009951307596
vn -0.023595555575309554 0.9376418930132162 -0.3468009951307596
vn -0.041506562391544675 0.7912689073369165 -0.6100579657379118
vn -0.007601025028339096 0.9937107709722929 -0.11171896916893585
vn -0.007601034806661285 0.9937107708984306 -0.11171896916063176
vn 0.007601122545622265 0.9937108809031358 0.1117179847238606
vn 0.007601122545622265 0.9937108809031358 0.1117179847238606
vn 0.023595637546570514 0.9376418909504234 0.34680099513076007
vn 0.023595637546570514 0.9376418909504234 0.34680099513076007
vn 0.041506819508569236 0.7912667074935488 0.6100608015162109
vn 0.041506819508569236 0.7912667074935488 0.6100608015162109
vn 0.041506819508569236 0.7912667074935488 0.6100608015162109
vn 0.041506819508569236 0.7912667074935488 0.6100608015162109
vn -0.06280662070484525 -0.3155680524109253 -0.9468221230480481
vn -0.06280742304251781 -0.3155680185593775 -0.9468220811077794
vn -0.06618940378086406 2.8932310723196295e-9 -0.9978070769578326
vn -0.06280642033271948 -0.31556805639798247 -0.9468221350106838
vn 0.06618850621018674 1.858978781721835e-9 0.9978071364976622
vn 0.06402108010974017 -0.2538069637021005 0.9651338386347785
vn 0.06402108010974017 -0.2538069637021005 0.9651338386347785
vn 0.06618850621018653 -2.893191838257599e-9 0.9978071364976622
vn 0.019020052472982146 -0.9578217304878631 0.2867329248781178
vn 0.014303753039380855 -0.9763697204006209 0.21563295604754285
vn 0.01431376064119574 -0.9763361958638477 0.21578403301082594
vn 0.019020052472982146 -0.9578217304878631 0.2867329248781178
vn 0.006845085686990261 -0.9946379033407675 0.10319198631589455
vn 0.006850844979294317 -0.9946288344359339 0.10327897962162992
vn 0.00208103560256563 -0.9995055833668588 0.03137288812488165
vn 0.0020855271622605915 -0.999503449056694 0.0314405136762787
vn -0.0020856145350353385 -0.9995034457135569 -0.03144061415968555
vn -0.0020811129835828835 -0.9995055895137577 -0.03137268715786789
vn -0.0068509421765789395 -0.9946288337672023 -0.1032789796143818
vn -0.0068451726410009624 -0.9946379027423473 -0.10319198631589499
vn -0.014313845995220266 -0.9763361946124951 -0.21578403301082638
vn -0.014303838396336192 -0.9763697191501434 -0.21563295604754332
vn -0.019020140789931587 -0.9578220103609444 -0.28673198411138245
vn -0.019020140789931587 -0.9578220103609444 -0.28673198411138245
vn 0.0661885062101867 8.003986784116673e-10 0.9978071364976622
vn 0.05789912474605864 0.48455402698834 0.8728431051930373
vn 0.0578913431396467 0.48476714770134927 0.8727252745847262
vn 0.06618850621018653 -2.893191838257599e-9 0.9978071364976622
vn 0.040479945012024246 0.7911792404074324 0.6102432167588115
vn 0.04046454629645925 0.7913581920799934 0.6100121575189351
vn 0.040479945012024246 0.7911792404074324 0.6102432167588115
vn 0.02301553970568388 0.9375960060696218 0.34696399573204967
vn 0.022999137618015215 0.9376877956124424 0.3467169416516968
vn 0.04046454629645925 0.7913581920799934 0.6100121575189351
vn 0.007419526674956058 0.9936973975653162 0.11185004557816511
vn 0.007403705823317187 0.9937242776970031 0.11161202917092387
vn -0.007403628727528467 0.993724278272307 -0.11161202916284275
vn -0.007419429156288277 0.993697287485899 -0.1118510300093891
vn -0.022999055642741142 0.9376877976230874 -0.34671694165169636
vn -0.02301545773843431 0.937596008081701 -0.3469639957320492
vn -0.04046447711372588 0.7913581956175139 -0.6100121575189348
vn -0.040479779146106856 0.7911792470483343 -0.6102432191514404
vn -0.04046447711372588 0.7913581956175139 -0.6100121575189348
vn -0.05789124941549655 0.4847667138991126 -0.8727255217630391
vn -0.05789908238499826 0.484554032050041 -0.8728431051930371
vn -0.040479779146106856 0.7911792470483343 -0.6102432191514404
vn -0.06618850621018653 2.893191838257599e-9 -0.9978071364976622
vn -0.06618850621018653 2.893191838257599e-9 -0.9978071364976622
vn 0.9967471809220075 9.62210897486221e-7 -0.08059191847266717
vn 0.9967481672252434 -0.00001820927178197279 -0.08057971706044069
vn 0.9967471574038563 -0.000001531059416349613 -0.08059220933184473
vn 0.9967472856598139 -0.000018774074320432614 -0.08059062090173881
vn 0.9967471412449347 9.186799480254196e-7 -0.08059240919098007
vn 0.9967475410161851 0.000015783623784448768 -0.0805874632251547
vn 0.996747149622847 0.000001792661061308893 -0.08059230556024684
vn 0.9967473738092834 0.0000029015919981978765 -0.08058953279351849
vn 0.9967471574050241 -4.357399448418236e-8 -0.08059220933193388
vn 0.9967471173050293 -4.3625461225456e-8 -0.0805927052785306
vn -0.059374159591935254 0.48466784847603667 -0.8726808040895371
vn -0.059380482679832765 0.48464502965767553 -0.8726930465546412
vn -0.04150517819223631 0.7912672576590959 -0.6100601996031905
vn -0.041507553106274325 0.791266697911988 -0.6100607640314105
vn -0.041507553106274325 0.791266697911988 -0.6100607640314105
vn -0.04150517819223631 0.7912672576590959 -0.6100601996031905
vn -0.023595656102151162 0.9376418907878987 -0.34680099430769074
vn -0.023595656102151162 0.9376418907878987 -0.34680099430769074
vn -0.007601045450976488 0.9937108814937808 -0.11171798471555613
vn -0.00760102589433228 0.9937108816415052 -0.11171798473216416
vn 0.007601191524777875 0.9937107697063279 0.11171896910131708
vn 0.007601181746455708 0.9937107697801916 0.11171896910962124
vn 0.023595637546570514 0.9376418909504234 0.34680099513076007
vn 0.023595637546570514 0.9376418909504234 0.34680099513076007
vn 0.04150685765341204 0.7912694067036719 0.6100572979504124
vn 0.041506932795136446 0.7912688937979547 0.6100579580971806
vn 0.041506932795136446 0.7912688937979547 0.6100579580971806
vn 0.04150685765341204 0.7912694067036719 0.6100572979504124
vn 0.05937599333942058 0.4846607767593855 0.8726846067657811
vn 0.05937589311118615 0.48466077965388044 0.8726846119776271
vn 0.30421582489145194 0.44398370115121494 -0.8428114884110695
vn 0.36020604244033094 0.4458119897378023 -0.8194530351371554
vn 0.4871821388016218 0.44581206811833146 0.750936191398932
vn 0.4356700733132484 0.44398506116635583 0.782987134428361
vn 0.4356700733132484 0.44398506116635583 0.782987134428361
vn 0.4871821388016218 0.44581206811833146 0.750936191398932
vn 0.4152141557853333 0.7392211478346685 0.53023513598164
vn 0.3671480865839312 0.7451020568120269 0.5567990727832125
vn 0.3671480865839312 0.7451020568120269 0.5567990727832125
vn 0.4152141557853333 0.7392211478346685 0.53023513598164
vn 0.3527440843878919 0.8871841345248875 0.297449024837322
vn 0.30697307770571974 0.8983611601462338 0.31418904421477084
vn 0.31331403148712406 0.946224971682156 0.08057679962860835
vn 0.2684819894826673 0.9592268149628972 0.08832518768485398
vn 0.29629905045274385 0.9462249700100136 -0.12986600336635926
vn 0.2508040059972587 0.9592268449170486 -0.13031197399399486
vn 0.3003740804740743 0.8871831792313364 -0.35025907307068127
vn 0.25250913328595026 0.8983603247602242 -0.3594271337891489
vn 0.32463581514095813 0.7392214598138883 -0.5900535745831809
vn 0.2729288851609709 0.7451005153736584 -0.6085515965262914
vn 0.2729288851609709 0.7451005153736584 -0.6085515965262914
vn 0.32463581514095813 0.7392214598138883 -0.5900535745831809
vn 0.36020604244033094 0.4458119897378023 -0.8194530351371554
vn 0.30421582489145194 0.44398370115121494 -0.8428114884110695
vn 0.4914671791511964 0.4124821069102864 -0.767019245714224
vn 0.6083121170341865 0.4124810517767954 0.6780971539495613
vn 0.6083121170341865 0.4124810517767954 0.6780971539495613
vn 0.5323270973980679 0.6940080435919913 0.4847480756076957
vn 0.5323270973980679 0.6940080435919913 0.4847480756076957
vn 0.4639410817695083 0.8431180699165566 0.2718650268547223
vn 0.42080895276357916 0.9046587204806292 0.06717458397616215
vn 0.40455005080104944 0.9046589976572408 -0.13390800705956526
vn 0.4142382005044046 0.8431152698655442 -0.34287513027693267
vn 0.4475351188426336 0.6940101182381341 -0.5639700995492588
vn 0.4475351188426336 0.6940101182381341 -0.5639700995492588
vn 0.4914671791511964 0.4124821069102864 -0.767019245714224
vn 0.5653901899774152 0.40696511366237953 -0.717435244003993
vn 0.6733038561533038 0.4069598891640432 0.6172888836684822
vn 0.6733038561533038 0.4069598891640432 0.6172888836684822
vn 0.5923093724836248 0.6774233769658342 0.43619625813188734
vn 0.5923093724836248 0.6774233769658342 0.43619625813188734
vn 0.523976250430227 0.8171352638773671 0.24028909570171036
vn 0.48268822876373496 0.87416927258838 0.053293120336783024
vn 0.46785591499947715 0.8741698173883498 -0.13014596869369835
vn 0.47856817269440505 0.8171312095798161 -0.3213550846253481
vn 0.514538988498758 0.6774229192777917 -0.525687947124365
vn 0.514538988498758 0.6774229192777917 -0.525687947124365
vn 0.5653901899774152 0.40696511366237953 -0.717435244003993
vn 0.9976935355623108 0.000008464425846504812 -0.06787937113387019
vn 0.9976937657254455 0.000009188567258340067 -0.06787598800864589
vn 0.997693314774406 4.3833560444140966e-7 -0.06788261673113359
vn 0.9976934772969093 4.447066854782966e-7 -0.06788022804177832
vn 0.9976933213296598 -0.000003041221537080515 -0.06788252031961652
vn 0.9976932809628278 -0.0000026368412295837076 -0.06788311361947827
vn 0.9976934838565245 2.3037658703764104e-7 -0.06788013163052829
vn 0.997693463673207 4.5911165417417465e-7 -0.06788042828053331
vn 0.9976932264242132 -2.1892060441425755e-7 -0.06788391523178026
vn 0.9976932334886406 -4.5077464959802266e-7 -0.06788381140432312
vn 0.9976934772954008 -0.0000017947113056016227 -0.06788022804168234
vn 0.9976934772953876 -0.000001802051382579268 -0.06788022804168146
vn 0.9976934571137074 -2.5715666484515754e-7 -0.06788052469179004
vn 0.997693450049173 8.992828554666469e-7 -0.06788062851925898
vn 0.9976933485795648 0.000002409900296961002 -0.06788211984232158
vn 0.9976933349525425 0.000003423260599712207 -0.06788232008081985
vn 0.9976933551404328 0.0000018752202035924328 -0.06788202343117118
vn 0.9976934228003963 0.0000017850002785266008 -0.0678810289966456
vn 0.9976933551420946 -4.291366970351495e-7 -0.0678820234312911
vn 0.9976933551421742 -1.5648160515249948e-7 -0.0678820234312957
vn 0.9976934298649065 0.0000016047701687894039 -0.0678809251691778
vn 0.9976934478000313 0.0000015970184765221871 -0.06788066156377612
vn 0.9976933960588195 -1.0252628768977514e-7 -0.06788142205794755
vn 0.9976933960586716 -5.53511735571009e-7 -0.06788142205793884
vn 0.9976934571131708 -0.0000010683409542811774 -0.06788052469175594
vn 0.9976934500492447 -8.14970907363662e-7 -0.06788062851926896
vn 0.9976934228017472 6.910987096025707e-7 -0.06788102899674076
vn 0.997693416241949 9.039468272179663e-7 -0.06788112540796647
vn 0.9976933011503287 -3.158755692829126e-8 -0.067882816969823
vn 0.9976933349583088 -3.973636622701105e-7 -0.06788232008122355
vn 0.9976935492214655 -3.7192639610432203e-7 -0.06787917089753649
vn 0.9976935154149612 -3.8704337880469107e-7 -0.06787966778636244
vn -0.9953144769734674 -0.001184115844340015 0.09668345151420764
vn -0.9960898613408085 0.011677442655829666 0.08757068840125001
vn -0.9924210854157283 0.01073304426320423 0.12241401465155805
vn -0.9898551757799994 4.3267945723555945e-8 0.1420800161231151
vn -0.9957865497673181 -0.0068798831444286095 0.09144295768630788
vn -0.997693610318879 7.040763300174413e-7 0.06787827287420387
vn -0.9976934364257078 4.311567588444682e-7 0.06788082875802312
vn -0.9976934228018381 5.43119750844591e-7 0.06788102899675062
vn -0.9976934614249527 4.286573699829254e-7 0.06788046132512848
vn -0.997693450049481 4.3682774824977393e-7 0.0678806285192839
vn -0.9976936643072102 5.949434265072123e-7 0.06787747933518082
vn -0.9976936845343802 3.152094879404219e-7 0.06787718202837635
vn -0.9976932400486295 -2.413065334679554e-8 0.06788371499312067
vn -0.9976932400486253 -9.49704708721272e-8 0.06788371499312017
vn -0.9976930235226953 9.458335209358688e-8 0.06788689721981321
vn -0.9976930098976121 3.4918453356391556e-7 0.06788709745836417
vn -0.9976932940859273 -3.2857965296100564e-8 0.06788292079728409
vn -0.9976933349578622 -0.0000010267497373740048 0.06788232008118893
vn -0.9976933077098132 -7.85557695586531e-7 0.06788272055858366
vn -0.9976933283983913 -6.980976914097785e-7 0.06788241649243304
vn -0.9976933415172612 -0.0000013213598563452411 0.06788222366993875
vn -0.9976933415174296 -0.0000011866199240564739 0.06788222366995061
vn -0.9976932739018639 4.448610512678665e-8 0.06788321744716148
vn -0.9976932809662961 3.43104073517437e-8 0.0678831136197065
vn -0.9976933485822299 -6.813416869272231e-7 0.06788211984250807
vn -0.9976933551416213 -0.0000010645997442232231 0.06788202343125446
vn -0.9976934952289402 -0.0000024502981453567517 0.0678799644361768
vn -0.9976934772945218 -0.000002232570676052025 0.06788022804161056
vn -0.997693388994567 3.864261305133676e-8 0.06788152588542616
vn -0.997693388994554 1.6615460516281587e-7 0.06788152588542565
vn -0.9976934952312357 -0.0000011839988364575397 0.06787996443633675
vn -0.9976934772962586 -0.0000012258199559378036 0.06788022804173172
vn -0.9976933622062877 6.449727820349484e-7 0.06788191960380353
vn -0.9976933485821812 7.492637905372763e-7 0.067882119842509
vn -0.05673565693272801 0.5490028064171526 -0.8338926692197877
vn -0.056735767628854246 0.5490009248333994 -0.8338939004475551
vn -0.056735767628854246 0.5490009248333994 -0.8338939004475551
vn -0.05673565693272801 0.5490028064171526 -0.8338926692197877
vn -0.0368299486561064 0.8400117105650567 -0.5413168028017935
vn -0.0368299486561064 0.8400117105650567 -0.5413168028017935
vn -0.020059856826996215 0.9553379177295449 -0.2948339619044212
vn -0.020059856826996215 0.9553379177295449 -0.2948339619044212
vn -0.006356297302480772 0.9956061691968278 -0.09342351600009498
vn -0.006356307489097608 0.9956061601229786 -0.09342361200618253
vn 0.0063563643804567934 0.995606178469865 0.09342341261426032
vn 0.006356394705909267 0.9956061411999001 0.09342380773329302
vn 0.02005994034529287 0.9553379159758527 0.2948339619044216
vn 0.02005994034529287 0.9553379159758527 0.2948339619044216
vn 0.0368301225386665 0.8400117042334746 0.5413168007965024
vn 0.0368301225386665 0.8400117042334746 0.5413168007965024
vn 0.056736333157721905 0.549002049635571 0.8338931214464825
vn 0.056736333157721905 0.549002049635571 0.8338931214464825
vn 0.056736333157721905 0.549002049635571 0.8338931214464825
vn 0.056736333157721905 0.549002049635571 0.8338931214464825
vn 0.059375278070283394 -0.48465298438790694 0.8726889830162701
vn 0.05937524769465748 -0.4846537545689124 0.872688557357924
vn -0.06788033186929023 2.9671438896397855e-9 -0.9976934702328742
vn -0.06539602968870384 -0.26806306407621905 -0.9611792512216559
vn -0.059374994301336526 -0.48466080056596755 -0.872684661516674
vn -0.059374994301336526 -0.48466080056596755 -0.872684661516674
vn -0.04150663156647221 -0.7912689037082941 -0.6100579657379123
vn -0.04150663156647221 -0.7912689037082941 -0.6100579657379123
vn -0.04150663156647221 -0.7912689037082941 -0.6100579657379123
vn -0.04150663156647221 -0.7912689037082941 -0.6100579657379123
vn -0.023595637546570514 -0.9376418909504234 -0.34680099513076007
vn -0.023595637546570514 -0.9376418909504234 -0.34680099513076007
vn -0.007601121679619488 -0.9937107702339233 -0.1117189691606322
vn -0.007601111901297307 -0.9937107703077864 -0.11171896916893631
vn 0.007601035672654384 -0.9937108815676431 0.11171798472386014
vn 0.007601035672654384 -0.9937108815676431 0.11171798472386014
vn 0.023595555575309554 -0.9376418930132162 0.3468009951307596
vn 0.023595555575309554 -0.9376418930132162 0.3468009951307596
vn 0.04150675033383369 -0.7912667111221877 0.6100608015162107
vn 0.04150675033383369 -0.7912667111221877 0.6100608015162107
vn 0.04150675033383369 -0.7912667111221877 0.6100608015162107
vn 0.04150675033383369 -0.7912667111221877 0.6100608015162107
vn -0.06280659311700855 0.315568057901654 -0.9468221230480481
vn -0.06280639274488242 0.3155680618886936 -0.9468221350106836
vn -0.06618940378086406 2.8932310723196295e-9 -0.9978070769578326
vn -0.06280739545468408 0.3155680240501763 -0.9468220811077794
vn 0.06402110229825031 0.25380695810519827 0.9651338386347788
vn 0.06402110229825031 0.25380695810519827 0.9651338386347788
vn 0.019020136208420614 0.9578217288250733 0.2867329248781182
vn 0.019020136208420614 0.9578217288250733 0.2867329248781182
vn 0.014313845995220266 0.9763361946124951 0.21578403301082638
vn 0.014303838396336192 0.9763697191501434 0.21563295604754332
vn 0.00685093193251219 0.9946288338370102 0.10327897962163037
vn 0.0068451726410009624 0.9946379027423473 0.10319198631589499
vn 0.002085614541630846 0.9995034488743676 0.03144051367627915
vn 0.0020811229821224714 0.999505583184925 0.03137288812488209
vn -0.0020810256040254883 0.9995055896956906 -0.031372687157867445
vn -0.00208552715566536 0.9995034458958832 -0.031440614159685104
vn -0.006845085686990261 0.9946379033407675 -0.10319198631589455
vn -0.006850855223361072 0.994628834366127 -0.10327897961438136
vn -0.014303753039380855 0.9763697204006209 -0.21563295604754285
vn -0.01431376064119574 0.9763361958638477 -0.21578403301082594
vn -0.0190200570544685 0.9578220120237345 -0.286731984111382
vn -0.0190200570544685 0.9578220120237345 -0.286731984111382
vn 0.05789130075995473 -0.4847671527623701 0.8727252745847262
vn 0.05789908238499826 -0.484554032050041 0.8728431051930371
vn 0.04046447711372588 -0.7913581956175139 0.6100121575189348
vn 0.040479875844935315 -0.7911792439462989 0.6102432167588111
vn 0.040479875844935315 -0.7911792439462989 0.6102432167588111
vn 0.04046447711372588 -0.7913581956175139 0.6100121575189348
vn 0.022999055642741142 -0.9376877976230874 0.34671694165169636
vn 0.02301545773843431 -0.937596008081701 0.3469639957320492
vn 0.007403618949178124 -0.9937242783442519 0.11161202917092343
vn 0.0074194398031669296 -0.9936973982139481 0.11185004557816466
vn -0.007419516028067725 -0.9936972868372681 -0.11185103000938955
vn -0.007403715601667523 -0.9937242776250574 -0.1116120291628432
vn -0.02301553970568388 -0.9375960060696218 -0.34696399573204967
vn -0.022999137618015215 -0.9376877956124424 -0.3467169416516968
vn -0.04047984831319606 -0.7911792435094762 -0.6102432191514409
vn -0.04046454629645925 -0.7913581920799934 -0.6100121575189351
vn -0.04046454629645925 -0.7913581920799934 -0.6100121575189351
vn -0.04047984831319606 -0.7911792435094762 -0.6102432191514409
vn -0.05789912474605864 -0.48455402698834 -0.8728431051930373
vn -0.05789129179515018 -0.4847667088380963 -0.8727255217630393
vn 0.9967473738090258 -0.0000029887304246639617 -0.08058953279351849
vn 0.9967471496226865 -0.0000018797994681759802 -0.08059230556024684
vn 0.9967475410148013 -0.000015870762225532493 -0.08058746322515467
vn 0.9967471412448505 -0.0000010058183541600897 -0.08059240919098007
vn 0.9967472856614512 0.000018686935901672716 -0.0805906209017388
vn 0.9967471574039865 0.0000014439210088022755 -0.08059220933184473
vn 0.9967481672268315 0.00001812213328614399 -0.08057971706044069
vn 0.9967471809219196 -0.0000010494193381763801 -0.08059191847266717
f 398/398/398 399/399/399 400/400/400
f 400/400/400 401/401/401 398/398/398
f 399/399/399 402/402/402 403/403/403
f 403/403/403 400/400/400 399/399/399
f 404/404/404 405/405/405 406/406/406
f 406/406/406 407/407/407 404/404/404
f 405/405/405 408/408/408 409/409/409
f 409/409/409 406/406/406 405/405/405
f 408/408/408 410/410/410 411/411/411
f 411/411/411 409/409/409 408/408/408
f 410/410/410 412/412/412 413/413/413
f 413/413/413 411/411/411 410/410/410
f 412/412/412 414/414/414 415/415/415
f 415/415/415 413/413/413 412/412/412
f 416/416/416 417/417/417 418/418/418
f 418/418/418 419/419/419 416/416/416
f 417/417/417 420/420/420 421/421/421
f 421/421/421 418/418/418 417/417/417
f 422/422/422 423/423/423 424/424/424
f 424/424/424 425/425/425 422/422/422
f 426/426/426 427/427/427 428/428/428
f 428/428/428 429/429/429 426/426/426
f 430/430/430 431/431/431 432/432/432
f 432/432/432 433/433/433 430/430/430
f 434/434/434 435/435/435 436/436/436
f 436/436/436 437/437/437 434/434/434
f 435/435/435 438/438/438 439/439/439
f 439/439/439 436/436/436 435/435/435
f 438/438/438 440/440/440 441/441/441
f 441/441/441 439/439/439 438/438/438
f 440/440/440 442/442/442 443/443/443
f 443/443/443 441/441/441 440/440/440
f 442/442/442 444/444/444 445/445/445
f 445/445/445 443/443/443 442/442/442
f 446/446/446 447/447/447 448/448/448
f 448/448/448 449/449/449 446/446/446
f 425/425/425 424/424/424 450/450/450
f 450/450/450 451/451/451 425/425/425
f 429/429/429 428/428/428 452/452/452
f 452/452/452 453/453/453 429/429/429
f 433/433/433 432/432/432 454/454/454
f 454/454/454 455/455/455 433/433/433
f 437/437/437 436/436/436 456/456/456
f 456/456/456 457/457/457 437/437/437
f 436/436/436 439/439/439 458/458/458
f 458/458/458 456/456/456 436/436/436
f 439/439/439 441/441/441 459/459/459
f 459/459/459 458/458/458 439/439/439
f 441/441/441 443/443/443 460/460/460
f 460/460/460 459/459/459 441/441/441
f 443/443/443 445/445/445 461/461/461
f 461/461/461 460/460/460 443/443/443
f 449/449/449 448/448/448 462/462/462
f 462/462/462 463/463/463 449/449/449
f 451/451/451 450/450/450 464/464/464
f 464/464/464 465/465/465 451/451/451
f 453/453/453 452/452/452 466/466/466
f 466/466/466 467/467/467 453/453/453
f 455/455/455 454/454/454 468/468/468
f 468/468/468 469/469/469 455/455/455
f 457/457/457 456/456/456 470/470/470
f 470/470/470 471/471/471 457/457/457
f 456/456/456 458/458/458 472/472/472
f 472/472/472 470/470/470 456/456/456
f 458/458/458 459/459/459 473/473/473
f 473/473/473 472/472/472 458/458/458
f 459/459/459 460/460/460 474/474/474
f 474/474/474 473/473/473 459/459/459
f 460/460/460 461/461/461 475/475/475
f 475/475/475 474/474/474 460/460/460
f 463/463/463 462/462/462 476/476/476
f 476/476/476 477/477/477 463/463/463
f 478/478/478 479/479/479 480/480/480
f 480/480/480 481/481/481 478/478/478
f 479/479/479 482/482/482 483/483/483
f 483/483/483 480/480/480 479/479/479
f 482/482/482 484/484/484 485/485/485
f 485/485/485 483/483/483 482/482/482
f 484/484/484 486/486/486 487/487/487
f 487/487/487 485/485/485 484/484/484
f 486/486/486 488/488/488 489/489/489
f 489/489/489 487/487/487 486/486/486
f 488/488/488 490/490/490 491/491/491
f 491/491/491 489/489/489 488/488/488
f 490/490/490 492/492/492 493/493/493
f 493/493/493 491/491/491 490/490/490
f 492/492/492 494/494/494 495/495/495
f 495/495/495 493/493/493 492/492/492
f 494/494/494 496/496/496 497/497/497
f 497/497/497 495/495/495 494/494/494
f 498/498/498 499/499/499 500/500/500
f 500/500/500 501/501/501 498/498/498
f 502/502/502 503/503/503 504/504/504
f 504/504/504 505/505/505 502/502/502
f 503/503/503 506/506/506 507/507/507
f 507/507/507 504/504/504 503/503/503
f 506/506/506 508/508/508 509/509/509
f 509/509/509 507/507/507 506/506/506
f 508/508/508 510/510/510 511/511/511
f 511/511/511 509/509/509 508/508/508
f 510/510/510 512/512/512 513/513/513
f 513/513/513 511/511/511 510/510/510
f 512/512/512 514/514/514 515/515/515
f 515/515/515 513/513/513 512/512/512
f 514/514/514 516/516/516 517/517/517
f 517/517/517 515/515/515 514/514/514
f 516/516/516 498/498/498 501/501/501
f 501/501/501 517/517/517 516/516/516
f 518/518/518 519/519/519 520/520/520
f 520/520/520 521/521/521 518/518/518
f 522/522/522 523/523/523 524/524/524
f 524/524/524 525/525/525 522/522/522
f 523/523/523 526/526/526 527/527/527
f 527/527/527 524/524/524 523/523/523
f 526/526/526 528/528/528 529/529/529
f 529/529/529 527/527/527 526/526/526
f 528/528/528 530/530/530 531/531/531
f 531/531/531 529/529/529 528/528/528
f 530/530/530 532/532/532 533/533/533
f 533/533/533 531/531/531 530/530/530
f 532/532/532 534/534/534 535/535/535
f 535/535/535 533/533/533 532/532/532
f 534/534/534 536/536/536 537/537/537
f 537/537/537 535/535/535 534/534/534
f 536/536/536 518/518/518 521/521/521
f 521/521/521 537/537/537 536/536/536
f 538/538/538 539/539/539 540/540/540
f 540/540/540 541/541/541 538/538/538
f 539/539/539 542/542/542 543/543/543
f 543/543/543 540/540/540 539/539/539
f 542/542/542 544/544/544 545/545/545
f 545/545/545 543/543/543 542/542/542
f 544/544/544 546/546/546 547/547/547
f 547/547/547 545/545/545 544/544/544
f 546/546/546 548/548/548 549/549/549
f 549/549/549 547/547/547 546/546/546
f 548/548/548 550/550/550 551/551/551
f 551/551/551 549/549/549 548/548/548
f 550/550/550 552/552/552 553/553/553
f 553/553/553 551/551/551 550/550/550
f 552/552/552 554/554/554 555/555/555
f 555/555/555 553/553/553 552/552/552
f 554/554/554 556/556/556 557/557/557
f 557/557/557 555/555/555 554/554/554
f 558/558/558 559/559/559 560/560/560
f 560/560/560 561/561/561 558/558/558
f 562/562/562 563/563/563 564/564/564
f 564/564/564 565/565/565 562/562/562
f 563/563/563 566/566/566 567/567/567
f 567/567/567 564/564/564 563/563/563
f 566/566/566 568/568/568 569/569/569
f 569/569/569 567/567/567 566/566/566
f 568/568/568 570/570/570 571/571/571
f 571/571/571 569/569/569 568/568/568
f 570/570/570 572/572/572 573/573/573
f 573/573/573 571/571/571 570/570/570
f 572/572/572 574/574/574 575/575/575
f 575/575/575 573/573/573 572/572/572
f 574/574/574 576/576/576 577/577/577
f 577/577/577 575/575/575 574/574/574
f 578/578/578 579/579/579 580/580/580
f 580/580/580 581/581/581 578/578/578
f 582/582/582 583/583/583 584/584/584
f 584/584/584 585/585/585 582/582/582
f 586/586/586 587/587/587 588/588/588
f 588/588/588 589/589/589 586/586/586
f 587/587/587 590/590/590 591/591/591
f 591/591/591 588/588/588 587/587/587
f 592/592/592 593/593/593 594/594/594
f 594/594/594 595/595/595 592/592/592
f 593/593/593 596/596/596 597/597/597
f 597/597/597 594/594/594 593/593/593
f 596/596/596 598/598/598 599/599/599
f 599/599/599 597/597/597 596/596/596
f 598/598/598 600/600/600 601/601/601
f 601/601/601 599/599/599 598/598/598
f 600/600/600 602/602/602 603/603/603
f 603/603/603 601/601/601 600/600/600
f 604/604/604 582/582/582 585/585/585
f 585/585/585 605/605/605 604/604/604
f 606/606/606 607/607/607 608/608/608
f 608/608/608 609/609/609 606/606/606
f 610/610/610 611/611/611 612/612/612
f 612/612/612 613/613/613 610/610/610
f 614/614/614 615/615/615 616/616/616
f 616/616/616 617/617/617 614/614/614
f 615/615/615 618/618/618 619/619/619
f 619/619/619 616/616/616 615/615/615
f 618/618/618 620/620/620 621/621/621
f 621/621/621 619/619/619 618/618/618
f 620/620/620 622/622/622 623/623/623
f 623/623/623 621/621/621 620/620/620
f 622/622/622 624/624/624 625/625/625
f 625/625/625 623/623/623 622/622/622
f 624/624/624 626/626/626 627/627/627
f 627/627/627 625/625/625 624/624/624
f 626/626/626 628/628/628 629/629/629
f 629/629/629 627/627/627 626/626/626
f 630/630/630 631/631/631 632/632/632
f 632/632/632 633/633/633 630/630/630
f 631/631/631 634/634/634 635/635/635
f 635/635/635 632/632/632 631/631/631
f 636/636/636 637/637/637 638/638/638
f 638/638/638 639/639/639 636/636/636
f 637/637/637 640/640/640 641/641/641
f 641/641/641 638/638/638 637/637/637
f 640/640/640 642/642/642 643/643/643
f 643/643/643 641/641/641 640/640/640
f 642/642/642 644/644/644 645/645/645
f 645/645/645 643/643/643 642/642/642
f 644/644/644 646/646/646 647/647/647
f 647/647/647 645/645/645 644/644/644
f 648/648/648 649/649/649 650/650/650
f 650/650/650 651/651/651 648/648/648
f 649/649/649 652/652/652 653/653/653
f 653/653/653 650/650/650 649/649/649
f 654/654/654 655/655/655 656/656/656
f 656/656/656 657/657/657 658/658/658
f 658/658/658 659/659/659 660/660/660
f 660/660/660 661/661/661 662/662/662
f 658/658/658 660/660/660 662/662/662
f 656/656/656 658/658/658 662/662/662
f 654/654/654 656/656/656 662/662/662
f 663/663/663 654/654/654 662/662/662
f 398/398/398 401/401/401 664/664/664
f 664/664/664 665/665/665 398/398/398
f 665/665/665 664/664/664 666/666/666
f 666/666/666 667/667/667 665/665/665
f 668/668/668 669/669/669 670/670/670
f 670/670/670 671/671/671 668/668/668
f 671/671/671 670/670/670 672/672/672
f 672/672/672 673/673/673 671/671/671
f 673/673/673 672/672/672 674/674/674
f 674/674/674 675/675/675 673/673/673
f 675/675/675 674/674/674 676/676/676
f 676/676/676 677/677/677 675/675/675
f 677/677/677 676/676/676 678/678/678
f 678/678/678 679/679/679 677/677/677
f 680/680/680 681/681/681 682/682/682
f 682/682/682 683/683/683 680/680/680
f 683/683/683 682/682/682 421/421/421
f 421/421/421 420/420/420 683/683/683
f 684/684/684 685/685/685 424/424/424
f 424/424/424 423/423/423 684/684/684
f 426/426/426 429/429/429 686/686/686
f 686/686/686 687/687/687 426/426/426
f 688/688/688 689/689/689 690/690/690
f 690/690/690 691/691/691 688/688/688
f 692/692/692 693/693/693 694/694/694
f 694/694/694 695/695/695 692/692/692
f 695/695/695 694/694/694 696/696/696
f 696/696/696 697/697/697 695/695/695
f 697/697/697 696/696/696 698/698/698
f 698/698/698 699/699/699 697/697/697
f 699/699/699 698/698/698 700/700/700
f 700/700/700 701/701/701 699/699/699
f 701/701/701 700/700/700 702/702/702
f 702/702/702 703/703/703 701/701/701
f 704/704/704 705/705/705 706/706/706
f 706/706/706 707/707/707 704/704/704
f 685/685/685 708/708/708 450/450/450
f 450/450/450 424/424/424 685/685/685
f 429/429/429 453/453/453 709/709/709
f 709/709/709 686/686/686 429/429/429
f 689/689/689 710/710/710 711/711/711
f 711/711/711 690/690/690 689/689/689
f 693/693/693 712/712/712 713/713/713
f 713/713/713 694/694/694 693/693/693
f 694/694/694 713/713/713 714/714/714
f 714/714/714 696/696/696 694/694/694
f 696/696/696 714/714/714 715/715/715
f 715/715/715 698/698/698 696/696/696
f 698/698/698 715/715/715 716/716/716
f 716/716/716 700/700/700 698/698/698
f 700/700/700 716/716/716 717/717/717
f 717/717/717 702/702/702 700/700/700
f 705/705/705 718/718/718 719/719/719
f 719/719/719 706/706/706 705/705/705
f 708/708/708 720/720/720 464/464/464
f 464/464/464 450/450/450 708/708/708
f 453/453/453 467/467/467 721/721/721
f 721/721/721 709/709/709 453/453/453
f 710/710/710 722/722/722 723/723/723
f 723/723/723 711/711/711 710/710/710
f 712/712/712 724/724/724 725/725/725
f 725/725/725 713/713/713 712/712/712
f 713/713/713 725/725/725 726/726/726
f 726/726/726 714/714/714 713/713/713
f 714/714/714 726/726/726 727/727/727
f 727/727/727 715/715/715 714/714/714
f 715/715/715 727/727/727 728/728/728
f 728/728/728 716/716/716 715/715/715
f 716/716/716 728/728/728 729/729/729
f 729/729/729 717/717/717 716/716/716
f 718/718/718 730/730/730 731/731/731
f 731/731/731 719/719/719 718/718/718
f 478/478/478 481/481/481 732/732/732
f 732/732/732 733/733/733 478/478/478
f 733/733/733 732/732/732 734/734/734
f 734/734/734 735/735/735 733/733/733
f 735/735/735 734/734/734 736/736/736
f 736/736/736 737/737/737 735/735/735
f 737/737/737 736/736/736 738/738/738
f 738/738/738 739/739/739 737/737/737
f 739/739/739 738/738/738 740/740/740
f 740/740/740 741/741/741 739/739/739
f 741/741/741 740/740/740 742/742/742
f 742/742/742 743/743/743 741/741/741
f 743/743/743 742/742/742 744/744/744
f 744/744/744 745/745/745 743/743/743
f 745/745/745 744/744/744 746/746/746
f 746/746/746 747/747/747 745/745/745
f 747/747/747 746/746/746 497/497/497
f 497/497/497 496/496/496 747/747/747
f 748/748/748 749/749/749 500/500/500
f 500/500/500 499/499/499 748/748/748
f 502/502/502 505/505/505 750/750/750
f 750/750/750 751/751/751 502/502/502
f 751/751/751 750/750/750 752/752/752
f 752/752/752 753/753/753 751/751/751
f 753/753/753 752/752/752 754/754/754
f 754/754/754 755/755/755 753/753/753
f 755/755/755 754/754/754 756/756/756
f 756/756/756 757/757/757 755/755/755
f 757/757/757 756/756/756 758/758/758
f 758/758/758 759/759/759 757/757/757
f 759/759/759 758/758/758 760/760/760
f 760/760/760 761/761/761 759/759/759
f 761/761/761 760/760/760 762/762/762
f 762/762/762 763/763/763 761/761/761
f 763/763/763 762/762/762 749/749/749
f 749/749/749 748/748/748 763/763/763
f 764/764/764 765/765/765 766/766/766
f 766/766/766 767/767/767 764/764/764
f 522/522/522 525/525/525 768/768/768
f 768/768/768 769/769/769 522/522/522
f 769/769/769 768/768/768 770/770/770
f 770/770/770 771/771/771 769/769/769
f 771/771/771 770/770/770 772/772/772
f 772/772/772 773/773/773 771/771/771
f 773/773/773 772/772/772 774/774/774
f 774/774/774 775/775/775 773/773/773
f 775/775/775 774/774/774 776/776/776
f 776/776/776 777/777/777 775/775/775
f 777/777/777 776/776/776 778/778/778
f 778/778/778 779/779/779 777/777/777
f 779/779/779 778/778/778 780/780/780
f 780/780/780 781/781/781 779/779/779
f 781/781/781 780/780/780 765/765/765
f 765/765/765 764/764/764 781/781/781
f 538/538/538 541/541/541 782/782/782
f 782/782/782 783/783/783 538/538/538
f 783/783/783 782/782/782 784/784/784
f 784/784/784 785/785/785 783/783/783
f 785/785/785 784/784/784 786/786/786
f 786/786/786 787/787/787 785/785/785
f 787/787/787 786/786/786 788/788/788
f 788/788/788 789/789/789 787/787/787
f 789/789/789 788/788/788 790/790/790
f 790/790/790 791/791/791 789/789/789
f 791/791/791 790/790/790 792/792/792
f 792/792/792 793/793/793 791/791/791
f 793/793/793 792/792/792 794/794/794
f 794/794/794 795/795/795 793/793/793
f 795/795/795 794/794/794 796/796/796
f 796/796/796 797/797/797 795/795/795
f 797/797/797 796/796/796 557/557/557
f 557/557/557 556/556/556 797/797/797
f 558/558/558 561/561/561 798/798/798
f 798/798/798 799/799/799 558/558/558
f 800/800/800 801/801/801 802/802/802
f 802/802/802 803/803/803 800/800/800
f 803/803/803 802/802/802 804/804/804
f 804/804/804 805/805/805 803/803/803
f 805/805/805 804/804/804 806/806/806
f 806/806/806 807/807/807 805/805/805
f 807/807/807 806/806/806 808/808/808
f 808/808/808 809/809/809 807/807/807
f 809/809/809 808/808/808 810/810/810
f 810/810/810 811/811/811 809/809/809
f 811/811/811 810/810/810 812/812/812
f 812/812/812 813/813/813 811/811/811
f 813/813/813 812/812/812 814/814/814
f 814/814/814 815/815/815 813/813/813
f 816/816/816 817/817/817 580/580/580
f 580/580/580 579/579/579 816/816/816
f 818/818/818 819/819/819 584/584/584
f 584/584/584 583/583/583 818/818/818
f 820/820/820 821/821/821 822/822/822
f 822/822/822 823/823/823 820/820/820
f 823/823/823 822/822/822 824/824/824
f 824/824/824 825/825/825 823/823/823
f 826/826/826 827/827/827 828/828/828
f 828/828/828 829/829/829 826/826/826
f 829/829/829 828/828/828 830/830/830
f 830/830/830 831/831/831 829/829/829
f 831/831/831 830/830/830 832/832/832
f 832/832/832 833/833/833 831/831/831
f 833/833/833 832/832/832 834/834/834
f 834/834/834 835/835/835 833/833/833
f 835/835/835 834/834/834 836/836/836
f 836/836/836 837/837/837 835/835/835
f 838/838/838 839/839/839 819/819/819
f 819/819/819 818/818/818 838/838/838
f 840/840/840 841/841/841 842/842/842
f 842/842/842 843/843/843 840/840/840
f 610/610/610 613/613/613 844/844/844
f 844/844/844 845/845/845 610/610/610
f 846/846/846 847/847/847 848/848/848
f 848/848/848 849/849/849 846/846/846
f 849/849/849 848/848/848 850/850/850
f 850/850/850 851/851/851 849/849/849
f 851/851/851 850/850/850 852/852/852
f 852/852/852 853/853/853 851/851/851
f 853/853/853 852/852/852 854/854/854
f 854/854/854 855/855/855 853/853/853
f 855/855/855 854/854/854 856/856/856
f 856/856/856 857/857/857 855/855/855
f 857/857/857 856/856/856 858/858/858
f 858/858/858 859/859/859 857/857/857
f 859/859/859 858/858/858 860/860/860
f 860/860/860 861/861/861 859/859/859
f 630/630/630 633/633/633 862/862/862
f 862/862/862 863/863/863 630/630/630
f 863/863/863 862/862/862 864/864/864
f 864/864/864 865/865/865 863/863/863
f 866/866/866 867/867/867 868/868/868
f 868/868/868 869/869/869 866/866/866
f 869/869/869 868/868/868 870/870/870
f 870/870/870 871/871/871 869/869/869
f 871/871/871 870/870/870 872/872/872
f 872/872/872 873/873/873 871/871/871
f 873/873/873 872/872/872 874/874/874
f 874/874/874 875/875/875 873/873/873
f 875/875/875 874/874/874 876/876/876
f 876/876/876 877/877/877 875/875/875
f 878/878/878 879/879/879 880/880/880
f 880/880/880 881/881/881 878/878/878
f 881/881/881 880/880/880 653/653/653
f 653/653/653 652/652/652 881/881/881
f 662/662/662 882/882/882 883/883/883
f 883/883/883 884/884/884 885/885/885
f 662/662/662 883/883/883 885/885/885
f 885/885/885 886/886/886 887/887/887
f 662/662/662 885/885/885 887/887/887
f 887/887/887 888/888/888 889/889/889
f 662/662/662 887/887/887 889/889/889
f 663/663/663 662/662/662 889/889/889
o defaultMaterial_6
usemtl 07___Default
v 0.48257501116395657 -0.010688895289228452 0.026661803579372534
v 0.47829900355395066 -0.01517609574246018 0.01685290374462045
v 0.48414800734575975 -0.015176095998128266 0.01632960290316976
v 0.47273499926675666 -0.01756399540469301 0.004787953203958642
v 0.4857710119162928 -0.017563995974515245 0.0036727032684210617
v 0.466797005740298 -0.017563995145135056 -0.008088997000413763
v 0.4874950166617762 -0.017563996049873885 -0.00977561659510695
v 0.47579200285278916 -0.004643055243457072 -0.03823859840031229
v 0.4784509955942697 -0.010688895108961986 -0.03177189677353464
v 0.4737579940855569 -0.010688894903824367 -0.031421898299413546
v 0.48251799912508714 -0.015176095926878333 -0.02188109643157088
v 0.4706370052820086 -0.015176095407543578 -0.020958396041351187
v 0.5069110213816231 -0.010688896352989287 0.02441280298535264
v 0.5034969863420365 -0.015176096843899034 0.014579702733499175
v 0.5098460134988664 -0.015176097121423838 0.01401180364791787
v 0.4993000145827662 -0.017563996565886756 0.002495573234227662
v 0.5134380277072321 -0.017563997183878962 0.001286123163481416
v 0.494824987259997 -0.01756399637027709 -0.010391696722763412
v 0.517249029484881 -0.017563997350463146 -0.012219297134834169
v 0.5016619982083952 -0.00464305637427053 -0.04013149663205706
v 0.5052060305178231 -0.010688896278461753 -0.03378379567857348
v 0.5001150189936227 -0.010688896055926564 -0.03340419604774081
v 0.5106239733224486 -0.015176696927167586 -0.024081996077257035
v 0.4977420088773345 -0.015176696364079013 -0.023080896952706213
v 0.5378309904635018 -0.010688897704544115 0.02155450322334206
v 0.5344800171380614 -0.015176697969948432 0.011812203197223304
v 0.5413260278230284 -0.015176698269197075 0.011200302845281717
v 0.5303619917308222 -0.017563997923648954 -0.00016054080606421283
v 0.5456009920512568 -0.017563998589766844 -0.001464186835619455
v 0.525970977154864 -0.017563997731711602 -0.012928196595567107
v 0.5501360114489924 -0.01756399878799884 -0.01489739715452755
v 0.5355419935544645 -0.004643057855212221 -0.04258679821487033
v 0.5388600050509041 -0.01068889774952376 -0.0362912960290488
v 0.5333779870569771 -0.010688897509897134 -0.03588289617891872
v 0.5439330157762144 -0.015176698383152134 -0.02666729725297058
v 0.5300569948678587 -0.01517669777661197 -0.02558989673252666
v 0.5715420066416023 -0.010689599532675603 0.018437703704876053
v 0.568413001013336 -0.015176699453206325 0.008780712826592077
v 0.5755880293374632 -0.015176699766836787 0.00813920293603574
v 0.5645689781580987 -0.017564699773459994 -0.0030854967362758017
v 0.5805349763308587 -0.017564700471355967 -0.004451706906366004
v 0.5604690130625787 -0.017564699594244816 -0.015737597265797505
v 0.5857789929781976 -0.01756470070057922 -0.017800296091991318
v 0.5721340002377839 -0.004643749564727488 -0.04523879512544239
v 0.5752360045015571 -0.010689599694145372 -0.0390017986237582
v 0.569498997837281 -0.010689599443372836 -0.03857409804459179
v 0.5799780306344603 -0.015176699958729837 -0.029465096437888992
v 0.5654510077958678 -0.015176699323733476 -0.028336797276097187
v 0.6061140119135139 -0.01068960104386601 0.015439203573805434
v 0.6030869898324583 -0.015176700968854574 0.005880513327610833
v 0.6102319774156187 -0.015176701281171913 0.005241753166956048
v 0.5993670042429986 -0.017564701294530083 -0.0060613266132351325
v 0.6152670200739921 -0.017564701989541878 -0.007422046636747977
v 0.5954010303889337 -0.01756470112117185 -0.018582797044473544
v 0.620604973641497 -0.017564702222871244 -0.020637296506720446
v 0.6072349967320771 -0.004643751099040837 -0.04778349622483815
v 0.6102739988863227 -0.01068960122570481 -0.04161249696608152
v 0.6045610128938911 -0.010689600975982252 -0.04118619709606732
v 0.6149200019364927 -0.015176701486091973 -0.03217759578819837
v 0.6004550275331114 -0.015176700853807835 -0.031054096662956134
v 0.6474219976961371 -0.010689602849495489 0.01162110325549278
v 0.6430759844308469 -0.015176702716829115 0.0023092332821759913
v 0.6510309991365049 -0.015176703064553865 0.001598283165549071
v 0.6377320106898369 -0.017564702971517843 -0.009143046469944384
v 0.6554450210009636 -0.017564703745778145 -0.010658496426003843
v 0.6320280249987663 -0.0175647027221887 -0.021367496246057414
v 0.6601270254527153 -0.01756470395043507 -0.023657096916395098
v 0.645666998799643 -0.004643752778957069 -0.050369495892482664
v 0.6489550291597601 -0.010689602916506412 -0.04429539515967932
v 0.6425869881212469 -0.010689602638150487 -0.04382099806662169
v 0.6539810118203733 -0.015176703193503012 -0.03501109629269209
v 0.6378549751763913 -0.015176702488611535 -0.033758296066480536
v 0.6780280291139837 -0.010689604187327666 0.008792402787548628
v 0.6753489789490963 -0.015177403550780103 -0.0005730868024331072
v 0.6819310006623531 -0.015177403838489421 -0.0011616568253886455
v 0.6720589812670769 -0.017564704471997445 -0.012078296759682569
v 0.6867030080233635 -0.017564705112108208 -0.01333109698589412
v 0.6685520227824272 -0.01756470431870341 -0.024341896542864713
v 0.6917620118533195 -0.017564705333244297 -0.02623349651094047
v 0.6790010155995697 -0.00464375423603328 -0.05278559624548522
v 0.6819010197221991 -0.010689604356621456 -0.04675009697075454
v 0.676639002472138 -0.010689604126611367 -0.046358196431356344
v 0.6863360223298336 -0.015177404031039033 -0.037522098416047964
v 0.673013013315704 -0.01517740344867179 -0.03648729845281211
v 0.7138100086748053 -0.010690305174661267 0.005485153390509206
v 0.7105499920373226 -0.015177405089465315 -0.003717376751410645
v 0.718002003145721 -0.01517740541520308 -0.004383637005048676
v 0.7065430100832695 -0.01756540447127324 -0.015026596741336266
v 0.7231269892130606 -0.01756540519618202 -0.01644579730327694
v 0.7022710259829277 -0.017565404284538875 -0.027087396377283017
v 0.7285579856310599 -0.01756540543357842 -0.029229896509605335
v 0.7144189895947488 -0.004644435649681625 -0.055351695412355344
v 0.717632990986054 -0.010690305341769126 -0.04941239803429214
v 0.7116740166246344 -0.010690305081294073 -0.04896819814439384
v 0.7225479897980952 -0.015177405613914468 -0.04033289700146286
v 0.7074600276475216 -0.015177404954398668 -0.03916059657331077
v 0.7512320100366521 -0.010690306810428965 0.002025953127485822
v 0.7476209816460871 -0.0151774067098898 -0.007028746785181453
v 0.75510500044873 -0.015177407037026667 -0.007697756768721036
v 0.7431829985056632 -0.017565406072858065 -0.018159296730118683
v 0.7598410066042655 -0.017565406801002752 -0.019584596523600513
v 0.7384490188036673 -0.01756540586592923 -0.030033696809369015
v 0.7648619826708548 -0.017565407020476594 -0.03218579515214532
v 0.7528970064480812 -0.0046444373316092274 -0.05814049615855782
v 0.7556159912645268 -0.010690307002058867 -0.052241796994167256
v 0.7496359764635014 -0.010690306740664107 -0.051796196395116734
v 0.7597740110879206 -0.015177407241115604 -0.04322209804649918
v 0.7446229872231745 -0.01517740657884329 -0.04204499571915238
v 0.7899570285379338 -0.010690308503153353 -0.001553576806145607
v 0.7856759843354182 -0.015178108727902978 -0.010427397111016213
v 0.7935899910454707 -0.015178109073835211 -0.011134297022181452
v 0.7804109867487662 -0.01756540770014518 -0.021341996633964477
v 0.7980310138140433 -0.017565408470341055 -0.022849196934657992
v 0.7747900303278678 -0.017565407454445358 -0.0329923950075683
v 0.8027409728441947 -0.017565408676219908 -0.035270298266368814
v 0.7881489815075905 -0.00464443887252206 -0.060694096976476604
v 0.7914669930040288 -0.010690308569155987 -0.054912297421651775
v 0.7851319729387212 -0.010690308292243454 -0.05443989708419412
v 0.7851319729387212 -0.010690308292243454 -0.05443989708419412
v 0.7914669930040288 -0.010690308569155987 -0.054912297421651775
v 0.7965400037293391 -0.01517810920278436 -0.04607489555473893
v 0.7804980096344905 -0.015178108501566498 -0.044828998291450435
v 0.8260119973718265 -0.010691010433742269 -0.0048862568974074785
v 0.8219690141205744 -0.015178110314321758 -0.013668696762579388
v 0.8303149756913142 -0.01517811067913534 -0.014414696389394709
v 0.8169969733629628 -0.01756610965394562 -0.024469796934681837
v 0.8355740126047535 -0.01756611046597383 -0.02605879715974898
v 0.8116910274897023 -0.01756610942201535 -0.03599709495301814
v 0.8411469872866078 -0.017566110709576296 -0.038397396349864915
v 0.8259060205776897 -0.004645130632962511 -0.06342999860044092
v 0.8293729840814212 -0.010691010580655658 -0.057735497498470255
v 0.8226970254479984 -0.010691010288840227 -0.05723839848633379
v 0.8226970254479984 -0.010691010288840227 -0.05723839848633379
v 0.8293729840814212 -0.010691010580655658 -0.057735497498470255
v 0.8346710023407892 -0.015178110869543312 -0.04903419538732142
v 0.8177649793152766 -0.015178110130557546 -0.047720896446662844
v 0.8614349781571963 -0.010691011982129999 -0.008159816631632759
v 0.8580350098137811 -0.015178111890816564 -0.01688999719317527
v 0.8657010015969232 -0.01517811222590772 -0.017574796819644883
v 0.8538570221338673 -0.01756611126514959 -0.02762099764640899
v 0.870914023724596 -0.01756611201073484 -0.029079996415930707
v 0.8494000252161427 -0.017566111070328058 -0.03906779586668582
v 0.8764380033884449 -0.017566112252195665 -0.04127079843874546
v 0.8577120127041544 -0.004645132023246639 -0.06573409810062023
v 0.8619760095178225 -0.01069101200577922 -0.06016399561758609
v 0.8558329760133364 -0.010691011737258687 -0.05970609783526034
v 0.8619760095178225 -0.01069101200577922 -0.06016399561758609
v 0.8684869822983697 -0.015178112347686802 -0.05165799557562442
v 0.8529479918007806 -0.015178111668455927 -0.05045129581685633
v 0.8558329760133364 -0.010691011737258687 -0.05970609783526034
v 0.8988200246392825 -0.010691013616282347 -0.011615597078162156
v 0.894772988272155 -0.01517881385126078 -0.020171096914964638
v 0.902573030901397 -0.015178814192211485 -0.020868296170192684
v 0.8897960003290577 -0.017566112836092284 -0.03069309740658375
v 0.9071609791193409 -0.017566113595139644 -0.032178895914512604
v 0.8844830211077137 -0.017566112603854576 -0.04192399829025837
v 0.9120240028772755 -0.01756611380770917 -0.0441681951224384
v 0.8971190275509562 -0.004645133745782036 -0.06858960016961665
v 0.9005089818536379 -0.010691013690109004 -0.06303469314570995
v 0.8942649780809023 -0.010691013417174919 -0.06256919577117534
v 0.8942649780809023 -0.010691013417174919 -0.06256919577117534
v 0.9005089818536379 -0.010691013690109004 -0.06303469314570995
v 0.9056899961952812 -0.015178814328458363 -0.05454509555693241
v 0.8898809966568596 -0.015178813637425018 -0.05331779866810413
v 0.9350240050851136 -0.01069171555338477 -0.014961297059017152
v 0.9306720313553459 -0.015178815420457854 -0.023376597458082172
v 0.9396580276016838 -0.015178815813248241 -0.02417969740326974
v 0.92531899770833 -0.01756681474342799 -0.033730095618921256
v 0.9453199919138048 -0.01756681561769925 -0.03544079735274885
v 0.919603985157976 -0.017566814493616842 -0.044783598178583114
v 0.95131598075963 -0.017566815879792252 -0.04736749678249929
v 0.9314600052196882 -0.004645825356901695 -0.0710772000193176
v 0.9359829842149049 -0.010691715595303068 -0.0656762964963493
v 0.9287820278703004 -0.010691715280539256 -0.06513929589982602
v 0.9359829842149049 -0.010691715595303068 -0.0656762964963493
v 0.9428880033020622 -0.015178815954434962 -0.05743159576650235
v 0.9246690091614372 -0.015178815158057402 -0.05601659640069577
v 0.9287820278703004 -0.010691715280539256 -0.06513929589982602
v 0.9716110051916031 -0.005811957062391686 -0.07227639331813429
v 0.9714670006237601 -0.0000026168957569702146 -0.07387429698701475
v 0.9730920020542716 -0.0000026169667880416426 -0.07366739436383818
v 0.9732389868589216 -0.005707446908197402 -0.0721065945863304
v 0.9737180291569584 -0.011015516683528922 -0.06712849661107634
v 0.97208301413924 -0.01117301722926624 -0.06723089739080046
v 0.9744210061572304 -0.015138217256468562 -0.05917869731183622
v 0.9727809843478473 -0.015330117132603023 -0.059199998521762824
v 0.97208301413924 -0.01117301722926624 -0.06723089739080046
v 0.9737180291569584 -0.011015516683528922 -0.06712849661107634
v 0.9752560075279971 -0.017377717465403876 -0.04923709704871748
v 0.973615985717718 -0.017590116682728196 -0.04915799795981024
v 0.9761159833428165 -0.017377717502994616 -0.0385994970738468
v 0.9744850214385432 -0.01759011672071496 -0.038411097967582686
v 0.9768870291255226 -0.015138217364261861 -0.028652396419602377
v 0.9752719816622698 -0.015330816664741521 -0.028364297369080523
v 0.9774690090573185 -0.01101551684748948 -0.02069299704726313
v 0.9758720218029363 -0.01117371681814258 -0.020325797045188883
v 0.9777949870916182 -0.005707447107346518 -0.015702497580605487
v 0.9762160004422749 -0.005812646908048945 -0.015268696838575343
v 0.9758720218029363 -0.01117371681814258 -0.020325797045188883
v 0.9774690090573185 -0.01101551684748948 -0.02069299704726313
v 0.9778989974461173 -0.0000026171769085054654 -0.014137597189801671
v 0.9763300243816947 -0.000002617108326511952 -0.013667996408003308
v 0.4824260004862441 0.010683704244524831 0.02666180357937254
v 0.48374999865678164 0.015170904826793001 0.016329602903169767
v 0.47790200814393374 0.015170905082416794 0.016852903744620458
v 0.4853730034360716 0.017558804661292404 0.0036727032684210695
v 0.47233800406549664 0.017558805231070344 0.004787953203958649
v 0.4870979916581938 0.01755880458589077 -0.009775616595106944
v 0.4663989972600768 0.01755880549067259 -0.008088997000413756
v 0.4753950065219446 0.004637864802582722 -0.03823859840031229
v 0.47336099828325645 0.010683704640768692 -0.031421898299413546
v 0.4780539997919692 0.010683704435631072 -0.03177189677353464
v 0.4702389965930305 0.01517090541737769 -0.02095839604135118
v 0.4821210037150702 0.015170904897998641 -0.021881096431570872
v 0.5067609974249495 0.010683703180808288 0.024412802985352648
v 0.5096959899344763 0.015170903692657655 0.014011803647917877
v 0.5033470223822912 0.015170903970179853 0.014579702733499181
v 0.5132880043515988 0.01755880344108891 0.0012861231634814238
v 0.499149991227133 0.017558804059081116 0.00249557323422767
v 0.5170990061292478 0.017558803274504726 -0.012219297134834162
v 0.4946749937066862 0.017558804254689482 -0.010391696722763405
v 0.5015119737231775 0.004637863660973782 -0.04013149663205706
v 0.4999649950369491 0.010683703477871013 -0.03340419604774081
v 0.5050560065611495 0.010683703255335821 -0.03378379567857348
v 0.4975920151153192 0.01517150399347728 -0.023080896952706206
v 0.5104740093627557 0.015171503430387406 -0.02408199607725703
v 0.537681026111473 0.010683701829250854 0.021554503223342066
v 0.5411760042586907 0.015171502088360524 0.011200302845281724
v 0.5343299935737237 0.015171502387609167 0.011812203197223311
v 0.5455519985685178 0.017558802030784873 -0.0014641868356194473
v 0.5303129982480832 0.01755880269690276 -0.000160540806064205
v 0.5500870179662534 0.017558801832552876 -0.014897397154527543
v 0.5259210299978085 0.0175588028888818 -0.0129281965955671
v 0.5353920286738916 0.004637862180029485 -0.04258679821487033
v 0.5333289929731978 0.010683702019484285 -0.03588289617891872
v 0.5388110109671248 0.010683701779857658 -0.0362912960290488
v 0.5300069878974542 0.015171502576573763 -0.025589896732526655
v 0.5438830088058099 0.015171501970033599 -0.026667297252970575
v 0.5715420075758896 0.010684400703716398 0.01843770370487606
v 0.5755880306640252 0.015171500584163014 0.008139202936035747
v 0.568413002339898 0.015171500897793476 0.008780712826592084
v 0.5804850291738646 0.017559500858389657 -0.004451706906365997
v 0.5645190310011046 0.01755950155628563 -0.003085496736275794
v 0.5857299994955198 0.017559500629124716 -0.01780029609199131
v 0.5604190063009398 0.017559501735503413 -0.015737597265797498
v 0.5721340006435263 0.004638550684014607 -0.04523879512544239
v 0.5694989987715683 0.010684400793019164 -0.03857409804459179
v 0.5752360054358444 0.010684400542246628 -0.0390017986237582
v 0.5654010008254632 0.015171501029452257 -0.02833679727609718
v 0.5799289773383721 0.01517150039441421 -0.029465096437888985
v 0.6061140128478012 0.01068439919252599 0.015439203573805437
v 0.6102319787421807 0.015171499069827888 0.005241753166956055
v 0.6030869911590203 0.015171499382145227 0.00588051332761084
v 0.6152670216093198 0.01755949933802042 -0.00742204663674797
v 0.5993670057783262 0.017559500033032215 -0.006061326613235126
v 0.6206049751768247 0.017559499104691054 -0.02063729650672044
v 0.5954010319242613 0.01755950020639045 -0.018582797044473538
v 0.6072349971378195 0.004638549149701258 -0.04778349622483815
v 0.6045610138281784 0.010684399260409748 -0.04118619709606732
v 0.61027399982061 0.01068439901068719 -0.04161249696608152
v 0.6004550288596734 0.015171499497191966 -0.031054096662956127
v 0.6149200032630546 0.015171498864907828 -0.03217759578819837
v 0.6474219986304244 0.010684397386896511 0.011621103255492784
v 0.6510310004630668 0.015171497286445935 0.001598283165549078
v 0.6430759857574089 0.015171497634170686 0.0023092332821759982
v 0.6554450225362912 0.017559497581784152 -0.010658496426003836
v 0.6377320122251645 0.017559498356044454 -0.009143046469944377
v 0.6601270269880429 0.01755949737712723 -0.02365709691639509
v 0.632028026534094 0.017559498605373598 -0.021367496246057407
v 0.6456669992053853 0.004638547469785026 -0.050369495892482664
v 0.6425869890555342 0.010684397598241514 -0.04382099806662169
v 0.6489550300940474 0.010684397319885588 -0.04429539515967932
v 0.6378549765029533 0.015171497862388266 -0.033758296066480536
v 0.6539810131469352 0.015171497157496789 -0.03501109629269209
v 0.6780280300482711 0.010684396049064335 0.008792402787548632
v 0.6819310019889764 0.015172195359017452 -0.0011616568253886386
v 0.6753489802757195 0.01517219564672677 -0.0005730868024331004
v 0.6867030095586911 0.01755949621545409 -0.013331096985894113
v 0.6720589828024045 0.017559496855564852 -0.012078296759682562
v 0.6917620133886472 0.017559495994318 -0.026233496510940462
v 0.6685520243177548 0.017559497008858886 -0.024341896542864706
v 0.679001016005312 0.004638546012708815 -0.05278559624548522
v 0.6766390034064254 0.010684396109780633 -0.046358196431356344
v 0.6819010206564864 0.010684395879770544 -0.04675009697075454
v 0.6730130146423272 0.015172195748835084 -0.03648729845281211
v 0.6863360236564569 0.01517219516646784 -0.037522098416047964
v 0.7138100096091536 0.010685093908237806 0.005485153390509211
v 0.7180020044723443 0.015172193782303793 -0.004383637005048669
v 0.7105499933639459 0.015172194108041558 -0.0037173767514106382
v 0.7231269907484493 0.0175601931152422 -0.016445797303276933
v 0.7065430116186582 0.017560193840150982 -0.01502659674133626
v 0.7285579871664486 0.017560192877845802 -0.02922989650960533
v 0.7022710275183164 0.017560194026885346 -0.02708739637728301
v 0.7144189900005504 0.0046392243300194085 -0.055351695412355344
v 0.7116740175589827 0.010685094001605 -0.04896819814439384
v 0.7176329919204024 0.010685093741129947 -0.04941239803429214
v 0.7074600289741448 0.015172194243108205 -0.03916059657331077
v 0.7225479911247185 0.015172193583592406 -0.04033289700146286
v 0.7512320109710005 0.010685092272470107 0.002025953127485826
v 0.7551050017753532 0.015172192160480207 -0.007697756768721029
v 0.7476209829727104 0.015172192487617073 -0.007028746785181446
v 0.7598410081396542 0.01756019151042147 -0.019584596523600506
v 0.7431830000410519 0.017560192238566155 -0.018159296730118676
v 0.7648619842062435 0.017560191290947626 -0.032185795152145306
v 0.738449020339056 0.01756019244549499 -0.030033696809369008
v 0.7528970068538828 0.004639222648091806 -0.05814049615855782
v 0.7496359773978498 0.010685092342234966 -0.051796196395116734
v 0.7556159921988752 0.010685092080840206 -0.052241796994167256
v 0.7446229885497978 0.015172192618663583 -0.04204499571915238
v 0.7597740124145439 0.01517219195639127 -0.04322209804649918
v 0.7899570294722822 0.01068509057974572 -0.0015535768061456022
v 0.793589992372155 0.015172890832823884 -0.011134297022181446
v 0.7856759856621025 0.015172891178756117 -0.010427397111016206
v 0.798031015349432 0.017560189841083165 -0.022849196934657985
v 0.7804109882841549 0.01756019061127904 -0.02134199663396447
v 0.8027409743795834 0.017560189635204313 -0.0352702982663688
v 0.7747900318632565 0.017560190856978863 -0.03299239500756829
v 0.7881489819133921 0.004639221107178974 -0.060694096976476604
v 0.7851319738730695 0.010685090790655619 -0.05443989708419412
v 0.7914669939383772 0.010685090513743086 -0.054912297421651775
v 0.7851319738730695 0.010685090790655619 -0.05443989708419412
v 0.7804980109611748 0.015172891405092597 -0.044828998291450435
v 0.7965400050560234 0.015172890703874736 -0.04607489555473893
v 0.7914669939383772 0.010685090513743086 -0.054912297421651775
v 0.8260119983062362 0.010685789358309026 -0.004886256897407473
v 0.8303149770179985 0.015172889227523755 -0.014414696389394702
v 0.8219690154472588 0.015172889592337337 -0.01366869676257938
v 0.8355740141402035 0.017560888554602614 -0.026058797159748973
v 0.8169969748984128 0.017560889366630823 -0.02446979693468183
v 0.8411469888220577 0.017560888311000146 -0.0383973963498649
v 0.8116910290251523 0.017560889598561093 -0.03599709495301812
v 0.8259060209835517 0.004639909566794102 -0.06342999860044092
v 0.822697026382408 0.010685789503211068 -0.05723839848633379
v 0.8293729850158309 0.010685789211395636 -0.057735497498470255
v 0.822697026382408 0.010685789503211068 -0.05723839848633379
v 0.8177649806419609 0.01517288977610155 -0.047720896446662844
v 0.8346710036674735 0.015172889037115783 -0.04903419538732142
v 0.8293729850158309 0.010685789211395636 -0.057735497498470255
v 0.8614349790916059 0.010685787809921295 -0.008159816631632755
v 0.8657010029236075 0.015172887680751375 -0.017574796819644876
v 0.8580350111404654 0.015172888015842531 -0.016889997193175264
v 0.870914025260046 0.017560887009841604 -0.0290799964159307
v 0.8538570236693173 0.017560887755426854 -0.027620997646408983
v 0.8764380049238949 0.017560886768380777 -0.04127079843874545
v 0.8494000267515927 0.017560887950248384 -0.03906779586668581
v 0.8577120131100164 0.004639908176509975 -0.06573409810062023
v 0.8558329769477461 0.010685788054792608 -0.05970609783526034
v 0.8619760104522322 0.010685787786272074 -0.06016399561758609
v 0.8619760104522322 0.010685787786272074 -0.06016399561758609
v 0.8558329769477461 0.010685788054792608 -0.05970609783526034
v 0.8529479931274649 0.015172888238203168 -0.05045129581685633
v 0.868486983625054 0.015172887558972293 -0.05165799557562442
v 0.8988200255736921 0.010685786175768947 -0.011615597078162152
v 0.9025730322281426 0.015173586423599832 -0.020868296170192677
v 0.8947729895989006 0.015173586764550537 -0.02017109691496463
v 0.9071609806547909 0.0175608854254368 -0.03217889591451259
v 0.8897960018645077 0.01756088618448416 -0.03069309740658374
v 0.9120240044127255 0.01756088521286727 -0.044168195122438386
v 0.8844830226431637 0.017560886416721867 -0.041923998290258356
v 0.8971190279568182 0.004639906453974578 -0.06858960016961665
v 0.894264979015312 0.010685786374876376 -0.06256919577117534
v 0.9005089827880476 0.01068578610194229 -0.06303469314570995
v 0.894264979015312 0.010685786374876376 -0.06256919577117534
v 0.8898809979836052 0.015173586978386298 -0.05331779866810413
v 0.9056899975220268 0.015173586287352953 -0.05454509555693241
v 0.9005089827880476 0.01068578610194229 -0.06303469314570995
v 0.9350240060195846 0.010686484947818747 -0.014961297059017149
v 0.9396580289284294 0.015173584802563075 -0.024179697403269734
v 0.9306720326820915 0.015173585195353462 -0.023376597458082165
v 0.945319993449316 0.017561584112029415 -0.03544079735274883
v 0.9253189992438413 0.017561584986300675 -0.03373009561892124
v 0.9513159822951412 0.01756158384993641 -0.047367496782499276
v 0.9196039866934873 0.017561585236111822 -0.0447835981785831
v 0.9314600056256106 0.004640595062910499 -0.0710772000193176
v 0.9287820288047713 0.01068648522066426 -0.06513929589982602
v 0.9359829851493758 0.010686484905900448 -0.0656762964963493
v 0.9359829851493758 0.010686484905900448 -0.0656762964963493
v 0.9287820288047713 0.01068648522066426 -0.06513929589982602
v 0.9246690104881828 0.015173585457753914 -0.05601659640069577
v 0.9428880046288078 0.015173584661376355 -0.05743159576650235
v 0.9716110056994718 0.005806723258288443 -0.07227639331813429
v 0.9732389873576538 0.005702212961771477 -0.0721065945863304
v 0.9737180301197367 0.011010282695223765 -0.06712849661107634
v 0.9720830151157875 0.011167783383898641 -0.06723089739080046
v 0.9744210074804266 0.01513298320670718 -0.05917869731183622
v 0.9737180301197367 0.011010282695223765 -0.06712849661107634
v 0.9720830151157875 0.011167783383898641 -0.06723089739080046
v 0.9727809856878199 0.015324883226216907 -0.059199998521762824
v 0.9752560090469767 0.017372483342644338 -0.04923709704871747
v 0.9736159872552661 0.017584882703343928 -0.049157997959810226
v 0.9761159848617961 0.017372483305053598 -0.038599497073846786
v 0.9744850229760913 0.017584882665357165 -0.03841109796758267
v 0.9768870304487188 0.015132983098913881 -0.02865239641960237
v 0.9752719830023037 0.015325582540585482 -0.028364297369080516
v 0.9774690100200968 0.011010282531263208 -0.02069299704726312
v 0.9758720227795449 0.011168482641529373 -0.020325797045188877
v 0.9777949875903503 0.005702212762622361 -0.015702497580605487
v 0.9774690100200968 0.011010282531263208 -0.02069299704726312
v 0.9758720227795449 0.011168482641529373 -0.020325797045188877
v 0.9762160009502039 0.0058074127013641895 -0.01526869683857534
vt 0.11027099937200546 0.007651984691619873
vt 0.11011700332164764 0.023483991622924805
vt 0.11838500201702118 0.02081400156021118
vt 0.10951399803161621 0.04312998056411743
vt 0.12791100144386292 0.0371130108833313
vt 0.10887099802494049 0.0640990138053894
vt 0.13803400099277496 0.054431021213531494
vt 0.13854999840259552 0.09995901584625244
vt 0.13843299448490143 0.08961498737335205
vt 0.13184000551700592 0.09185099601745605
vt 0.13825300335884094 0.07379400730133057
vt 0.12153899669647217 0.07940500974655151
vt 0.02138509973883629 0.17591100931167603
vt 0.021344700828194618 0.19131100177764893
vt 0.030500100925564766 0.18904602527618408
vt 0.02129489928483963 0.21023601293563843
vt 0.04165380075573921 0.20511901378631592
vt 0.021241899579763412 0.23041898012161255
vt 0.053489800542593 0.22217398881912231
vt 0.04513010010123253 0.26872801780700684
vt 0.04703129827976227 0.2581409811973572
vt 0.03972649946808815 0.26006197929382324
vt 0.04993699863553047 0.24195998907089233
vt 0.03143469989299774 0.24676501750946045
vt 0.47683700919151306 0.5363869965076447
vt 0.4768419861793518 0.5516290068626404
vt 0.4867140054702759 0.5491879880428314
vt 0.4768489897251129 0.570360004901886
vt 0.49879398941993713 0.564844012260437
vt 0.476855993270874 0.5903359949588776
vt 0.5116080045700073 0.5814509987831116
vt 0.5045300126075745 0.6272140145301819
vt 0.5061389803886414 0.6168090105056763
vt 0.4982739984989166 0.6188769936561584
vt 0.5085989832878113 0.6009030044078827
vt 0.4886699914932251 0.6060790121555328
vt 0.1097550019621849 0.19132000207901
vt 0.10950499773025513 0.20633602142333984
vt 0.11993400007486343 0.20414000749588013
vt 0.10919799655675888 0.22478801012039185
vt 0.1323779970407486 0.2198140025138855
vt 0.10887099802494049 0.2444620132446289
vt 0.1455720067024231 0.2364320158958435
vt 0.13813599944114685 0.281154990196228
vt 0.13982699811458588 0.27098798751831055
vt 0.131523996591568 0.2728639841079712
vt 0.1424109935760498 0.2554450035095215
vt 0.12136899679899216 0.2601320147514343
vt 0.21768300235271454 0.0059220194816589355
vt 0.21753400564193726 0.020754992961883545
vt 0.22791999578475952 0.018567979335784912
vt 0.21743600070476532 0.039260029792785645
vt 0.24052099883556366 0.034307003021240234
vt 0.21724200248718262 0.05869102478027344
vt 0.2537890076637268 0.05069500207901001
vt 0.2466149926185608 0.09488499164581299
vt 0.2482450008392334 0.08483999967575073
vt 0.23997899889945984 0.08670902252197266
vt 0.2507390081882477 0.06948202848434448
vt 0.2297859936952591 0.07415002584457397
vt 0.6048589944839478 0.8379050046205521
vt 0.6048539876937866 0.8531080037355423
vt 0.6159650087356567 0.8490879982709885
vt 0.6048489809036255 0.8718059957027435
vt 0.6295480132102966 0.8627630025148392
vt 0.604843020439148 0.8917630016803741
vt 0.6439520120620728 0.8772649988532066
vt 0.6412659883499146 0.922123096883297
vt 0.6418759822845459 0.911922998726368
vt 0.6330410242080688 0.9152679964900017
vt 0.6428099870681763 0.8963309973478317
vt 0.6204040050506592 0.9047345966100693
vt 0.6620450019836426 0.825202003121376
vt 0.6618030071258545 0.8396120071411133
vt 0.6714339852333069 0.8379320055246353
vt 0.6615059971809387 0.8573130071163177
vt 0.6829130053520203 0.8534960001707077
vt 0.6611899733543396 0.876180998980999
vt 0.6950830221176147 0.8699959963560104
vt 0.6870139837265015 0.9128270000219345
vt 0.6888480186462402 0.9030918031930923
vt 0.6811779737472534 0.9045460969209671
vt 0.6916519999504089 0.8882070034742355
vt 0.6722170114517212 0.8918289989233017
vt 0.2764419913291931 0.10786700248718262
vt 0.27631500363349915 0.12230998277664185
vt 0.2870599925518036 0.11965197324752808
vt 0.27615800499916077 0.14006000757217407
vt 0.30003899335861206 0.13405698537826538
vt 0.2759909927845001 0.15898901224136353
vt 0.3137950003147125 0.14932399988174438
vt 0.3065969944000244 0.19267600774765015
vt 0.30823299288749695 0.1828179955482483
vt 0.29968398809432983 0.18506699800491333
vt 0.31073498725891113 0.1677510142326355
vt 0.2890639901161194 0.17337900400161743
vt 0.5320860147476196 0.6213630139827728
vt 0.5318999886512756 0.6357829868793488
vt 0.5425909757614136 0.6327390074729919
vt 0.5316709876060486 0.6535089910030365
vt 0.555433988571167 0.6466459929943085
vt 0.5314279794692993 0.6724199950695038
vt 0.5690500140190125 0.6613889932632446
vt 0.566286027431488 0.7035799920558929
vt 0.5669140219688416 0.6939919888973236
vt 0.558417022228241 0.6965470016002655
vt 0.5678750276565552 0.6793299913406372
vt 0.5463240146636963 0.6857370138168335
vt 0.16387799382209778 0.2877659797668457
vt 0.16368700563907623 0.3023409843444824
vt 0.1747400015592575 0.29834097623825073
vt 0.16345100104808807 0.3202679753303528
vt 0.1880200058221817 0.3112720251083374
vt 0.1632000058889389 0.339402973651886
vt 0.20210200548171997 0.3249809741973877
vt 0.1813410073518753 0.13588297367095947
vt 0.1723960041999817 0.13173699378967285
vt 0.1723960041999817 0.14113497734069824
vt 0.19047600030899048 0.36169499158859253
vt 0.1992660015821457 0.35836702585220337
vt 0.20054200291633606 0.3433459997177124
vt 0.17825299501419067 0.35170602798461914
vt 0.05673469975590706 0.2757070064544678
vt 0.05680479854345322 0.2900109887123108
vt 0.06846210360527039 0.2857930064201355
vt 0.0568912997841835 0.3076019883155823
vt 0.08279410004615784 0.298117995262146
vt 0.05698389932513237 0.3263769745826721
vt 0.097980797290802 0.3111780285835266
vt 0.21274299919605255 0.20599299669265747
vt 0.20379799604415894 0.2016180157661438
vt 0.20379799604415894 0.21152102947235107
vt 0.08502209931612015 0.34797602891921997
vt 0.09428460150957108 0.34446901082992554
vt 0.09594769775867462 0.32948899269104004
vt 0.07245949655771255 0.3382989764213562
vt 0.33081701397895813 0.194877028465271
vt 0.3307499885559082 0.20873701572418213
vt 0.3416999876499176 0.2056189775466919
vt 0.33066800236701965 0.22577399015426636
vt 0.3550010025501251 0.21874600648880005
vt 0.33058199286460876 0.24394702911376953
vt 0.36909499764442444 0.23265498876571655
vt 0.12110400199890137 0.09641200304031372
vt 0.11215899884700775 0.0908460021018982
vt 0.11215899884700775 0.09995901584625244
vt 0.3591359853744507 0.2664179801940918
vt 0.36361899971961975 0.2512180209159851
vt 0.34151700139045715 0.2577890157699585
vt 0.35040798783302307 0.2690420150756836
vt 0.14328299462795258 0.11934900283813477
vt 0.14320600032806396 0.13335198163986206
vt 0.15410000085830688 0.12940901517868042
vt 0.14311100542545319 0.1505720019340515
vt 0.16732299327850342 0.14170700311660767
vt 0.1430100053548813 0.16895300149917603
vt 0.1813410073518753 0.1547430157661438
vt 0.1813410073518753 0.12635499238967896
vt 0.1723960041999817 0.12207400798797607
vt 0.1723960041999817 0.1313369870185852
vt 0.16903400421142578 0.19051802158355713
vt 0.17769700288772583 0.18723797798156738
vt 0.17933599650859833 0.17261701822280884
vt 0.15737199783325195 0.18085402250289917
vt 0.5400639772415161 0.7086659967899323
vt 0.5399799942970276 0.722681999206543
vt 0.5523650050163269 0.7177059948444366
vt 0.5398769974708557 0.7399249970912933
vt 0.5673909783363342 0.7287479937076569
vt 0.5397679805755615 0.7583349943161011
vt 0.5833070278167725 0.7404420077800751
vt 0.1925169974565506 0.2764419913291931
vt 0.18357299268245697 0.27047300338745117
vt 0.18357299268245697 0.281154990196228
vt 0.5753920078277588 0.7748750001192093
vt 0.5789560079574585 0.7593690007925034
vt 0.5539889931678772 0.7697409987449646
vt 0.5655390024185181 0.7790039926767349
vt 0.8958590030670166 0.9607653990387917
vt 0.8958529829978943 0.9693596996366978
vt 0.8982200026512146 0.9693596996366978
vt 0.8982359766960144 0.9609200991690159
vt 0.8982999920845032 0.9530666992068291
vt 0.895904004573822 0.9528332985937595
vt 0.48206400871276855 0.1265680193901062
vt 0.47964999079704285 0.1268100142478943
vt 0.47965601086616516 0.13873600959777832
vt 0.4820519983768463 0.1383739709854126
vt 0.4820129871368408 0.11180698871612549
vt 0.47958600521087646 0.11190199851989746
vt 0.48190799355506897 0.09601902961730957
vt 0.47947999835014343 0.09595102071762085
vt 0.48176199197769165 0.08125901222229004
vt 0.4793449938297272 0.08104300498962402
vt 0.4815930128097534 0.06945300102233887
vt 0.4791930019855499 0.06911802291870117
vt 0.901121973991394 0.9777982998639345
vt 0.8987389802932739 0.9779541008174419
vt 0.8988850116729736 0.9858862003311515
vt 0.9012849926948547 0.9856518004089594
vt 0.901075005531311 0.9693586006760597
vt 0.898701012134552 0.9693586006760597
vt 0.561227023601532 0.6205610036849976
vt 0.5613089799880981 0.6051500141620636
vt 0.5528150200843811 0.6069720089435577
vt 0.5614100098609924 0.5862709879875183
vt 0.5424699783325195 0.5902589857578278
vt 0.5615180134773254 0.5662130117416382
vt 0.5314279794692993 0.5724210143089294
vt 0.539201021194458 0.526526004076004
vt 0.537443995475769 0.5369029939174652
vt 0.5442720055580139 0.5355429947376251
vt 0.534745991230011 0.5528320074081421
vt 0.5520269870758057 0.5493339896202087
vt 0.34364399313926697 0.19267600774765015
vt 0.34441399574279785 0.17670702934265137
vt 0.3354499936103821 0.17963802814483643
vt 0.3453559875488281 0.1571660041809082
vt 0.3253780007362366 0.16361397504806519
vt 0.34635499119758606 0.13642901182174683
vt 0.3146379888057709 0.1465269923210144
vt 0.3145959973335266 0.10137999057769775
vt 0.3146060109138489 0.11159199476242065
vt 0.321819007396698 0.10935097932815552
vt 0.3146199882030487 0.12726300954818726
vt 0.33285701274871826 0.12153398990631104
vt 0.1404239982366562 0.19051802158355713
vt 0.1408900022506714 0.17435699701309204
vt 0.1314689964056015 0.17818397283554077
vt 0.1416029930114746 0.15454602241516113
vt 0.12060599774122238 0.1629830002784729
vt 0.14220799505710602 0.1335800290107727
vt 0.10887099802494049 0.14681798219680786
vt 0.10944099724292755 0.10075998306274414
vt 0.1094219982624054 0.1111379861831665
vt 0.1170009970664978 0.10818898677825928
vt 0.10917499661445618 0.12713801860809326
vt 0.1283400058746338 0.11961102485656738
vt 0.17985600233078003 0.281154990196228
vt 0.17998400330543518 0.2647849917411804
vt 0.170414000749588 0.26947498321533203
vt 0.18007199466228485 0.24479800462722778
vt 0.15874400734901428 0.2551500201225281
vt 0.18023799359798431 0.22358101606369019
vt 0.14637400209903717 0.23984897136688232
vt 0.14691300690174103 0.19289100170135498
vt 0.146807000041008 0.20349401235580444
vt 0.15450400114059448 0.19986099004745483
vt 0.14657500386238098 0.21980500221252441
vt 0.1660420000553131 0.21054500341415405
vt 0.3088270127773285 0.10706597566604614
vt 0.3091079890727997 0.090798020362854
vt 0.299576997756958 0.09546899795532227
vt 0.3093479871749878 0.07063800096511841
vt 0.2881070077419281 0.08094698190689087
vt 0.3097130060195923 0.04955500364303589
vt 0.2759909927845001 0.06575500965118408
vt 0.276854008436203 0.0191500186920166
vt 0.27665799856185913 0.02967900037765503
vt 0.2843230068683624 0.02606099843978882
vt 0.2763589918613434 0.04584997892379761
vt 0.2957429885864258 0.03662902116775513
vt 0.6986140012741089 0.9994999999762513
vt 0.698835015296936 0.9837407991290092
vt 0.6880499720573425 0.9885670002549887
vt 0.699105978012085 0.9644685015082359
vt 0.6750580072402954 0.9751206003129482
vt 0.6993939876556396 0.944030798971653
vt 0.6611899733543396 0.9607684016227722
vt 0.6662999987602234 0.9136285036802292
vt 0.665145993232727 0.9242731034755707
vt 0.6738250255584717 0.9205415993928909
vt 0.6633729934692383 0.9406281001865864
vt 0.6853280067443848 0.9311086982488632
vt 0.2123440057039261 0.281154990196228
vt 0.21245700120925903 0.2653369903564453
vt 0.20367799699306488 0.2696390151977539
vt 0.21259500086307526 0.24599802494049072
vt 0.19303399324417114 0.2554929852485657
vt 0.21274299919605255 0.22549599409103394
vt 0.18168799579143524 0.24041402339935303
vt 0.18104000389575958 0.19558799266815186
vt 0.18118500709533691 0.20571798086166382
vt 0.1882449984550476 0.2023860216140747
vt 0.18140999972820282 0.2212730050086975
vt 0.19926300644874573 0.21277999877929688
vt 0.5113800168037415 0.5355859994888306
vt 0.5113840103149414 0.5197229981422424
vt 0.5016210079193115 0.5249379873275757
vt 0.5113909840583801 0.5003339946269989
vt 0.48962700366973877 0.5118519961833954
vt 0.5113980174064636 0.4797840118408203
vt 0.47683700919151306 0.49789702892303467
vt 0.47704100608825684 0.45238298177719116
vt 0.47699400782585144 0.46266400814056396
vt 0.48485299944877625 0.4586139917373657
vt 0.47692400217056274 0.4784560203552246
vt 0.4967939853668213 0.4681370258331299
vt 0.7348489761352539 0.9994999999762513
vt 0.7350429892539978 0.9840166997164488
vt 0.7250620126724243 0.9889083998277783
vt 0.7352820038795471 0.9650874994695187
vt 0.7130299806594849 0.9758877996355295
vt 0.7355350255966187 0.9450205005705357
vt 0.7001950144767761 0.9619971998035908
vt 0.7052500247955322 0.9155158028006554
vt 0.7041079998016357 0.9260080978274345
vt 0.7121319770812988 0.922221302986145
vt 0.7023550271987915 0.9421333000063896
vt 0.7226570248603821 0.93247489631176
vt 0.05885859951376915 0.17510998249053955
vt 0.058796100318431854 0.15995097160339355
vt 0.04824100062251091 0.16512298583984375
vt 0.05872020125389099 0.14141499996185303
vt 0.03518170118331909 0.1528400182723999
vt 0.05864020064473152 0.1217619776725769
vt 0.021241899579763412 0.13972800970077515
vt 0.18357299268245697 0.2648199796676636
vt 0.1925169974565506 0.27007198333740234
vt 0.1925169974565506 0.26067399978637695
vt 0.024154899641871452 0.1046220064163208
vt 0.022849300876259804 0.12035298347473145
vt 0.04434569925069809 0.11012697219848633
vt 0.032654501497745514 0.10061001777648926
vt 0.6227629780769348 0.7790039926767349
vt 0.6225749850273132 0.7635370045900345
vt 0.6118509769439697 0.7697560042142868
vt 0.6223459839820862 0.7446349859237671
vt 0.5984309911727905 0.7583819925785065
vt 0.6221029758453369 0.724606990814209
vt 0.5841079950332642 0.7462430000305176
vt 0.19416700303554535 0.2756270170211792
vt 0.20311200618743896 0.281154990196228
vt 0.20311200618743896 0.27125102281570435
vt 0.5855849981307983 0.7108809947967529
vt 0.5849230289459229 0.7267250120639801
vt 0.6067690253257751 0.7143940031528473
vt 0.5942249894142151 0.7060390114784241
vt 0.08695569634437561 0.26872801780700684
vt 0.08838819712400436 0.2535030245780945
vt 0.07799570262432098 0.2581530213356018
vt 0.09013939648866653 0.23489701747894287
vt 0.06698209792375565 0.2451540231704712
vt 0.09199529886245728 0.21518301963806152
vt 0.05523410066962242 0.23128902912139893
vt 0.1296059936285019 0.022781014442443848
vt 0.13854999840259552 0.02632802724838257
vt 0.13854999840259552 0.01721501350402832
vt 0.06266409903764725 0.19572097063064575
vt 0.05429130047559738 0.1993200182914734
vt 0.05471380054950714 0.2136560082435608
vt 0.07586909830570221 0.20448297262191772
vt 0.7733820080757141 0.9994999999762513
vt 0.773144006729126 0.9847299996763468
vt 0.7629250288009644 0.9901882102712989
vt 0.7728530168533325 0.9666741006076336
vt 0.7500640153884888 0.9787357002496719
vt 0.7725459933280945 0.9475346989929676
vt 0.7363370060920715 0.9665117003023624
vt 0.1296059936285019 0.031009018421173096
vt 0.13854999840259552 0.035991013050079346
vt 0.13854999840259552 0.02672898769378662
vt 0.7377240061759949 0.9327419996261597
vt 0.7371019721031189 0.9478751011192799
vt 0.7579219937324524 0.9370642974972725
vt 0.7459579706192017 0.928498700261116
vt 0.6117820143699646 0.7035799920558929
vt 0.6116989850997925 0.6883159875869751
vt 0.6003940105438232 0.6954100131988525
vt 0.6115990281105042 0.6696690022945404
vt 0.5863839983940125 0.6853579878807068
vt 0.6114929914474487 0.6499190032482147
vt 0.5714250206947327 0.6746250092983246
vt 0.7404720187187195 0.9947878201492131
vt 0.7494170069694519 0.9994999999762513
vt 0.7494170069694519 0.9888180000707507
vt 0.5789830088615417 0.6360830068588257
vt 0.5698519945144653 0.6416270136833191
vt 0.5705569982528687 0.6564159989356995
vt 0.5936229825019836 0.6423130035400391
vt 0.8958590030670166 0.9779540002346039
vt 0.8982359766960144 0.9777993001043797
vt 0.8982999920845032 0.985652799718082
vt 0.895904004573822 0.9858862003311515
vt 0.4853360056877136 0.08128601312637329
vt 0.4853239953517914 0.06947898864746094
vt 0.48292800784111023 0.06911802291870117
vt 0.4829219877719879 0.08104300498962402
vt 0.4852850139141083 0.09604597091674805
vt 0.48285800218582153 0.09595197439193726
vt 0.48517999053001404 0.11183500289916992
vt 0.4827519953250885 0.11190301179885864
vt 0.4850350022315979 0.12659502029418945
vt 0.48261699080467224 0.12681102752685547
vt 0.4848650097846985 0.13840001821517944
vt 0.482464998960495 0.13873600959777832
vt 0.901121973991394 0.9609187990427017
vt 0.9012849926948547 0.9530652984976768
vt 0.8988850116729736 0.9528310000896454
vt 0.8987389802932739 0.9607629999518394
vn 0.035993169059330705 -0.9146222592874386 0.40270412786189286
vn 0.02438815873819263 -0.9610710302721863 0.27522298683961544
vn 0.02520134882390802 -0.9590945704383413 0.2819618714882366
vn 0.006278557220973863 -0.9972840835423982 0.07338280747029127
vn 0.0070491894383127906 -0.9966594320745896 0.08136513617649561
vn -0.007599360726502468 -0.9956136609552257 -0.09325067203983725
vn -0.007224656277183682 -0.9958573958057246 -0.09064133472493145
vn -0.05002820954077186 -0.7397516106089255 -0.67101768445522
vn -0.03886501697164499 -0.8524955347740301 -0.5212877071695958
vn -0.03896164523508279 -0.8548101745428778 -0.5174761402215088
vn -0.021335444341020953 -0.960804096636823 -0.2764060178445287
vn -0.02144003951406299 -0.9619599325496677 -0.27234796286125273
vn 0.03615365354798162 -0.913829789210724 0.4044848942620922
vn 0.025222151001537678 -0.9590287131117063 0.28218393031170275
vn 0.024307453111606998 -0.9612738418358051 0.27452094405611177
vn 0.006925266516808428 -0.9967820165510055 0.07986020388267318
vn 0.006268813615296045 -0.9972925445628007 0.07326856444144765
vn -0.007397383567263488 -0.9956459862913141 -0.09292119617372215
vn -0.0075253528784493245 -0.9956989133192138 -0.09234198979333073
vn -0.05024773821681508 -0.7370651322401102 -0.6739511522654762
vn -0.03881753404090661 -0.8562578873942714 -0.5150879821215812
vn -0.03912191589576801 -0.8503725203086253 -0.5247247396498483
vn -0.021314134662811148 -0.9625056652093938 -0.27042291342154795
vn -0.021483049458523265 -0.9602063500055739 -0.278464080259799
vn 0.036442254920874814 -0.9123808778899014 0.4077169308688748
vn 0.025457562329663726 -0.958243195356979 0.28481904970046856
vn 0.02420305614072649 -0.9615469729002911 0.27357198500529156
vn 0.007012648187285612 -0.9967062391438122 0.08079291811291156
vn 0.006067754121999661 -0.997463673554433 0.07091827902036708
vn -0.007191695767446906 -0.9958792601667315 -0.09040342184758438
vn -0.007848134055180946 -0.9953211028602785 -0.09630321382410378
vn -0.050533133079398926 -0.7335289702352658 -0.6777769930344127
vn -0.039261832659312074 -0.8528358875765777 -0.520700928900365
vn -0.038931936010439996 -0.8519480587830882 -0.5221769905828929
vn -0.021650731072044984 -0.9613145130363026 -0.27460089743084
vn -0.02123293181292753 -0.9611405050213384 -0.2752418794695936
vn 0.03676155182859494 -0.9107607263773932 0.4112948912832208
vn 0.025806565159663637 -0.9570632835755272 0.28872805964486736
vn 0.02413155311812425 -0.9617258095747977 0.2729489610564712
vn 0.007185189208793872 -0.9965463751906335 0.08272662902864522
vn 0.005876895710256162 -0.9976208875753682 0.06868789391257772
vn -0.007167652282445817 -0.9960988477171396 -0.0879528870324598
vn -0.007970275862500698 -0.9949273284219868 -0.10028003720463795
vn -0.05084342246064807 -0.7296398650869356 -0.6819388635855904
vn -0.03930365996736838 -0.8488564414227012 -0.5271602831856339
vn -0.039387950879165086 -0.8519962652737931 -0.5220641275600622
vn -0.021540252313374336 -0.9599584410099946 -0.27931310220599537
vn -0.02161604852905096 -0.9615052435392589 -0.2739350526904144
vn 0.037095256896551784 -0.9090548648561001 0.41502192062255744
vn 0.025964351711207163 -0.9565257187417354 0.2904899341213449
vn 0.02416216626389922 -0.9616363961436061 0.27326110468446346
vn 0.007196286714457586 -0.9965350317775883 0.0828621982424087
vn 0.005814955261636912 -0.9976708083890572 0.06796428756067593
vn -0.007196486081875151 -0.9960673244317019 -0.08830682752507994
vn -0.008101340321862329 -0.9947575656285895 -0.10193995247042016
vn -0.05114231542530817 -0.7258427846469946 -0.6859567883976618
vn -0.03962873330161601 -0.8461138721170497 -0.5315269314983037
vn -0.03965224889810184 -0.84985228526968 -0.5255271566524657
vn -0.021775845954334207 -0.9590551431143628 -0.28238102804342585
vn -0.021792052903860198 -0.9608734645778784 -0.2761291210653815
vn 0.03750066057799853 -0.9069549661390808 0.4195549902597662
vn 0.025613765838535363 -0.957718324756033 0.28656508061183306
vn 0.024817861406608206 -0.9594090757286954 0.2809240095908729
vn 0.006693525227425016 -0.9970108566010284 0.07697108898614764
vn 0.006169623823825989 -0.9973776267385583 0.0721096763495269
vn -0.007488029918183245 -0.9957415665879223 -0.09188395930179757
vn -0.00793011595960504 -0.994963286411214 -0.0999258322690572
vn -0.05147342354573595 -0.7216068720984192 -0.6903868544582933
vn -0.0397618374328718 -0.8449880305655407 -0.5333050013687578
vn -0.0397334301552265 -0.8495708267302985 -0.5259759166510353
vn -0.021811547673745442 -0.9588792305817568 -0.2829750475695942
vn -0.02176593678099276 -0.9610767170921942 -0.27542292544255675
vn 0.03780575265481904 -0.9053537930345755 0.42297190746444346
vn 0.02681496102611564 -0.9535600461187116 0.3000069937705595
vn 0.024902758193626938 -0.9592210074700309 0.2815580072783027
vn 0.0076134172501098035 -0.9961170882429784 0.08770850807137283
vn 0.006079077567249409 -0.997454172884091 0.07105081148055215
vn -0.007394874358218463 -0.9958470607331953 -0.09074110128426816
vn -0.008286572868424978 -0.994522890324441 -0.10418998671089427
vn -0.051762242905759016 -0.7178661725616269 -0.6942541526711135
vn -0.04031665213444641 -0.8402223005351751 -0.5407412072739122
vn -0.04045854985910397 -0.8429152058476944 -0.5365231229817009
vn -0.02229024125938433 -0.9570810336192241 -0.28896200482235684
vn -0.022419235375753424 -0.9584797491142429 -0.2842779422028104
vn 0.038168160070125405 -0.9034320180072121 0.4270290158716126
vn 0.026711247129333968 -0.9539265570587558 0.2988488464338182
vn 0.024965847807764965 -0.9589105724962765 0.282607891606202
vn 0.00736842882234539 -0.9963743020297083 0.08475822385763813
vn 0.005996336893320429 -0.997523056686552 0.07008420166185785
vn -0.007470676579361049 -0.9957613496323209 -0.09167073453324896
vn -0.008312012256025323 -0.9944718543926179 -0.10467397610277113
vn -0.052070158104442085 -0.7138223842926795 -0.6983883606688277
vn -0.04038032025048746 -0.8396667090758636 -0.5415987882244357
vn -0.04053272325242332 -0.8427156912991881 -0.5368308504397582
vn -0.02226254046964019 -0.9571468775250379 -0.2887459681725577
vn -0.02238753666235596 -0.9587197672046556 -0.28346993874702636
vn 0.03855425756870141 -0.901361941526462 0.431346982823542
vn 0.02676305269400851 -0.9537438024901065 0.2994269497259897
vn 0.025385164446111174 -0.9574882788411739 0.2873530742967791
vn 0.00723928913944332 -0.9965013602771041 0.08326242645177045
vn 0.006193747205666439 -0.9973570902369328 0.07239110476896507
vn -0.007419329704584241 -0.9958194926198859 -0.09104115368891129
vn -0.008537849447614263 -0.9941594518784095 -0.10758294180598656
vn -0.052406749877375945 -0.7093462565880427 -0.7029092550477769
vn -0.041072120845876636 -0.8335706948395115 -0.5508838149682707
vn -0.04051472621856574 -0.8430138302170845 -0.536363905405794
vn -0.022843731596031286 -0.9547875987769219 -0.2964098600731223
vn -0.022276245717463165 -0.9592101233183425 -0.2818150247952461
vn 0.03896083839800749 -0.8991524902357516 0.4358977544954446
vn 0.02663036159918509 -0.9542121243732601 0.297943023983054
vn 0.02577536078984331 -0.9561060508578797 0.2918849949707983
vn 0.006936458380000198 -0.9967923438550518 0.07973022499087092
vn 0.006365537673762908 -0.9972082140403248 0.07439931303869404
vn -0.00784527967397832 -0.995324574357435 -0.09626756082413185
vn -0.008272590299048777 -0.9945135767256206 -0.10427995952318588
vn -0.05271771949792553 -0.7051698539751083 -0.7070758934482652
vn -0.04092782103668063 -0.8348566497336418 -0.5489437929885983
vn -0.04101364771872815 -0.8389051831374653 -0.5427301119395345
vn -0.04101364771872815 -0.8389051831374653 -0.5427301119395345
vn -0.04092782103668063 -0.8348566497336418 -0.5489437929885983
vn -0.022620551648561363 -0.9556974979584366 -0.2934801578285976
vn -0.022665934563919493 -0.9577516688987235 -0.28670192906929326
vn 0.03934655768614591 -0.8970318778093943 0.4402109251165882
vn 0.027037166108311066 -0.9527683462533241 0.30249209911423725
vn 0.025652563309495294 -0.9564541841486743 0.29075305608049257
vn 0.007129808205433111 -0.9966163043712329 0.08188472199610682
vn 0.006093914393879685 -0.9974417035569383 0.07122437934298119
vn -0.007762790104958922 -0.9954225638399692 -0.09525575304436208
vn -0.008512799238204142 -0.9941815046821003 -0.10738094801763132
vn -0.05305230936802187 -0.7006127632196212 -0.7115667280617376
vn -0.041145833453935174 -0.8329138581377818 -0.5518709317507274
vn -0.04123833896942617 -0.8371920787470626 -0.5453520172166
vn -0.04123833896942617 -0.8371920787470626 -0.5453520172166
vn -0.041145833453935174 -0.8329138581377818 -0.5518709317507274
vn -0.022740339341743358 -0.9551988286852665 -0.29508994331375843
vn -0.02278063845546075 -0.9573768710083901 -0.28794195486199275
vn 0.03973167454994672 -0.8948862894012993 0.4445221288968986
vn 0.02771454425702344 -0.9503084360089739 0.3100738307029528
vn 0.02594115737652321 -0.9554939357366653 0.2938679892816224
vn 0.007559813067037222 -0.996189562927183 0.08688615506132111
vn 0.006159528287885685 -0.9973862537872504 0.07199111728196166
vn -0.008112310348500709 -0.9947225753151949 -0.10227995199019235
vn -0.008436042669518105 -0.9945919092275034 -0.103516990312062
vn -0.05333593981219675 -0.6967071453759015 -0.7153701357384947
vn -0.041379344082294635 -0.8358081027326455 -0.5474601038338542
vn -0.041895246742183555 -0.8261291940340771 -0.5619211181874356
vn -0.041379344082294635 -0.8358081027326455 -0.5474601038338542
vn -0.022946439761647244 -0.956724849294962 -0.29008795846052854
vn -0.02337593878982121 -0.9525838489828071 -0.3033769538755294
vn -0.041895246742183555 -0.8261291940340771 -0.5619211181874356
vn 0.04014564181852857 -0.8925525680322306 0.4491528033331741
vn 0.02757864950566105 -0.9508076338132637 0.30855187825366864
vn 0.0264991534248735 -0.9535147588076066 0.30017894597029465
vn 0.007240459426665741 -0.9965064377730378 0.08320153378502888
vn 0.006469626995464192 -0.9971160612114653 0.07561550370573882
vn -0.00813767085717877 -0.9949686353682714 -0.09985586085162994
vn -0.008567453629280757 -0.9941131067370723 -0.10800800781366397
vn -0.05369014758322002 -0.6917792830712518 -0.7201102634776959
vn -0.0418265563323743 -0.8267644044914666 -0.5609912286758552
vn -0.042116748409265235 -0.829271183307018 -0.5572571076621713
vn -0.042116748409265235 -0.829271183307018 -0.5572571076621713
vn -0.0418265563323743 -0.8267644044914666 -0.5609912286758552
vn -0.02324783456003016 -0.9531536515782819 -0.3015918677140627
vn -0.023485030346750833 -0.9545756007343316 -0.29704187555343514
vn 0.04055376274880223 -0.8902220719577253 0.45371803460542354
vn 0.027660161744247465 -0.950509104490416 0.3094630151296101
vn 0.02624356403492547 -0.9542702659137546 0.29779109278089
vn 0.007131936822526167 -0.9966220971628436 0.08181400200390594
vn 0.006080008661924137 -0.9974533606383903 0.07106213369898395
vn -0.008215970408823256 -0.9945695816973129 -0.10374895176662628
vn -0.008630365716244526 -0.9943392226730254 -0.10590102474295303
vn -0.05399923574215054 -0.6874050191908591 -0.7242640555284228
vn -0.041933141174320614 -0.8315691418716853 -0.5538360533208754
vn -0.041945123298732144 -0.8256727749857007 -0.562587837834117
vn -0.041933141174320614 -0.8315691418716853 -0.5538360533208754
vn -0.023273543154967147 -0.9556041283618539 -0.29373302852555633
vn -0.023213835017127857 -0.9532297385842654 -0.30135391708483
vn -0.041945123298732144 -0.8256727749857007 -0.562587837834117
vn 0.1214649668917951 -0.4748139630649638 -0.8716639044359462
vn 0.12652799587033076 -5.530714368877237e-9 -0.9919630367413078
vn 0.12561402340925637 -5.490763362042527e-9 -0.9920791889375256
vn 0.12168404731477418 -0.4852542696064996 -0.8658644734932588
vn 0.11464101415019667 -0.7916703407002998 -0.6000962502216504
vn 0.11363593262392187 -0.7837137184546594 -0.6106387494441068
vn 0.11387497492084542 -0.9317021344171958 -0.34491103607918727
vn 0.11326402064644417 -0.9288694871608942 -0.3526651917165331
vn 0.11363593262392187 -0.7837137184546594 -0.6106387494441068
vn 0.11464101415019667 -0.7916703407002998 -0.6000962502216504
vn 0.1221569052075246 -0.9854496204632239 -0.11818094617580126
vn 0.12190500138582241 -0.9851663820774887 -0.12077404630745094
vn 0.13974794605316782 -0.9854268875109147 0.09697608439441192
vn 0.140140944971602 -0.9850819251360735 0.09987049770915228
vn 0.16833186711332151 -0.9316035444574183 0.3221478208346564
vn 0.169804973347346 -0.928532097308502 0.33014302248325916
vn 0.2102608974643531 -0.7914627451302234 0.5739138246012336
vn 0.21283388144229062 -0.7829766579452248 0.5845077347846952
vn 0.26074993191020107 -0.4860129232683322 0.8341468164687771
vn 0.2627398125961521 -0.47510672075856614 0.8397865173762797
vn 0.21283388144229062 -0.7829766579452248 0.5845077347846952
vn 0.2102608974643531 -0.7914627451302234 0.5739138246012336
vn 0.28586893245386685 -1.4863137920670234e-8 0.9582687271625253
vn 0.2867689462082011 -1.2535069495967498e-8 0.9579997763520812
vn 0.03592843550085213 0.9149459451589338 0.40197396054929513
vn 0.025247836032097515 0.9589417744551298 0.2824769370772477
vn 0.024287529724517733 0.9613924966182015 0.2741068830695469
vn 0.0070493464147714366 0.996659430967582 0.08136513613643304
vn 0.0062786844996714246 0.9972840903763766 0.07338270370541719
vn -0.007224578926631592 0.9958573869514988 -0.09064143816966565
vn -0.007599313520555508 0.9956136336475766 -0.09325096744316033
vn -0.05002847374596057 0.7397521118779375 -0.6710171121415467
vn -0.03896167093535263 0.854810174599121 -0.5174761381935844
vn -0.03886516113373887 0.8524959687175548 -0.5212869867648398
vn -0.021439955416851234 0.9619599344240121 -0.2723479628612523
vn -0.021335360344855583 0.9608040985020232 -0.27640601784452823
vn 0.036153532534802336 0.9138297926962338 0.40448489720385533
vn 0.02430743662543719 0.96127384206101 0.2745209447272916
vn 0.025222134950927195 0.9590287147526072 0.28218392616958105
vn 0.006268920824031834 0.9972925438895744 0.0732685644322511
vn 0.006925363436681615 0.9967820158780712 0.07986020387726533
vn -0.007525256120655592 0.9956989229559138 -0.09234189376849228
vn -0.007397326325814505 0.995645986718513 -0.09292119615323645
vn -0.05024794201946651 0.7370655541305114 -0.6739506756707723
vn -0.039122042411630455 0.8503725170363464 -0.5247247355202646
vn -0.03881766004702724 0.8562578841014944 -0.515087978099378
vn -0.02148306418923587 0.9602063498472662 -0.2784640796692288
vn -0.021314156318744185 0.9625059238829068 -0.2704219910264918
vn 0.03644263603152268 0.9123808646710474 0.4077169263854349
vn 0.024193946602977072 0.9615761935886276 0.27347006576841004
vn 0.02548425369936899 0.9581544311760329 0.28511513258878257
vn 0.006048936026239951 0.9974794651990806 0.07069743191309455
vn 0.007040206218053208 0.9966804433574078 0.0811081335335025
vn -0.007848057217709902 0.9953210937908085 -0.09630331382136596
vn -0.007191608704913283 0.9958792607954456 -0.09040342184758392
vn -0.05050127405675599 0.7339161191769512 -0.6773601341464434
vn -0.038957966814732216 0.8517291221371933 -0.5225320844934483
vn -0.03920927130730508 0.8532761652554849 -0.5199830947737095
vn -0.02123284778735241 0.9611405068775769 -0.27524187946959316
vn -0.0216506470312576 0.9613145149290662 -0.27460089743083954
vn 0.036761531002924105 0.9107607265312077 0.411294892804017
vn 0.024135646941268112 0.9617131952224972 0.27299304145282055
vn 0.025793139843458487 0.9571089076862735 0.288577983852899
vn 0.005886405031977818 0.9976132435512992 0.06879801252111424
vn 0.007171400882541217 0.9965596572486427 0.08256767257134995
vn -0.00797017957055363 0.9949273291926184 -0.10028003721208115
vn -0.007167585157364435 0.9960988390623762 -0.08795299052106288
vn -0.050843458996333496 0.7296398658004487 -0.68193886009817
vn -0.03938406269033886 0.8520290131608786 -0.5220109733885896
vn -0.03931905190255343 0.8487267774240099 -0.5273678691776164
vn -0.021606654836772016 0.9615408002093628 -0.2738109603348682
vn -0.021556847407936553 0.9598935134733798 -0.27953487281833245
vn 0.03709533636865522 0.909054861613126 0.4150219206225579
vn 0.024162250332826346 0.9616363940312784 0.27326110468446385
vn 0.02596443533334465 0.9565257164718557 0.2904899341213453
vn 0.00581504248079261 0.9976708078806938 0.06796428756067638
vn 0.007196373834320529 0.9965350311484651 0.08286219824240915
vn -0.008101253357390361 0.9947575663368277 -0.10193995247041975
vn -0.007196399002900429 0.9960673250608348 -0.0883068275250795
vn -0.05114225197011381 0.7258427891179955 -0.6859567883976616
vn -0.039652174601652206 0.849852288736187 -0.5255271566524653
vn -0.03962865933198886 0.8461138755815008 -0.5315269314983032
vn -0.021791968901630494 0.9608734664829967 -0.27612912106538107
vn -0.02177576211106722 0.9590551450180642 -0.2823810280434254
vn 0.03750073986652298 0.9069549628606651 0.41955499025976667
vn 0.024817945280816784 0.959409073559045 0.28092400959087327
vn 0.025613849564933792 0.9577183225168026 0.2865650806118335
vn 0.006169711017350931 0.9973776261991889 0.07210967634952735
vn 0.006693612388885891 0.997010856015858 0.07697108898614809
vn -0.00793002897714839 0.9949632871044831 -0.09992583226905677
vn -0.007487942867687178 0.9957415672425429 -0.09188395930179713
vn -0.05147336046085684 0.7216068765983666 -0.6903868544582932
vn -0.039733355883382754 0.8495708302039023 -0.5259759166510348
vn -0.03976176356166884 0.844988034041628 -0.5333050013687574
vn -0.021765852760994155 0.9610767189950294 -0.2754229254425563
vn -0.021811463845857214 0.9588792324885795 -0.28297504756959374
vn 0.03780583180336447 0.9053537897294878 0.42297190746444385
vn 0.024902842051394068 0.9592210052929588 0.28155800727830316
vn 0.026815044388985788 0.9535600437744693 0.30000699377055995
vn 0.006079164767466228 0.9974541723526376 0.0710508114805526
vn 0.007613504333434961 0.9961170875773886 0.08770850807137329
vn -0.008286485924468975 0.9945228910488724 -0.10418998671089383
vn -0.007394787298499805 0.9958470613796719 -0.09074110128426771
vn -0.05176218014790225 0.7178661770868237 -0.6942541526711131
vn -0.04045847616911311 0.8429152093846903 -0.5365231229817005
vn -0.04031657867987681 0.840222304059766 -0.5407412072739117
vn -0.022419151582788975 0.9584797510741914 -0.28427794220280994
vn -0.022290157588699483 0.9570810355678956 -0.2889620048223565
vn 0.03816823905066392 0.9034320146704417 0.42702901587161296
vn 0.02496593163839301 0.9589105703136888 0.2826078916062024
vn 0.02671133052424552 0.9539265547235806 0.29884884643381865
vn 0.005996424099559262 0.9975230561623317 0.07008420166185829
vn 0.007368515928156894 0.9963743013855362 0.08475822385763859
vn -0.008311934745864186 0.9944717498009628 -0.10467497594263776
vn -0.007470589527135493 0.9957613502854245 -0.09167073453324852
vn -0.05207009570010452 0.713822388844795 -0.6983883606688273
vn -0.04053274999746624 0.8427156914070072 -0.5368308482511533
vn -0.04038024684448923 0.8396667126060207 -0.5415987882244353
vn -0.022387452848408464 0.9587197691618327 -0.28346993874702586
vn -0.02226245679319908 0.9571468794712875 -0.28874596817255727
vn 0.03855433636826809 0.9013619381559381 0.43134698282354256
vn 0.02538524815239835 0.9574882766219284 0.28735307429677953
vn 0.02676313607294315 0.9537438001504023 0.29942694972599015
vn 0.00619383439739602 0.9973570896954542 0.0723911047689655
vn 0.007239376256362607 0.9965013596442216 0.0832624264517709
vn -0.008537762535431058 0.9941594526248082 -0.10758294180598608
vn -0.007419242647275663 0.9958194932685004 -0.09104115368891083
vn -0.05240668786435392 0.7093462611695841 -0.7029092550477767
vn -0.04051465251995287 0.8430138337589915 -0.5363639054057936
vn -0.04107204797280891 0.8335706984301476 -0.5508838149682702
vn -0.02227616186064738 0.9592101252657905 -0.2818150247952457
vn -0.02284364812584488 0.954787600773981 -0.29640986007312187
vn 0.0389609170044178 0.8991524868296832 0.43589775449544504
vn 0.025775444375292268 0.9561060486045222 0.29188499497079873
vn 0.026630445019061724 0.9542121220451559 0.2979430239830544
vn 0.006365624852477319 0.9972082134838279 0.07439931303869449
vn 0.006936545522358079 0.9967923432486435 0.07973022499087136
vn -0.008272503355906994 0.9945135774488296 -0.10427995952318543
vn -0.007845192659936868 0.9953245750432873 -0.09626756082413139
vn -0.052717657850016225 0.7051698585838356 -0.7070758934482649
vn -0.04101357437930462 0.8389051867229895 -0.542730111939534
vn -0.040927748051191135 0.8348566533116626 -0.5489437929885977
vn -0.04101357437930462 0.8389051867229895 -0.542730111939534
vn -0.022665850834605837 0.957751670880239 -0.2867019290692928
vn -0.022620468098829054 0.9556974999359847 -0.2934801578285972
vn -0.040927748051191135 0.8348566533116626 -0.5489437929885977
vn 0.03934663610716638 0.8970318743696053 0.44021092511658866
vn 0.025652646925379035 0.956454181906052 0.290753056080493
vn 0.027037249401968604 0.952768343889656 0.3024920991142377
vn 0.006094001593006399 0.9974417030241877 0.07122437934298163
vn 0.007129895332401133 0.9966163037479215 0.08188472199610729
vn -0.008512712324093017 0.994181505426309 -0.10738094801763085
vn -0.007762703082350963 0.9954225645186103 -0.09525575304436167
vn -0.053052248118506104 0.7006127678575991 -0.7115667280617373
vn -0.04123826577976699 0.83719208235223 -0.5453520172165995
vn -0.04114576063828994 0.8329138617348621 -0.5518709317507271
vn -0.04123826577976699 0.83719208235223 -0.5453520172165995
vn -0.02278055475891297 0.9573768729999333 -0.2879419548619923
vn -0.022740255835606092 0.9551988306732866 -0.295089943313758
vn -0.04114576063828994 0.8329138617348621 -0.5518709317507271
vn 0.03973175278339389 0.8948862859278424 0.44452212889689907
vn 0.025941339562213082 0.955493931021861 0.29386798852904894
vn 0.027714627335628798 0.9503084335860877 0.3100738307029533
vn 0.006159615482164828 0.9973862532487636 0.07199111728196211
vn 0.007559900156698317 0.9961895622662792 0.08688615506132155
vn -0.008435955719528277 0.9945919099650019 -0.10351699031206156
vn -0.008112223387087688 0.9947225760243917 -0.10227995199019191
vn -0.05333587890412096 0.6967071500386752 -0.7153701357384943
vn -0.041895174519672514 0.8261291976966731 -0.5619211181874352
vn -0.04137927101362649 0.83580810635014 -0.5474601038338539
vn -0.04137927101362649 0.83580810635014 -0.5474601038338539
vn -0.041895174519672514 0.8261291976966731 -0.5619211181874352
vn -0.02337585551229274 0.9525838510263932 -0.30337695387552893
vn -0.022946356122101018 0.9567248513009999 -0.2900879584605281
vn 0.04014571984795531 0.8925525645225832 0.44915280333317453
vn 0.026499236783784505 0.9535147564909733 0.3001789459702951
vn 0.027578732627907658 0.9508076314022577 0.3085518782536691
vn 0.006469714166122347 0.9971160606458688 0.07561550370573926
vn 0.007240546544028919 0.996506437140053 0.08320153378502936
vn -0.008567366721149171 0.9941131074860592 -0.10800800781366353
vn -0.008137583874254499 0.9949686360796854 -0.0998558608516295
vn -0.053690087105951655 0.6917792877649915 -0.7201102634776957
vn -0.04211667591207276 0.8292711869889784 -0.557257107662171
vn -0.041826484054331384 0.8267644081480575 -0.5609912286758546
vn -0.04211667591207276 0.8292711869889784 -0.557257107662171
vn -0.023484946895097888 0.9545756027874546 -0.2970418755534347
vn -0.02324775123268796 0.9531536536106688 -0.30159186771406227
vn -0.041826484054331384 0.8267644081480575 -0.5609912286758546
vn 0.040553840574490525 0.890222068412399 0.453718034605424
vn 0.026243647459885014 0.9542702636194657 0.29779109278089055
vn 0.027660244840395812 0.950509102072284 0.30946301512961055
vn 0.006080095862069949 0.9974533601068554 0.07106213369898441
vn 0.007132023950000609 0.9966220965393459 0.08181400200390639
vn -0.008630278788345255 0.9943392234275121 -0.10590102474295256
vn -0.008215883460785363 0.9945695824155719 -0.10374895176662581
vn -0.05399917564729248 0.68740502391162 -0.7242640555284225
vn -0.041945051116122525 0.8256727786526571 -0.5625878378341166
vn -0.0419330684762342 0.8315691455375941 -0.5538360533208748
vn -0.0419330684762342 0.8315691455375941 -0.5538360533208748
vn -0.041945051116122525 0.8256727786526571 -0.5625878378341166
vn -0.023213751683133922 0.9532297406136799 -0.30135391708482956
vn -0.023273459613397458 0.9556041303964882 -0.2937330285255559
vn 0.12146500840135134 0.4748139524461573 -0.871663904435946
vn 0.12168408973705105 0.48525425896854035 -0.8658644734932586
vn 0.11464108336021836 0.791670330678061 -0.6000962502216499
vn 0.11363600113835351 0.7837137085202874 -0.6106387494441063
vn 0.11387505637283582 0.9317021244619255 -0.34491103607918683
vn 0.11464108336021836 0.791670330678061 -0.6000962502216499
vn 0.11363600113835351 0.7837137085202874 -0.6106387494441063
vn 0.11326410185079668 0.9288694772590353 -0.35266519171653266
vn 0.12215699135826963 0.9854496097839239 -0.11818094617580081
vn 0.12190508751180594 0.9851663714202107 -0.12077404630745046
vn 0.13974803220192536 0.9854268752937568 0.09697608439441234
vn 0.140141031090202 0.9850819128845586 0.09987049770915273
vn 0.1683319485566927 0.9316035297413748 0.3221478208346568
vn 0.16980505452220274 0.9285320824636754 0.3301430224832596
vn 0.21026096665622585 0.7914627267486279 0.5739138246012341
vn 0.212833949892286 0.7829766393386918 0.5845077347846956
vn 0.260749974398801 0.486012900472846 0.8341468164687773
vn 0.21026096665622585 0.7914627267486279 0.5739138246012341
vn 0.212833949892286 0.7829766393386918 0.5845077347846956
vn 0.26273985413130146 0.4751066977891191 0.83978651737628
f 890/890/890 891/891/891 892/892/892
f 891/891/891 893/893/893 894/894/894
f 894/894/894 892/892/892 891/891/891
f 893/893/893 895/895/895 896/896/896
f 896/896/896 894/894/894 893/893/893
f 897/897/897 898/898/898 899/899/899
f 899/899/899 898/898/898 900/900/900
f 900/900/900 901/901/901 899/899/899
f 901/901/901 900/900/900 896/896/896
f 896/896/896 895/895/895 901/901/901
f 902/902/902 903/903/903 904/904/904
f 904/904/904 903/903/903 905/905/905
f 905/905/905 906/906/906 904/904/904
f 906/906/906 905/905/905 907/907/907
f 907/907/907 908/908/908 906/906/906
f 909/909/909 910/910/910 911/911/911
f 910/910/910 912/912/912 913/913/913
f 913/913/913 911/911/911 910/910/910
f 912/912/912 908/908/908 907/907/907
f 907/907/907 913/913/913 912/912/912
f 914/914/914 915/915/915 916/916/916
f 916/916/916 915/915/915 917/917/917
f 917/917/917 918/918/918 916/916/916
f 918/918/918 917/917/917 919/919/919
f 919/919/919 920/920/920 918/918/918
f 921/921/921 922/922/922 923/923/923
f 922/922/922 924/924/924 925/925/925
f 925/925/925 923/923/923 922/922/922
f 924/924/924 920/920/920 919/919/919
f 919/919/919 925/925/925 924/924/924
f 926/926/926 927/927/927 928/928/928
f 928/928/928 927/927/927 929/929/929
f 929/929/929 930/930/930 928/928/928
f 930/930/930 929/929/929 931/931/931
f 931/931/931 932/932/932 930/930/930
f 933/933/933 934/934/934 935/935/935
f 935/935/935 934/934/934 936/936/936
f 936/936/936 937/937/937 935/935/935
f 937/937/937 936/936/936 932/932/932
f 932/932/932 931/931/931 937/937/937
f 938/938/938 939/939/939 940/940/940
f 940/940/940 939/939/939 941/941/941
f 941/941/941 942/942/942 940/940/940
f 942/942/942 941/941/941 943/943/943
f 943/943/943 944/944/944 942/942/942
f 945/945/945 946/946/946 947/947/947
f 947/947/947 946/946/946 948/948/948
f 948/948/948 949/949/949 947/947/947
f 949/949/949 948/948/948 944/944/944
f 944/944/944 943/943/943 949/949/949
f 950/950/950 951/951/951 952/952/952
f 952/952/952 951/951/951 953/953/953
f 953/953/953 954/954/954 952/952/952
f 954/954/954 953/953/953 955/955/955
f 955/955/955 956/956/956 954/954/954
f 957/957/957 958/958/958 959/959/959
f 959/959/959 958/958/958 960/960/960
f 960/960/960 961/961/961 959/959/959
f 961/961/961 960/960/960 956/956/956
f 956/956/956 955/955/955 961/961/961
f 962/962/962 963/963/963 964/964/964
f 964/964/964 963/963/963 965/965/965
f 965/965/965 966/966/966 964/964/964
f 966/966/966 965/965/965 967/967/967
f 967/967/967 968/968/968 966/966/966
f 969/969/969 970/970/970 971/971/971
f 971/971/971 970/970/970 972/972/972
f 972/972/972 973/973/973 971/971/971
f 973/973/973 972/972/972 968/968/968
f 968/968/968 967/967/967 973/973/973
f 974/974/974 975/975/975 976/976/976
f 976/976/976 975/975/975 977/977/977
f 977/977/977 978/978/978 976/976/976
f 978/978/978 977/977/977 979/979/979
f 979/979/979 980/980/980 978/978/978
f 981/981/981 982/982/982 983/983/983
f 983/983/983 982/982/982 984/984/984
f 984/984/984 985/985/985 983/983/983
f 985/985/985 984/984/984 980/980/980
f 980/980/980 979/979/979 985/985/985
f 986/986/986 987/987/987 988/988/988
f 988/988/988 987/987/987 989/989/989
f 989/989/989 990/990/990 988/988/988
f 990/990/990 989/989/989 991/991/991
f 991/991/991 992/992/992 990/990/990
f 993/993/993 994/994/994 995/995/995
f 995/995/995 994/994/994 996/996/996
f 996/996/996 997/997/997 995/995/995
f 997/997/997 996/996/996 992/992/992
f 992/992/992 991/991/991 997/997/997
f 998/998/998 999/999/999 1000/1000/1000
f 1000/1000/1000 999/999/999 1001/1001/1001
f 1001/1001/1001 1002/1002/1002 1000/1000/1000
f 1002/1002/1002 1001/1001/1001 1003/1003/1003
f 1003/1003/1003 1004/1004/1004 1002/1002/1002
f 1005/1005/1005 1006/1006/1006 1007/1007/1007
f 1008/1008/1008 1009/1009/1009 1010/1010/1010
f 1010/1010/1010 1011/1011/1011 1008/1008/1008
f 1011/1011/1011 1010/1010/1010 1004/1004/1004
f 1004/1004/1004 1003/1003/1003 1011/1011/1011
f 1012/1012/1012 1013/1013/1013 1014/1014/1014
f 1014/1014/1014 1013/1013/1013 1015/1015/1015
f 1015/1015/1015 1016/1016/1016 1014/1014/1014
f 1016/1016/1016 1015/1015/1015 1017/1017/1017
f 1017/1017/1017 1018/1018/1018 1016/1016/1016
f 1019/1019/1019 1020/1020/1020 1021/1021/1021
f 1022/1022/1022 1023/1023/1023 1024/1024/1024
f 1024/1024/1024 1025/1025/1025 1022/1022/1022
f 1025/1025/1025 1024/1024/1024 1018/1018/1018
f 1018/1018/1018 1017/1017/1017 1025/1025/1025
f 1026/1026/1026 1027/1027/1027 1028/1028/1028
f 1028/1028/1028 1027/1027/1027 1029/1029/1029
f 1029/1029/1029 1030/1030/1030 1028/1028/1028
f 1030/1030/1030 1029/1029/1029 1031/1031/1031
f 1031/1031/1031 1032/1032/1032 1030/1030/1030
f 1033/1033/1033 1034/1034/1034 1035/1035/1035
f 1036/1036/1036 1037/1037/1037 1038/1038/1038
f 1038/1038/1038 1039/1039/1039 1036/1036/1036
f 1037/1037/1037 1032/1032/1032 1031/1031/1031
f 1031/1031/1031 1038/1038/1038 1037/1037/1037
f 1040/1040/1040 1041/1041/1041 1042/1042/1042
f 1042/1042/1042 1041/1041/1041 1043/1043/1043
f 1043/1043/1043 1044/1044/1044 1042/1042/1042
f 1044/1044/1044 1043/1043/1043 1045/1045/1045
f 1045/1045/1045 1046/1046/1046 1044/1044/1044
f 1047/1047/1047 1048/1048/1048 1049/1049/1049
f 1050/1050/1050 1051/1051/1051 1052/1052/1052
f 1052/1052/1052 1053/1053/1053 1050/1050/1050
f 1053/1053/1053 1052/1052/1052 1046/1046/1046
f 1046/1046/1046 1045/1045/1045 1053/1053/1053
f 1054/1054/1054 1055/1055/1055 1056/1056/1056
f 1056/1056/1056 1055/1055/1055 1057/1057/1057
f 1057/1057/1057 1058/1058/1058 1056/1056/1056
f 1058/1058/1058 1057/1057/1057 1059/1059/1059
f 1059/1059/1059 1060/1060/1060 1058/1058/1058
f 1061/1061/1061 1062/1062/1062 1063/1063/1063
f 1064/1064/1064 1065/1065/1065 1066/1066/1066
f 1066/1066/1066 1067/1067/1067 1064/1064/1064
f 1065/1065/1065 1060/1060/1060 1059/1059/1059
f 1059/1059/1059 1066/1066/1066 1065/1065/1065
f 1068/1068/1068 1069/1069/1069 1070/1070/1070
f 1070/1070/1070 1071/1071/1071 1068/1068/1068
f 1072/1072/1072 1073/1073/1073 1068/1068/1068
f 1068/1068/1068 1071/1071/1071 1072/1072/1072
f 1074/1074/1074 1075/1075/1075 1076/1076/1076
f 1076/1076/1076 1077/1077/1077 1074/1074/1074
f 1078/1078/1078 1079/1079/1079 1075/1075/1075
f 1075/1075/1075 1074/1074/1074 1078/1078/1078
f 1080/1080/1080 1081/1081/1081 1079/1079/1079
f 1079/1079/1079 1078/1078/1078 1080/1080/1080
f 1082/1082/1082 1083/1083/1083 1081/1081/1081
f 1081/1081/1081 1080/1080/1080 1082/1082/1082
f 1084/1084/1084 1085/1085/1085 1083/1083/1083
f 1083/1083/1083 1082/1082/1082 1084/1084/1084
f 1086/1086/1086 1087/1087/1087 1088/1088/1088
f 1088/1088/1088 1089/1089/1089 1086/1086/1086
f 1087/1087/1087 1086/1086/1086 1090/1090/1090
f 1090/1090/1090 1091/1091/1091 1087/1087/1087
f 1092/1092/1092 1093/1093/1093 1094/1094/1094
f 1094/1094/1094 1093/1093/1093 1095/1095/1095
f 1095/1095/1095 1096/1096/1096 1094/1094/1094
f 1096/1096/1096 1095/1095/1095 1097/1097/1097
f 1097/1097/1097 1098/1098/1098 1096/1096/1096
f 1099/1099/1099 1100/1100/1100 1101/1101/1101
f 1100/1100/1100 1102/1102/1102 1103/1103/1103
f 1103/1103/1103 1101/1101/1101 1100/1100/1100
f 1102/1102/1102 1098/1098/1098 1097/1097/1097
f 1097/1097/1097 1103/1103/1103 1102/1102/1102
f 1104/1104/1104 1105/1105/1105 1106/1106/1106
f 1105/1105/1105 1107/1107/1107 1108/1108/1108
f 1108/1108/1108 1106/1106/1106 1105/1105/1105
f 1107/1107/1107 1109/1109/1109 1110/1110/1110
f 1110/1110/1110 1108/1108/1108 1107/1107/1107
f 1111/1111/1111 1112/1112/1112 1113/1113/1113
f 1113/1113/1113 1112/1112/1112 1114/1114/1114
f 1114/1114/1114 1115/1115/1115 1113/1113/1113
f 1115/1115/1115 1114/1114/1114 1110/1110/1110
f 1110/1110/1110 1109/1109/1109 1115/1115/1115
f 1116/1116/1116 1117/1117/1117 1118/1118/1118
f 1117/1117/1117 1119/1119/1119 1120/1120/1120
f 1120/1120/1120 1118/1118/1118 1117/1117/1117
f 1119/1119/1119 1121/1121/1121 1122/1122/1122
f 1122/1122/1122 1120/1120/1120 1119/1119/1119
f 1123/1123/1123 1124/1124/1124 1125/1125/1125
f 1125/1125/1125 1124/1124/1124 1126/1126/1126
f 1126/1126/1126 1127/1127/1127 1125/1125/1125
f 1127/1127/1127 1126/1126/1126 1122/1122/1122
f 1122/1122/1122 1121/1121/1121 1127/1127/1127
f 1128/1128/1128 1129/1129/1129 1130/1130/1130
f 1129/1129/1129 1131/1131/1131 1132/1132/1132
f 1132/1132/1132 1130/1130/1130 1129/1129/1129
f 1131/1131/1131 1133/1133/1133 1134/1134/1134
f 1134/1134/1134 1132/1132/1132 1131/1131/1131
f 1135/1135/1135 1136/1136/1136 1137/1137/1137
f 1136/1136/1136 1138/1138/1138 1139/1139/1139
f 1139/1139/1139 1137/1137/1137 1136/1136/1136
f 1138/1138/1138 1134/1134/1134 1133/1133/1133
f 1133/1133/1133 1139/1139/1139 1138/1138/1138
f 1140/1140/1140 1141/1141/1141 1142/1142/1142
f 1141/1141/1141 1143/1143/1143 1144/1144/1144
f 1144/1144/1144 1142/1142/1142 1141/1141/1141
f 1143/1143/1143 1145/1145/1145 1146/1146/1146
f 1146/1146/1146 1144/1144/1144 1143/1143/1143
f 1147/1147/1147 1148/1148/1148 1149/1149/1149
f 1148/1148/1148 1150/1150/1150 1151/1151/1151
f 1151/1151/1151 1149/1149/1149 1148/1148/1148
f 1150/1150/1150 1146/1146/1146 1145/1145/1145
f 1145/1145/1145 1151/1151/1151 1150/1150/1150
f 1152/1152/1152 1153/1153/1153 1154/1154/1154
f 1153/1153/1153 1155/1155/1155 1156/1156/1156
f 1156/1156/1156 1154/1154/1154 1153/1153/1153
f 1155/1155/1155 1157/1157/1157 1158/1158/1158
f 1158/1158/1158 1156/1156/1156 1155/1155/1155
f 1159/1159/1159 1160/1160/1160 1161/1161/1161
f 1160/1160/1160 1162/1162/1162 1163/1163/1163
f 1163/1163/1163 1161/1161/1161 1160/1160/1160
f 1162/1162/1162 1158/1158/1158 1157/1157/1157
f 1157/1157/1157 1163/1163/1163 1162/1162/1162
f 1164/1164/1164 1165/1165/1165 1166/1166/1166
f 1165/1165/1165 1167/1167/1167 1168/1168/1168
f 1168/1168/1168 1166/1166/1166 1165/1165/1165
f 1167/1167/1167 1169/1169/1169 1170/1170/1170
f 1170/1170/1170 1168/1168/1168 1167/1167/1167
f 1171/1171/1171 1172/1172/1172 1173/1173/1173
f 1172/1172/1172 1174/1174/1174 1175/1175/1175
f 1175/1175/1175 1173/1173/1173 1172/1172/1172
f 1174/1174/1174 1170/1170/1170 1169/1169/1169
f 1169/1169/1169 1175/1175/1175 1174/1174/1174
f 1176/1176/1176 1177/1177/1177 1178/1178/1178
f 1177/1177/1177 1179/1179/1179 1180/1180/1180
f 1180/1180/1180 1178/1178/1178 1177/1177/1177
f 1179/1179/1179 1181/1181/1181 1182/1182/1182
f 1182/1182/1182 1180/1180/1180 1179/1179/1179
f 1183/1183/1183 1184/1184/1184 1185/1185/1185
f 1184/1184/1184 1186/1186/1186 1187/1187/1187
f 1187/1187/1187 1185/1185/1185 1184/1184/1184
f 1186/1186/1186 1182/1182/1182 1181/1181/1181
f 1181/1181/1181 1187/1187/1187 1186/1186/1186
f 1188/1188/1188 1189/1189/1189 1190/1190/1190
f 1189/1189/1189 1191/1191/1191 1192/1192/1192
f 1192/1192/1192 1190/1190/1190 1189/1189/1189
f 1191/1191/1191 1193/1193/1193 1194/1194/1194
f 1194/1194/1194 1192/1192/1192 1191/1191/1191
f 1195/1195/1195 1196/1196/1196 1197/1197/1197
f 1196/1196/1196 1198/1198/1198 1199/1199/1199
f 1199/1199/1199 1197/1197/1197 1196/1196/1196
f 1198/1198/1198 1194/1194/1194 1193/1193/1193
f 1193/1193/1193 1199/1199/1199 1198/1198/1198
f 1200/1200/1200 1201/1201/1201 1202/1202/1202
f 1201/1201/1201 1203/1203/1203 1204/1204/1204
f 1204/1204/1204 1202/1202/1202 1201/1201/1201
f 1203/1203/1203 1205/1205/1205 1206/1206/1206
f 1206/1206/1206 1204/1204/1204 1203/1203/1203
f 1207/1207/1207 1208/1208/1208 1209/1209/1209
f 1210/1210/1210 1211/1211/1211 1212/1212/1212
f 1212/1212/1212 1213/1213/1213 1210/1210/1210
f 1211/1211/1211 1206/1206/1206 1205/1205/1205
f 1205/1205/1205 1212/1212/1212 1211/1211/1211
f 1214/1214/1214 1215/1215/1215 1216/1216/1216
f 1215/1215/1215 1217/1217/1217 1218/1218/1218
f 1218/1218/1218 1216/1216/1216 1215/1215/1215
f 1217/1217/1217 1219/1219/1219 1220/1220/1220
f 1220/1220/1220 1218/1218/1218 1217/1217/1217
f 1221/1221/1221 1222/1222/1222 1223/1223/1223
f 1224/1224/1224 1225/1225/1225 1226/1226/1226
f 1226/1226/1226 1227/1227/1227 1224/1224/1224
f 1225/1225/1225 1220/1220/1220 1219/1219/1219
f 1219/1219/1219 1226/1226/1226 1225/1225/1225
f 1228/1228/1228 1229/1229/1229 1230/1230/1230
f 1229/1229/1229 1231/1231/1231 1232/1232/1232
f 1232/1232/1232 1230/1230/1230 1229/1229/1229
f 1231/1231/1231 1233/1233/1233 1234/1234/1234
f 1234/1234/1234 1232/1232/1232 1231/1231/1231
f 1235/1235/1235 1236/1236/1236 1237/1237/1237
f 1238/1238/1238 1239/1239/1239 1240/1240/1240
f 1240/1240/1240 1241/1241/1241 1238/1238/1238
f 1241/1241/1241 1240/1240/1240 1234/1234/1234
f 1234/1234/1234 1233/1233/1233 1241/1241/1241
f 1242/1242/1242 1243/1243/1243 1244/1244/1244
f 1243/1243/1243 1245/1245/1245 1246/1246/1246
f 1246/1246/1246 1244/1244/1244 1243/1243/1243
f 1245/1245/1245 1247/1247/1247 1248/1248/1248
f 1248/1248/1248 1246/1246/1246 1245/1245/1245
f 1249/1249/1249 1250/1250/1250 1251/1251/1251
f 1252/1252/1252 1253/1253/1253 1254/1254/1254
f 1254/1254/1254 1255/1255/1255 1252/1252/1252
f 1253/1253/1253 1248/1248/1248 1247/1247/1247
f 1247/1247/1247 1254/1254/1254 1253/1253/1253
f 1256/1256/1256 1257/1257/1257 1258/1258/1258
f 1257/1257/1257 1259/1259/1259 1260/1260/1260
f 1260/1260/1260 1258/1258/1258 1257/1257/1257
f 1259/1259/1259 1261/1261/1261 1262/1262/1262
f 1262/1262/1262 1260/1260/1260 1259/1259/1259
f 1263/1263/1263 1264/1264/1264 1265/1265/1265
f 1266/1266/1266 1267/1267/1267 1268/1268/1268
f 1268/1268/1268 1269/1269/1269 1266/1266/1266
f 1269/1269/1269 1268/1268/1268 1262/1262/1262
f 1262/1262/1262 1261/1261/1261 1269/1269/1269
f 1270/1270/1270 1271/1271/1271 1070/1070/1070
f 1070/1070/1070 1069/1069/1069 1270/1270/1270
f 1272/1272/1272 1271/1271/1271 1270/1270/1270
f 1270/1270/1270 1273/1273/1273 1272/1272/1272
f 1274/1274/1274 1275/1275/1275 1276/1276/1276
f 1276/1276/1276 1277/1277/1277 1274/1274/1274
f 1278/1278/1278 1274/1274/1274 1277/1277/1277
f 1277/1277/1277 1279/1279/1279 1278/1278/1278
f 1280/1280/1280 1278/1278/1278 1279/1279/1279
f 1279/1279/1279 1281/1281/1281 1280/1280/1280
f 1282/1282/1282 1280/1280/1280 1281/1281/1281
f 1281/1281/1281 1283/1283/1283 1282/1282/1282
f 1284/1284/1284 1282/1282/1282 1283/1283/1283
f 1283/1283/1283 1285/1285/1285 1284/1284/1284
f 1286/1286/1286 1287/1287/1287 1288/1288/1288
f 1288/1288/1288 1289/1289/1289 1286/1286/1286
f 1289/1289/1289 1091/1091/1091 1090/1090/1090
f 1090/1090/1090 1286/1286/1286 1289/1289/1289
o defaultMaterial_7
usemtl 05___Default
v 0.9718839944180895 -0.006877696970472869 -0.07422979398961638
v 0.9312950194653918 -0.006877695196272353 -0.07128629311318967
v 0.9310650054417229 -0.000002615129729599621 -0.07326239570375058
v 0.9717269960842704 -0.000002616907121732691 -0.07618249430652235
v 0.9723390160120335 -0.012923517181865074 -0.0686081968187866
v 0.9358179984606115 -0.012923515585480631 -0.06588539704080197
v 0.9723390160120335 -0.012923517181865074 -0.0686081968187866
v 0.973035019252934 -0.017410717852430313 -0.059994897240358336
v 0.9427230175477644 -0.017410716527450583 -0.057640595728116965
v 0.9358179984606115 -0.012923515585480631 -0.06588539704080197
v 0.9738899881732138 -0.019798617795245388 -0.0494295976996002
v 0.9511509950053366 -0.019798616801292388 -0.04757659732695196
v 0.45490999173041957 -0.01979859510990834 0.006295813346696272
v 0.4540009910952725 -0.019798595070174656 -0.0070617565825160595
v 0.466387015093533 -0.019798595611584983 -0.00826913713808619
v 0.47232500861999166 -0.019798595871142934 0.004607803287399183
v 0.4557640071851398 -0.01741069524179535 0.018847502401513234
v 0.47788901290718566 -0.017410696208910108 0.01667270400230325
v 0.4564600108183238 -0.012923494632076675 0.029080003133458272
v 0.4824130056417796 -0.012923495766518153 0.026481702557248243
v 0.45691500313848793 -0.0068776744604624445 0.035759204632085935
v 0.48317299492925936 -0.006877675608235765 0.03327630237345137
v 0.45707200207334564 -0.0000025944108365669306 0.03807840273384489
v 0.45691500313848793 -0.0068776744604624445 0.035759204632085935
v 0.48317299492925936 -0.006877675608235765 0.03327630237345137
v 0.48438699283224146 -0.000002595604812781985 0.03547730446462072
v 0.49466199826118123 -0.0197985968475238 -0.010573196591394777
v 0.499136995781628 -0.019798597043132166 0.002314053109330301
v 0.4853600079905666 -0.019798596440920878 0.00349255311903096
v 0.4870849962126888 -0.019798596516322507 -0.009955766977327698
v 0.5033340271455431 -0.01741069732114705 0.014398202864867812
v 0.48373801669899474 -0.017410696464578195 0.01614950374369062
v 0.5067480025804849 -0.012923496830234697 0.024231303116721278
v 0.4531470056516315 -0.017410695127402568 -0.019614197680312022
v 0.4702260013562824 -0.017410695873949212 -0.021137796708899367
v 0.45245100241073105 -0.01292349445683733 -0.02984669654961191
v 0.4733480034387919 -0.012923495370274294 -0.031602098041730746
v 0.45199601061910927 -0.006877674245446428 -0.03652509524818025
v 0.4753820122060233 -0.0068776752676810654 -0.03841869755979143
v 0.5170860106837428 -0.019798597827708552 -0.012400797003465533
v 0.5258080179583705 -0.019798598208959614 -0.013111097173350694
v 0.530198972929684 -0.019798598400894363 -0.0003434358104642654
v 0.5132750089060939 -0.01979859766112437 0.0011046031549993766
v 0.5343169983369493 -0.017410698675455787 0.011628702847701667
v 0.5096829946977282 -0.017410697598669245 0.013831003202540043
v 0.5376680312670084 -0.01292349818179213 0.021370902290982364
v 0.48210800847832214 -0.01741069639332826 -0.02206129617388808
v 0.4975789900762225 -0.01741069706958637 -0.023262396821337575
v 0.4780410049475047 -0.012923495575411913 -0.03195199593301378
v 0.49995200019248454 -0.012923496533171971 -0.03358569591637217
v 0.5014989794072562 -0.006877676409290006 -0.040312996500688425
v 0.5499729926478542 -0.01979859926524425 -0.015080997155564673
v 0.5603059942614711 -0.01979859971691411 -0.015922597044664272
v 0.5644050056826747 -0.019798599896087603 -0.003270456701102505
v 0.5454379732501186 -0.01979859906701225 -0.001647766813221222
v 0.568249982212224 -0.017410700158713682 0.008595753094596018
v 0.5411630090219164 -0.01741069897470443 0.011016702844244596
v 0.5713789878404947 -0.012923499655344901 0.018252802646202194
v 0.5104610141259813 -0.01741069763267755 -0.024263596528726457
v 0.5298939760667467 -0.01741069848211933 -0.025772797310310246
v 0.505044024995646 -0.012923496755751454 -0.03396529554720484
v 0.5332150278604837 -0.01292349798714515 -0.0360657967567023
v 0.5014989794072562 -0.006877676409290006 -0.040312996500688425
v 0.5353789747533255 -0.006877677890231697 -0.04277039542193973
v 0.58561597417709 -0.019798600823248517 -0.017985297733503235
v 0.5952380115878261 -0.019798601243841148 -0.018769096949654476
v 0.599203985441891 -0.01979860141719938 -0.0062476567863997395
v 0.5803720171343959 -0.019798600594027868 -0.004636666638362064
v 0.6029230173570299 -0.017410701674320246 0.005694183154446227
v 0.5754250105363512 -0.017410700472344144 0.00795424320403968
v 0.6059509931124063 -0.012923501166535309 0.015252902737301927
v 0.5437699969751024 -0.01741069908865949 -0.026850195968109017
v 0.5652879889947557 -0.017410700029240833 -0.028521696472125897
v 0.5386969862497659 -0.01292349822676917 -0.03647419660683238
v 0.5693359790361734 -0.012923499566042135 -0.03875909596081341
v 0.5353789747533255 -0.006877677890231697 -0.04277039542193973
v 0.5719709814366751 -0.0068776794897191735 -0.04542369618411625
v 0.620441001166073 -0.019798602345498854 -0.020823596411901377
v 0.6318639929186975 -0.019798602844813704 -0.021556597569542788
v 0.6375679786097681 -0.019798603094142848 -0.009332816483038334
v 0.6151040012728846 -0.019798602112211173 -0.007608376809912583
v 0.6429130252343797 -0.017410703422339077 0.002120153146279189
v 0.6100690182191515 -0.017410701986681876 0.005055422993791442
v 0.6472580252207131 -0.0129235029721231 0.011432002863329979
v 0.5798150118333483 -0.017410700664237194 -0.02964999749656285
v 0.6002909954530382 -0.0174107015592709 -0.031240396568137065
v 0.5750729857004495 -0.012923499816814671 -0.03918669595714176
v 0.6043979940927835 -0.012923501098651551 -0.0413724951386031
v 0.5719709814366751 -0.0068776794897191735 -0.04542369618411625
v 0.6070710242566519 -0.006877681023990835 -0.04796979799266423
v 0.6599629933726465 -0.019798604073060073 -0.023846896731811434
v 0.6683879907023584 -0.019798604441328416 -0.02453309706743327
v 0.6718950087916529 -0.019798604594625055 -0.012269496352928554
v 0.655282002199856 -0.019798603868447444 -0.010848196589904697
v 0.6751860197526597 -0.017410704833036528 -0.000764233834161286
v 0.6508679803353928 -0.017410703770061223 0.0014091931343499136
v 0.6778650103128762 -0.012923504309996964 0.008601253485721673
v 0.6147569831353806 -0.01741070219159933 -0.03236389755602446
v 0.6376910027009629 -0.017410703194077205 -0.03394809588189688
v 0.6101109800852151 -0.01292350134837411 -0.0417987950086173
v 0.6424230156458229 -0.012923502760778098 -0.04401009752746191
v 0.6070710242566519 -0.006877681023990835 -0.04796979799266423
v 0.6455030263242177 -0.0068776827039070685 -0.050559295707899
v 0.691598993052212 -0.019798605455913592 -0.02642459645267097
v 0.7021080071818506 -0.01979860591527721 -0.02728129773731796
v 0.7063799912821924 -0.019798606102011576 -0.01521989646698801
v 0.6865389759432947 -0.019798605234733216 -0.013522896350878158
v 0.7103860195619248 -0.01741070637167745 -0.003910586604433936
v 0.6817670281869553 -0.017410705120701555 -0.0013527968139898537
v 0.713645976594767 -0.012923505874032737 0.005291263206345159
v 0.6538169797403001 -0.017410703898966078 -0.035200896108108434
v 0.6728499945146226 -0.01741070473092561 -0.03667909502382843
v 0.6487909970796913 -0.01292350303913142 -0.044485194975095656
v 0.6764759836710305 -0.012923504249280666 -0.04654929637308684
v 0.6455030263242177 -0.0068776827039070685 -0.050559295707899
v 0.6788369835194997 -0.0068776841609806735 -0.05297679677005378
v 0.7283950264346276 -0.01979860706431936 -0.029423097515064167
v 0.7382849867236291 -0.019798607496623273 -0.03022899701591103
v 0.7430190260302697 -0.019798607703554714 -0.01835519670839875
v 0.7229630167376672 -0.01979860682687867 -0.016638996446090622
v 0.7474580224496505 -0.017410707992146227 -0.007224016723739793
v 0.7178380306703233 -0.017410706697415214 -0.004576846858071967
v 0.7510679779566138 -0.012923507509800435 0.001829993195315013
v 0.6861730035287522 -0.017410705313292852 -0.03771389498706428
v 0.707295995567479 -0.017410706236608196 -0.03935449793334572
v 0.6817380009210915 -0.012923504479290755 -0.046941196912485036
v 0.7115109978235573 -0.012923505780709835 -0.049161395424562375
v 0.6788369835194997 -0.0068776841609806735 -0.05297679677005378
v 0.7142550171193532 -0.006877685709152154 -0.055545596772390286
v 0.7646980101954614 -0.019798608651173243 -0.032381797575908595
v 0.7746259982478295 -0.0197986090851394 -0.03319109826679796
v 0.7802470142733727 -0.019798609330841828 -0.021540096396165786
v 0.7596769745242272 -0.0197986084316968 -0.01978059708471864
v 0.7855120118600509 -0.017410709655539 -0.010625496873217522
v 0.7549410279733322 -0.0174107083192388 -0.00789303648616641
v 0.7897929964578956 -0.012923509202524823 -0.0017515968238514651
v 0.7223840173226974 -0.0174107068961266 -0.040526098006921696
v 0.7444590147477768 -0.017410707861055422 -0.04224099814291566
v 0.7174700317896218 -0.012923506041187494 -0.049605595314460675
v 0.749472003988108 -0.012923507440038182 -0.0519914984643039
v 0.7142550171193532 -0.006877685709152154 -0.055545596772390286
v 0.7527339876470021 -0.006877687391121444 -0.058335798227744984
v 0.8025770003688012 -0.019798610306916556 -0.035468997800308176
v 0.8115259821307336 -0.01979861069808899 -0.03619779496784777
v 0.8168330008876 -0.01979861093006616 -0.02467059753234953
v 0.797866981734005 -0.019798610101035098 -0.023047896468597354
v 0.8218049820405624 -0.017410711241955177 -0.013869496428924507
v 0.7934250052911422 -0.017410710001426945 -0.011332996556120814
v 0.8258480248964637 -0.012923510778540235 -0.00508702676143021
v 0.7897929964578956 -0.012923509202524823 -0.0017515968238514651
v 0.7596099790078781 -0.017410708523325134 -0.043418096744972164
v 0.7803339775544784 -0.017410709429199915 -0.045027697825389804
v 0.7554520187891334 -0.012923507701432942 -0.052437695109802174
v 0.7849680004633277 -0.01292350899161753 -0.05463799684639543
v 0.7527339876470021 -0.006877687391121444 -0.058335798227744984
v 0.7879850090321949 -0.006877688931992589 -0.060892897093254024
v 0.8409830148112449 -0.019798611985696834 -0.03859889730210872
v 0.8492359931361351 -0.01979861234644599 -0.0392712972998199
v 0.8536929900538597 -0.019798612541267524 -0.02782449721689792
v 0.8354099805247459 -0.01979861174209176 -0.026260296249347635
v 0.8578709777337691 -0.017410712818449983 -0.0170934967636642
v 0.8301510032159469 -0.017410711606771365 -0.014615496987062403
v 0.8612699924028723 -0.012923512326883673 -0.008363336691218332
v 0.8258480248964637 -0.012923510778540235 -0.00508702676143021
v 0.7963760312539718 -0.017410710130420382 -0.0462735950886783
v 0.8176010068399093 -0.01741071105819357 -0.047922397398906656
v 0.7913030205286353 -0.012923509268530062 -0.055110296601015026
v 0.8225329933679908 -0.012923510633635586 -0.057439195358711184
v 0.7913030205286353 -0.012923509268530062 -0.055110296601015026
v 0.7879850090321949 -0.006877688931992589 -0.060892897093254024
v 0.8257419884976795 -0.006877690582402646 -0.06363079919810861
v 0.8225329933679908 -0.012923510633635586 -0.057439195358711184
v 0.8762740309130821 -0.019798613528316206 -0.04147429614658924
v 0.8843189890277061 -0.019798613879972508 -0.042130297416406594
v 0.8896310145747337 -0.01979861411216853 -0.030899396532731972
v 0.8707499916445884 -0.019798613286852774 -0.029283596569257695
v 0.8946080025178572 -0.0174107144242764 -0.0203766975491819
v 0.8655360158425948 -0.01741071315349945 -0.017778296390133813
v 0.8986559925592749 -0.012923513961077708 -0.011821196781056845
v 0.8612699924028723 -0.012923512326883673 -0.008363336691218332
v 0.8345060165864607 -0.017410711797135044 -0.04923499598498912
v 0.8527840193254134 -0.017410712596091952 -0.05065479724999042
v 0.8292079983270972 -0.012923510925409332 -0.05793629809613795
v 0.8556679902590124 -0.01292351208201236 -0.05990959554310412
v 0.8292079983270972 -0.012923510925409332 -0.05793629809613795
v 0.8575479806241443 -0.006877691972686773 -0.065937595808464
v 0.8556679902590124 -0.01292351208201236 -0.05990959554310412
v 0.9118590171229515 -0.019798615083785418 -0.04437449797387692
v 0.9194389994036827 -0.019798615415116978 -0.04499189778562161
v 0.9251550252329979 -0.019798615664972416 -0.03393849580879781
v 0.9069959933650169 -0.01979861487121589 -0.03238519504066083
v 0.9305079992753645 -0.017410715993515163 -0.02358559741969678
v 0.9024079855424544 -0.017410714765224503 -0.021073896804409947
v 0.9348590193308203 -0.01292351554356233 -0.01516969724889371
v 0.8986559925592749 -0.012923513961077708 -0.011821196781056845
v 0.8683230098230025 -0.017410713275322825 -0.05186149700875851
v 0.889717024181523 -0.017410714210484932 -0.05352339743967625
v 0.8618110237634985 -0.012923512350532894 -0.06036749705072017
v 0.8941010056055395 -0.012923513761972885 -0.06277479454274745
v 0.8618110237634985 -0.012923512350532894 -0.06036749705072017
v 0.8969539821919849 -0.006877693695177878 -0.06879589929576488
v 0.8941010056055395 -0.012923513761972885 -0.06277479454274745
v 0.9747990186106833 -0.019798617834980374 -0.038186295324522
v 0.9451550061595114 -0.019798616539199385 -0.035649797314363456
v 0.9756529744607587 -0.017410717966864782 -0.027620997646409014
v 0.9394929822427412 -0.017410716386261255 -0.02438869736488435
v 0.9763489780939427 -0.012923517357146102 -0.019007696205335597
v 0.9348590193308203 -0.01292351554356233 -0.01516969724889371
v 0.9055260237199446 -0.017410714901518277 -0.05475139840837094
v 0.9245040234071394 -0.017410715731073022 -0.056225596362310386
v 0.9003439960993139 -0.012923514034862678 -0.0632401950597343
v 0.9286169825113623 -0.012923515270714213 -0.06534839644427869
v 0.9003439960993139 -0.012923514034862678 -0.0632401950597343
v 0.9286169825113623 -0.012923515270714213 -0.06534839644427869
v 0.47232500861999166 -0.019798595871142934 0.004607803287399183
v 0.466387015093533 -0.019798595611584983 -0.00826913713808619
v 0.466797005740298 -0.017563995145135056 -0.008088997000413763
v 0.47273499926675666 -0.01756399540469301 0.004787953203958642
v 0.466387015093533 -0.019798595611584983 -0.00826913713808619
v 0.4702260013562824 -0.017410695873949212 -0.021137796708899367
v 0.4706370052820086 -0.015176095407543578 -0.020958396041351187
v 0.466797005740298 -0.017563995145135056 -0.008088997000413763
v 0.4733480034387919 -0.012923495370274294 -0.031602098041730746
v 0.4737579940855569 -0.010688894903824367 -0.031421898299413546
v 0.4753820122060233 -0.0068776752676810654 -0.03841869755979143
v 0.47579200285278916 -0.004643055243457072 -0.03823859840031229
v 0.4753820122060233 -0.0068776752676810654 -0.03841869755979143
v 0.4780410049475047 -0.012923495575411913 -0.03195199593301378
v 0.4784509955942697 -0.010688895108961986 -0.03177189677353464
v 0.47579200285278916 -0.004643055243457072 -0.03823859840031229
v 0.48210800847832214 -0.01741069639332826 -0.02206129617388808
v 0.48251799912508714 -0.015176095926878333 -0.02188109643157088
v 0.4870849962126888 -0.019798596516322507 -0.009955766977327698
v 0.4874950166617762 -0.017563996049873885 -0.00977561659510695
v 0.4853600079905666 -0.019798596440920878 0.00349255311903096
v 0.4857710119162928 -0.017563995974515245 0.0036727032684210617
v 0.48373801669899474 -0.017410696464578195 0.01614950374369062
v 0.48414800734575975 -0.015176095998128266 0.01632960290316976
v 0.4824130056417796 -0.012923495766518153 0.026481702557248243
v 0.48257501116395657 -0.010688895289228452 0.026661803579372534
v 0.4824130056417796 -0.012923495766518153 0.026481702557248243
v 0.47788901290718566 -0.017410696208910108 0.01667270400230325
v 0.47829900355395066 -0.01517609574246018 0.01685290374462045
v 0.48257501116395657 -0.010688895289228452 0.026661803579372534
v 0.499136995781628 -0.019798597043132166 0.002314053109330301
v 0.49466199826118123 -0.0197985968475238 -0.010573196591394777
v 0.494824987259997 -0.01756399637027709 -0.010391696722763412
v 0.4993000145827662 -0.017563996565886756 0.002495573234227662
v 0.49466199826118123 -0.0197985968475238 -0.010573196591394777
v 0.4975789900762225 -0.01741069706958637 -0.023262396821337575
v 0.4977420088773345 -0.015176696364079013 -0.023080896952706213
v 0.494824987259997 -0.01756399637027709 -0.010391696722763412
v 0.49995200019248454 -0.012923496533171971 -0.03358569591637217
v 0.5001150189936227 -0.010688896055926564 -0.03340419604774081
v 0.5014989794072562 -0.006877676409290006 -0.040312996500688425
v 0.5016619982083952 -0.00464305637427053 -0.04013149663205706
v 0.5014989794072562 -0.006877676409290006 -0.040312996500688425
v 0.505044024995646 -0.012923496755751454 -0.03396529554720484
v 0.5052060305178231 -0.010688896278461753 -0.03378379567857348
v 0.5016619982083952 -0.00464305637427053 -0.04013149663205706
v 0.5104610141259813 -0.01741069763267755 -0.024263596528726457
v 0.5106239733224486 -0.015176696927167586 -0.024081996077257035
v 0.5170860106837428 -0.019798597827708552 -0.012400797003465533
v 0.517249029484881 -0.017563997350463146 -0.012219297134834169
v 0.5170860106837428 -0.019798597827708552 -0.012400797003465533
v 0.5132750089060939 -0.01979859766112437 0.0011046031549993766
v 0.5134380277072321 -0.017563997183878962 0.001286123163481416
v 0.517249029484881 -0.017563997350463146 -0.012219297134834169
v 0.5096829946977282 -0.017410697598669245 0.013831003202540043
v 0.5098460134988664 -0.015176097121423838 0.01401180364791787
v 0.5067480025804849 -0.012923496830234697 0.024231303116721278
v 0.5069110213816231 -0.010688896352989287 0.02441280298535264
v 0.5067480025804849 -0.012923496830234697 0.024231303116721278
v 0.5033340271455431 -0.01741069732114705 0.014398202864867812
v 0.5034969863420365 -0.015176096843899034 0.014579702733499175
v 0.5069110213816231 -0.010688896352989287 0.02441280298535264
v 0.530198972929684 -0.019798598400894363 -0.0003434358104642654
v 0.5258080179583705 -0.019798598208959614 -0.013111097173350694
v 0.525970977154864 -0.017563997731711602 -0.012928196595567107
v 0.5303619917308222 -0.017563997923648954 -0.00016054080606421283
v 0.5258080179583705 -0.019798598208959614 -0.013111097173350694
v 0.5298939760667467 -0.01741069848211933 -0.025772797310310246
v 0.5300569948678587 -0.01517669777661197 -0.02558989673252666
v 0.525970977154864 -0.017563997731711602 -0.012928196595567107
v 0.5332150278604837 -0.01292349798714515 -0.0360657967567023
v 0.5333779870569771 -0.010688897509897134 -0.03588289617891872
v 0.5353789747533255 -0.006877677890231697 -0.04277039542193973
v 0.5355419935544645 -0.004643057855212221 -0.04258679821487033
v 0.5353789747533255 -0.006877677890231697 -0.04277039542193973
v 0.5386969862497659 -0.01292349822676917 -0.03647419660683238
v 0.5388600050509041 -0.01068889774952376 -0.0362912960290488
v 0.5355419935544645 -0.004643057855212221 -0.04258679821487033
v 0.5437699969751024 -0.01741069908865949 -0.026850195968109017
v 0.5439330157762144 -0.015176698383152134 -0.02666729725297058
v 0.5499729926478542 -0.01979859926524425 -0.015080997155564673
v 0.5501360114489924 -0.01756399878799884 -0.01489739715452755
v 0.5499729926478542 -0.01979859926524425 -0.015080997155564673
v 0.5454379732501186 -0.01979859906701225 -0.001647766813221222
v 0.5456009920512568 -0.017563998589766844 -0.001464186835619455
v 0.5501360114489924 -0.01756399878799884 -0.01489739715452755
v 0.5411630090219164 -0.01741069897470443 0.011016702844244596
v 0.5413260278230284 -0.015176698269197075 0.011200302845281717
v 0.5376680312670084 -0.01292349818179213 0.021370902290982364
v 0.5378309904635018 -0.010688897704544115 0.02155450322334206
v 0.5376680312670084 -0.01292349818179213 0.021370902290982364
v 0.5343169983369493 -0.017410698675455787 0.011628702847701667
v 0.5344800171380614 -0.015176697969948432 0.011812203197223304
v 0.5378309904635018 -0.010688897704544115 0.02155450322334206
v 0.5644050056826747 -0.019798599896087603 -0.003270456701102505
v 0.5603059942614711 -0.01979859971691411 -0.015922597044664272
v 0.5604690130625787 -0.017564699594244816 -0.015737597265797505
v 0.5645689781580987 -0.017564699773459994 -0.0030854967362758017
v 0.5603059942614711 -0.01979859971691411 -0.015922597044664272
v 0.5652879889947557 -0.017410700029240833 -0.028521696472125897
v 0.5654510077958678 -0.015176699323733476 -0.028336797276097187
v 0.5604690130625787 -0.017564699594244816 -0.015737597265797505
v 0.5693359790361734 -0.012923499566042135 -0.03875909596081341
v 0.569498997837281 -0.010689599443372836 -0.03857409804459179
v 0.5719709814366751 -0.0068776794897191735 -0.04542369618411625
v 0.5721340002377839 -0.004643749564727488 -0.04523879512544239
v 0.5719709814366751 -0.0068776794897191735 -0.04542369618411625
v 0.5750729857004495 -0.012923499816814671 -0.03918669595714176
v 0.5752360045015571 -0.010689599694145372 -0.0390017986237582
v 0.5721340002377839 -0.004643749564727488 -0.04523879512544239
v 0.5798150118333483 -0.017410700664237194 -0.02964999749656285
v 0.5799780306344603 -0.015176699958729837 -0.029465096437888992
v 0.58561597417709 -0.019798600823248517 -0.017985297733503235
v 0.5857789929781976 -0.01756470070057922 -0.017800296091991318
v 0.58561597417709 -0.019798600823248517 -0.017985297733503235
v 0.5803720171343959 -0.019798600594027868 -0.004636666638362064
v 0.5805349763308587 -0.017564700471355967 -0.004451706906366004
v 0.5857789929781976 -0.01756470070057922 -0.017800296091991318
v 0.5754250105363512 -0.017410700472344144 0.00795424320403968
v 0.5755880293374632 -0.015176699766836787 0.00813920293603574
v 0.5713789878404947 -0.012923499655344901 0.018252802646202194
v 0.5715420066416023 -0.010689599532675603 0.018437703704876053
v 0.5713789878404947 -0.012923499655344901 0.018252802646202194
v 0.568249982212224 -0.017410700158713682 0.008595753094596018
v 0.568413001013336 -0.015176699453206325 0.008780712826592077
v 0.5715420066416023 -0.010689599532675603 0.018437703704876053
v 0.599203985441891 -0.01979860141719938 -0.0062476567863997395
v 0.5952380115878261 -0.019798601243841148 -0.018769096949654476
v 0.5954010303889337 -0.01756470112117185 -0.018582797044473544
v 0.5993670042429986 -0.017564701294530083 -0.0060613266132351325
v 0.5952380115878261 -0.019798601243841148 -0.018769096949654476
v 0.6002909954530382 -0.0174107015592709 -0.031240396568137065
v 0.6004550275331114 -0.015176700853807835 -0.031054096662956134
v 0.5954010303889337 -0.01756470112117185 -0.018582797044473544
v 0.6043979940927835 -0.012923501098651551 -0.0413724951386031
v 0.6045610128938911 -0.010689600975982252 -0.04118619709606732
v 0.6070710242566519 -0.006877681023990835 -0.04796979799266423
v 0.6072349967320771 -0.004643751099040837 -0.04778349622483815
v 0.6070710242566519 -0.006877681023990835 -0.04796979799266423
v 0.6101109800852151 -0.01292350134837411 -0.0417987950086173
v 0.6102739988863227 -0.01068960122570481 -0.04161249696608152
v 0.6072349967320771 -0.004643751099040837 -0.04778349622483815
v 0.6147569831353806 -0.01741070219159933 -0.03236389755602446
v 0.6149200019364927 -0.015176701486091973 -0.03217759578819837
v 0.620441001166073 -0.019798602345498854 -0.020823596411901377
v 0.620604973641497 -0.017564702222871244 -0.020637296506720446
v 0.620441001166073 -0.019798602345498854 -0.020823596411901377
v 0.6151040012728846 -0.019798602112211173 -0.007608376809912583
v 0.6152670200739921 -0.017564701989541878 -0.007422046636747977
v 0.620604973641497 -0.017564702222871244 -0.020637296506720446
v 0.6100690182191515 -0.017410701986681876 0.005055422993791442
v 0.6102319774156187 -0.015176701281171913 0.005241753166956048
v 0.6059509931124063 -0.012923501166535309 0.015252902737301927
v 0.6061140119135139 -0.01068960104386601 0.015439203573805434
v 0.6059509931124063 -0.012923501166535309 0.015252902737301927
v 0.6029230173570299 -0.017410701674320246 0.005694183154446227
v 0.6030869898324583 -0.015176700968854574 0.005880513327610833
v 0.6061140119135139 -0.01068960104386601 0.015439203573805434
v 0.6375679786097681 -0.019798603094142848 -0.009332816483038334
v 0.6318639929186975 -0.019798602844813704 -0.021556597569542788
v 0.6320280249987663 -0.0175647027221887 -0.021367496246057414
v 0.6377320106898369 -0.017564702971517843 -0.009143046469944384
v 0.6318639929186975 -0.019798602844813704 -0.021556597569542788
v 0.6376910027009629 -0.017410703194077205 -0.03394809588189688
v 0.6378549751763913 -0.015176702488611535 -0.033758296066480536
v 0.6320280249987663 -0.0175647027221887 -0.021367496246057414
v 0.6424230156458229 -0.012923502760778098 -0.04401009752746191
v 0.6425869881212469 -0.010689602638150487 -0.04382099806662169
v 0.6455030263242177 -0.0068776827039070685 -0.050559295707899
v 0.645666998799643 -0.004643752778957069 -0.050369495892482664
v 0.6455030263242177 -0.0068776827039070685 -0.050559295707899
v 0.6487909970796913 -0.01292350303913142 -0.044485194975095656
v 0.6489550291597601 -0.010689602916506412 -0.04429539515967932
v 0.645666998799643 -0.004643752778957069 -0.050369495892482664
v 0.6538169797403001 -0.017410703898966078 -0.035200896108108434
v 0.6539810118203733 -0.015176703193503012 -0.03501109629269209
v 0.6599629933726465 -0.019798604073060073 -0.023846896731811434
v 0.6601270254527153 -0.01756470395043507 -0.023657096916395098
v 0.6599629933726465 -0.019798604073060073 -0.023846896731811434
v 0.655282002199856 -0.019798603868447444 -0.010848196589904697
v 0.6554450210009636 -0.017564703745778145 -0.010658496426003843
v 0.6601270254527153 -0.01756470395043507 -0.023657096916395098
v 0.6508679803353928 -0.017410703770061223 0.0014091931343499136
v 0.6510309991365049 -0.015176703064553865 0.001598283165549071
v 0.6472580252207131 -0.0129235029721231 0.011432002863329979
v 0.6474219976961371 -0.010689602849495489 0.01162110325549278
v 0.6472580252207131 -0.0129235029721231 0.011432002863329979
v 0.6429130252343797 -0.017410703422339077 0.002120153146279189
v 0.6430759844308469 -0.015176702716829115 0.0023092332821759913
v 0.6474219976961371 -0.010689602849495489 0.01162110325549278
v 0.6718950087916529 -0.019798604594625055 -0.012269496352928554
v 0.6683879907023584 -0.019798604441328416 -0.02453309706743327
v 0.6685520227824272 -0.01756470431870341 -0.024341896542864713
v 0.6720589812670769 -0.017564704471997445 -0.012078296759682569
v 0.6683879907023584 -0.019798604441328416 -0.02453309706743327
v 0.6728499945146226 -0.01741070473092561 -0.03667909502382843
v 0.673013013315704 -0.01517740344867179 -0.03648729845281211
v 0.6685520227824272 -0.01756470431870341 -0.024341896542864713
v 0.6764759836710305 -0.012923504249280666 -0.04654929637308684
v 0.676639002472138 -0.010689604126611367 -0.046358196431356344
v 0.6788369835194997 -0.0068776841609806735 -0.05297679677005378
v 0.6790010155995697 -0.00464375423603328 -0.05278559624548522
v 0.6788369835194997 -0.0068776841609806735 -0.05297679677005378
v 0.6817380009210915 -0.012923504479290755 -0.046941196912485036
v 0.6819010197221991 -0.010689604356621456 -0.04675009697075454
v 0.6790010155995697 -0.00464375423603328 -0.05278559624548522
v 0.6861730035287522 -0.017410705313292852 -0.03771389498706428
v 0.6863360223298336 -0.015177404031039033 -0.037522098416047964
v 0.691598993052212 -0.019798605455913592 -0.02642459645267097
v 0.6917620118533195 -0.017564705333244297 -0.02623349651094047
v 0.691598993052212 -0.019798605455913592 -0.02642459645267097
v 0.6865389759432947 -0.019798605234733216 -0.013522896350878158
v 0.6867030080233635 -0.017564705112108208 -0.01333109698589412
v 0.6917620118533195 -0.017564705333244297 -0.02623349651094047
v 0.6817670281869553 -0.017410705120701555 -0.0013527968139898537
v 0.6819310006623531 -0.015177403838489421 -0.0011616568253886455
v 0.6778650103128762 -0.012923504309996964 0.008601253485721673
v 0.6780280291139837 -0.010689604187327666 0.008792402787548628
v 0.6778650103128762 -0.012923504309996964 0.008601253485721673
v 0.6751860197526597 -0.017410704833036528 -0.000764233834161286
v 0.6753489789490963 -0.015177403550780103 -0.0005730868024331072
v 0.6780280291139837 -0.010689604187327666 0.008792402787548628
v 0.7063799912821924 -0.019798606102011576 -0.01521989646698801
v 0.7021080071818506 -0.01979860591527721 -0.02728129773731796
v 0.7022710259829277 -0.017565404284538875 -0.027087396377283017
v 0.7065430100832695 -0.01756540447127324 -0.015026596741336266
v 0.7021080071818506 -0.01979860591527721 -0.02728129773731796
v 0.707295995567479 -0.017410706236608196 -0.03935449793334572
v 0.7074600276475216 -0.015177404954398668 -0.03916059657331077
v 0.7022710259829277 -0.017565404284538875 -0.027087396377283017
v 0.7115109978235573 -0.012923505780709835 -0.049161395424562375
v 0.7116740166246344 -0.010690305081294073 -0.04896819814439384
v 0.7142550171193532 -0.006877685709152154 -0.055545596772390286
v 0.7144189895947488 -0.004644435649681625 -0.055351695412355344
v 0.7142550171193532 -0.006877685709152154 -0.055545596772390286
v 0.7174700317896218 -0.012923506041187494 -0.049605595314460675
v 0.717632990986054 -0.010690305341769126 -0.04941239803429214
v 0.7144189895947488 -0.004644435649681625 -0.055351695412355344
v 0.7223840173226974 -0.0174107068961266 -0.040526098006921696
v 0.7225479897980952 -0.015177405613914468 -0.04033289700146286
v 0.7283950264346276 -0.01979860706431936 -0.029423097515064167
v 0.7285579856310599 -0.01756540543357842 -0.029229896509605335
v 0.7283950264346276 -0.01979860706431936 -0.029423097515064167
v 0.7229630167376672 -0.01979860682687867 -0.016638996446090622
v 0.7231269892130606 -0.01756540519618202 -0.01644579730327694
v 0.7285579856310599 -0.01756540543357842 -0.029229896509605335
v 0.7178380306703233 -0.017410706697415214 -0.004576846858071967
v 0.718002003145721 -0.01517740541520308 -0.004383637005048676
v 0.713645976594767 -0.012923505874032737 0.005291263206345159
v 0.7138100086748053 -0.010690305174661267 0.005485153390509206
v 0.713645976594767 -0.012923505874032737 0.005291263206345159
v 0.7103860195619248 -0.01741070637167745 -0.003910586604433936
v 0.7105499920373226 -0.015177405089465315 -0.003717376751410645
v 0.7138100086748053 -0.010690305174661267 0.005485153390509206
v 0.7430190260302697 -0.019798607703554714 -0.01835519670839875
v 0.7382849867236291 -0.019798607496623273 -0.03022899701591103
v 0.7384490188036673 -0.01756540586592923 -0.030033696809369015
v 0.7431829985056632 -0.017565406072858065 -0.018159296730118683
v 0.7382849867236291 -0.019798607496623273 -0.03022899701591103
v 0.7444590147477768 -0.017410707861055422 -0.04224099814291566
v 0.7446229872231745 -0.01517740657884329 -0.04204499571915238
v 0.7384490188036673 -0.01756540586592923 -0.030033696809369015
v 0.749472003988108 -0.012923507440038182 -0.0519914984643039
v 0.7496359764635014 -0.010690306740664107 -0.051796196395116734
v 0.7527339876470021 -0.006877687391121444 -0.058335798227744984
v 0.7528970064480812 -0.0046444373316092274 -0.05814049615855782
v 0.7527339876470021 -0.006877687391121444 -0.058335798227744984
v 0.7554520187891334 -0.012923507701432942 -0.052437695109802174
v 0.7556159912645268 -0.010690307002058867 -0.052241796994167256
v 0.7528970064480812 -0.0046444373316092274 -0.05814049615855782
v 0.7596099790078781 -0.017410708523325134 -0.043418096744972164
v 0.7597740110879206 -0.015177407241115604 -0.04322209804649918
v 0.7646980101954614 -0.019798608651173243 -0.032381797575908595
v 0.7648619826708548 -0.017565407020476594 -0.03218579515214532
v 0.7646980101954614 -0.019798608651173243 -0.032381797575908595
v 0.7596769745242272 -0.0197986084316968 -0.01978059708471864
v 0.7598410066042655 -0.017565406801002752 -0.019584596523600513
v 0.7648619826708548 -0.017565407020476594 -0.03218579515214532
v 0.7549410279733322 -0.0174107083192388 -0.00789303648616641
v 0.75510500044873 -0.015177407037026667 -0.007697756768721036
v 0.7510679779566138 -0.012923507509800435 0.001829993195315013
v 0.7512320100366521 -0.010690306810428965 0.002025953127485822
v 0.7510679779566138 -0.012923507509800435 0.001829993195315013
v 0.7474580224496505 -0.017410707992146227 -0.007224016723739793
v 0.7476209816460871 -0.0151774067098898 -0.007028746785181453
v 0.7512320100366521 -0.010690306810428965 0.002025953127485822
v 0.7802470142733727 -0.019798609330841828 -0.021540096396165786
v 0.7746259982478295 -0.0197986090851394 -0.03319109826679796
v 0.7747900303278678 -0.017565407454445358 -0.0329923950075683
v 0.7804109867487662 -0.01756540770014518 -0.021341996633964477
v 0.7746259982478295 -0.0197986090851394 -0.03319109826679796
v 0.7803339775544784 -0.017410709429199915 -0.045027697825389804
v 0.7804980096344905 -0.015178108501566498 -0.044828998291450435
v 0.7747900303278678 -0.017565407454445358 -0.0329923950075683
v 0.7849680004633277 -0.01292350899161753 -0.05463799684639543
v 0.7851319729387212 -0.010690308292243454 -0.05443989708419412
v 0.7879850090321949 -0.006877688931992589 -0.060892897093254024
v 0.7881489815075905 -0.00464443887252206 -0.060694096976476604
v 0.7879850090321949 -0.006877688931992589 -0.060892897093254024
v 0.7913030205286353 -0.012923509268530062 -0.055110296601015026
v 0.7914669930040288 -0.010690308569155987 -0.054912297421651775
v 0.7881489815075905 -0.00464443887252206 -0.060694096976476604
v 0.7963760312539718 -0.017410710130420382 -0.0462735950886783
v 0.7965400037293391 -0.01517810920278436 -0.04607489555473893
v 0.8025770003688012 -0.019798610306916556 -0.035468997800308176
v 0.8027409728441947 -0.017565408676219908 -0.035270298266368814
v 0.8025770003688012 -0.019798610306916556 -0.035468997800308176
v 0.797866981734005 -0.019798610101035098 -0.023047896468597354
v 0.7980310138140433 -0.017565408470341055 -0.022849196934657992
v 0.8027409728441947 -0.017565408676219908 -0.035270298266368814
v 0.7934250052911422 -0.017410710001426945 -0.011332996556120814
v 0.7935899910454707 -0.015178109073835211 -0.011134297022181452
v 0.7897929964578956 -0.012923509202524823 -0.0017515968238514651
v 0.7899570285379338 -0.010690308503153353 -0.001553576806145607
v 0.7897929964578956 -0.012923509202524823 -0.0017515968238514651
v 0.7855120118600509 -0.017410709655539 -0.010625496873217522
v 0.7856759843354182 -0.015178108727902978 -0.010427397111016213
v 0.7899570285379338 -0.010690308503153353 -0.001553576806145607
v 0.8168330008876 -0.01979861093006616 -0.02467059753234953
v 0.8115259821307336 -0.01979861069808899 -0.03619779496784777
v 0.8116910274897023 -0.01756610942201535 -0.03599709495301814
v 0.8169969733629628 -0.01756610965394562 -0.024469796934681837
v 0.8115259821307336 -0.01979861069808899 -0.03619779496784777
v 0.8176010068399093 -0.01741071105819357 -0.047922397398906656
v 0.8177649793152766 -0.015178110130557546 -0.047720896446662844
v 0.8116910274897023 -0.01756610942201535 -0.03599709495301814
v 0.8225329933679908 -0.012923510633635586 -0.057439195358711184
v 0.8226970254479984 -0.010691010288840227 -0.05723839848633379
v 0.8257419884976795 -0.006877690582402646 -0.06363079919810861
v 0.8259060205776897 -0.004645130632962511 -0.06342999860044092
v 0.8257419884976795 -0.006877690582402646 -0.06363079919810861
v 0.8292079983270972 -0.012923510925409332 -0.05793629809613795
v 0.8293729840814212 -0.010691010580655658 -0.057735497498470255
v 0.8259060205776897 -0.004645130632962511 -0.06342999860044092
v 0.8345060165864607 -0.017410711797135044 -0.04923499598498912
v 0.8346710023407892 -0.015178110869543312 -0.04903419538732142
v 0.8409830148112449 -0.019798611985696834 -0.03859889730210872
v 0.8411469872866078 -0.017566110709576296 -0.038397396349864915
v 0.8409830148112449 -0.019798611985696834 -0.03859889730210872
v 0.8354099805247459 -0.01979861174209176 -0.026260296249347635
v 0.8355740126047535 -0.01756611046597383 -0.02605879715974898
v 0.8411469872866078 -0.017566110709576296 -0.038397396349864915
v 0.8301510032159469 -0.017410711606771365 -0.014615496987062403
v 0.8303149756913142 -0.01517811067913534 -0.014414696389394709
v 0.8258480248964637 -0.012923510778540235 -0.00508702676143021
v 0.8260119973718265 -0.010691010433742269 -0.0048862568974074785
v 0.8258480248964637 -0.012923510778540235 -0.00508702676143021
v 0.8218049820405624 -0.017410711241955177 -0.013869496428924507
v 0.8219690141205744 -0.015178110314321758 -0.013668696762579388
v 0.8260119973718265 -0.010691010433742269 -0.0048862568974074785
v 0.8536929900538597 -0.019798612541267524 -0.02782449721689792
v 0.8492359931361351 -0.01979861234644599 -0.0392712972998199
v 0.8494000252161427 -0.017566111070328058 -0.03906779586668582
v 0.8538570221338673 -0.01756611126514959 -0.02762099764640899
v 0.8492359931361351 -0.01979861234644599 -0.0392712972998199
v 0.8527840193254134 -0.017410712596091952 -0.05065479724999042
v 0.8529479918007806 -0.015178111668455927 -0.05045129581685633
v 0.8494000252161427 -0.017566111070328058 -0.03906779586668582
v 0.8556679902590124 -0.01292351208201236 -0.05990959554310412
v 0.8558329760133364 -0.010691011737258687 -0.05970609783526034
v 0.8575479806241443 -0.006877691972686773 -0.065937595808464
v 0.8577120127041544 -0.004645132023246639 -0.06573409810062023
v 0.8575479806241443 -0.006877691972686773 -0.065937595808464
v 0.8618110237634985 -0.012923512350532894 -0.06036749705072017
v 0.8619760095178225 -0.01069101200577922 -0.06016399561758609
v 0.8577120127041544 -0.004645132023246639 -0.06573409810062023
v 0.8683230098230025 -0.017410713275322825 -0.05186149700875851
v 0.8684869822983697 -0.015178112347686802 -0.05165799557562442
v 0.8762740309130821 -0.019798613528316206 -0.04147429614658924
v 0.8764380033884449 -0.017566112252195665 -0.04127079843874546
v 0.8762740309130821 -0.019798613528316206 -0.04147429614658924
v 0.8707499916445884 -0.019798613286852774 -0.029283596569257695
v 0.870914023724596 -0.01756611201073484 -0.029079996415930707
v 0.8764380033884449 -0.017566112252195665 -0.04127079843874546
v 0.8655360158425948 -0.01741071315349945 -0.017778296390133813
v 0.8657010015969232 -0.01517811222590772 -0.017574796819644883
v 0.8612699924028723 -0.012923512326883673 -0.008363336691218332
v 0.8614349781571963 -0.010691011982129999 -0.008159816631632759
v 0.8612699924028723 -0.012923512326883673 -0.008363336691218332
v 0.8578709777337691 -0.017410712818449983 -0.0170934967636642
v 0.8580350098137811 -0.015178111890816564 -0.01688999719317527
v 0.8614349781571963 -0.010691011982129999 -0.008159816631632759
v 0.8896310145747337 -0.01979861411216853 -0.030899396532731972
v 0.8843189890277061 -0.019798613879972508 -0.042130297416406594
v 0.8844830211077137 -0.017566112603854576 -0.04192399829025837
v 0.8897960003290577 -0.017566112836092284 -0.03069309740658375
v 0.8843189890277061 -0.019798613879972508 -0.042130297416406594
v 0.889717024181523 -0.017410714210484932 -0.05352339743967625
v 0.8898809966568596 -0.015178813637425018 -0.05331779866810413
v 0.8844830211077137 -0.017566112603854576 -0.04192399829025837
v 0.8941010056055395 -0.012923513761972885 -0.06277479454274745
v 0.8942649780809023 -0.010691013417174919 -0.06256919577117534
v 0.8969539821919849 -0.006877693695177878 -0.06879589929576488
v 0.8971190275509562 -0.004645133745782036 -0.06858960016961665
v 0.8969539821919849 -0.006877693695177878 -0.06879589929576488
v 0.9003439960993139 -0.012923514034862678 -0.0632401950597343
v 0.9005089818536379 -0.010691013690109004 -0.06303469314570995
v 0.8971190275509562 -0.004645133745782036 -0.06858960016961665
v 0.9055260237199446 -0.017410714901518277 -0.05475139840837094
v 0.9056899961952812 -0.015178814328458363 -0.05454509555693241
v 0.9118590171229515 -0.019798615083785418 -0.04437449797387692
v 0.9120240028772755 -0.01756611380770917 -0.0441681951224384
v 0.9118590171229515 -0.019798615083785418 -0.04437449797387692
v 0.9069959933650169 -0.01979861487121589 -0.03238519504066083
v 0.9071609791193409 -0.017566113595139644 -0.032178895914512604
v 0.9120240028772755 -0.01756611380770917 -0.0441681951224384
v 0.9024079855424544 -0.017410714765224503 -0.021073896804409947
v 0.902573030901397 -0.015178814192211485 -0.020868296170192684
v 0.8986559925592749 -0.012923513961077708 -0.011821196781056845
v 0.8988200246392825 -0.010691013616282347 -0.011615597078162156
v 0.8986559925592749 -0.012923513961077708 -0.011821196781056845
v 0.8946080025178572 -0.0174107144242764 -0.0203766975491819
v 0.894772988272155 -0.01517881385126078 -0.020171096914964638
v 0.8988200246392825 -0.010691013616282347 -0.011615597078162156
v 0.9251550252329979 -0.019798615664972416 -0.03393849580879781
v 0.9194389994036827 -0.019798615415116978 -0.04499189778562161
v 0.919603985157976 -0.017566814493616842 -0.044783598178583114
v 0.92531899770833 -0.01756681474342799 -0.033730095618921256
v 0.9194389994036827 -0.019798615415116978 -0.04499189778562161
v 0.9245040234071394 -0.017410715731073022 -0.056225596362310386
v 0.9246690091614372 -0.015178815158057402 -0.05601659640069577
v 0.919603985157976 -0.017566814493616842 -0.044783598178583114
v 0.9286169825113623 -0.012923515270714213 -0.06534839644427869
v 0.9287820278703004 -0.010691715280539256 -0.06513929589982602
v 0.9312950194653918 -0.006877695196272353 -0.07128629311318967
v 0.9314600052196882 -0.004645825356901695 -0.0710772000193176
v 0.9312950194653918 -0.006877695196272353 -0.07128629311318967
v 0.9358179984606115 -0.012923515585480631 -0.06588539704080197
v 0.9359829842149049 -0.010691715595303068 -0.0656762964963493
v 0.9314600052196882 -0.004645825356901695 -0.0710772000193176
v 0.9427230175477644 -0.017410716527450583 -0.057640595728116965
v 0.9428880033020622 -0.015178815954434962 -0.05743159576650235
v 0.9511509950053366 -0.019798616801292388 -0.04757659732695196
v 0.95131598075963 -0.017566815879792252 -0.04736749678249929
v 0.9511509950053366 -0.019798616801292388 -0.04757659732695196
v 0.9451550061595114 -0.019798616539199385 -0.035649797314363456
v 0.9453199919138048 -0.01756681561769925 -0.03544079735274885
v 0.95131598075963 -0.017566815879792252 -0.04736749678249929
v 0.9394929822427412 -0.017410716386261255 -0.02438869736488435
v 0.9396580276016838 -0.015178815813248241 -0.02417969740326974
v 0.9348590193308203 -0.01292351554356233 -0.01516969724889371
v 0.9350240050851136 -0.01069171555338477 -0.014961297059017152
v 0.9348590193308203 -0.01292351554356233 -0.01516969724889371
v 0.9305079992753645 -0.017410715993515163 -0.02358559741969678
v 0.9306720313553459 -0.015178815420457854 -0.023376597458082172
v 0.9350240050851136 -0.01069171555338477 -0.014961297059017152
v 0.45199601061910927 -0.006877674245446428 -0.03652509524818025
v 0.4518390122852902 -0.0000025941820952920286 -0.038844997429805614
v 0.47489599623304407 -0.0000025951899481106794 -0.04050069525237642
v 0.4753820122060233 -0.0068776752676810654 -0.03841869755979143
v 0.5013559881649593 -0.0000025963465511386597 -0.042401196801620356
v 0.5014989794072562 -0.006877676409290006 -0.040312996500688425
v 0.5353789747533255 -0.006877677890231697 -0.04277039542193973
v 0.5354149762592891 -0.0000025978353168518624 -0.04484689831133449
v 0.571672004839001 -0.000002599420161970061 -0.04745069741602505
v 0.5719709814366751 -0.0068776794897191735 -0.04542369618411625
v 0.6069270197353939 -0.000002600961207677315 -0.049983097606855285
v 0.6070710242566519 -0.006877681023990835 -0.04796979799266423
v 0.644963008543072 -0.0000026026238136199165 -0.052714797103362944
v 0.6455030263242177 -0.0068776827039070685 -0.050559295707899
v 0.6783889953098872 -0.0000026040849099651915 -0.05511509850020972
v 0.6788369835194997 -0.0068776841609806735 -0.05297679677005378
v 0.7142780248127558 -0.000002605653669332205 -0.05769289507861702
v 0.7142550171193532 -0.006877685709152154 -0.055545596772390286
v 0.7522370044193841 -0.000002607312909095582 -0.06041909604664414
v 0.7527339876470021 -0.006877687391121444 -0.058335798227744984
v 0.7878089968166925 -0.0000026088678103300147 -0.0629734940766868
v 0.8255259815655328 -0.000002610516472161774 -0.06568249537940592
v 0.8571389738522148 -0.0000026118983199981744 -0.06795289590354534
v 0.8968429986439324 -0.000002613633838112287 -0.07080430015321346
v 0.507930022555297 -0.006877676690399856 0.030936503416341906
v 0.507930022555297 -0.006877676690399856 0.030936503416341906
v 0.5095640245876888 -0.000002596705335837146 0.03307900354866422
v 0.5383199871358328 -0.0068776780187874515 0.028063803544682624
v 0.5383199871358328 -0.0068776780187874515 0.028063803544682624
v 0.5394210044346431 -0.0000025980104259287106 0.03023590297107136
v 0.5716230095204764 -0.006877679474508853 0.024915402388614765
v 0.5716230095204764 -0.006877679474508853 0.024915402388614765
v 0.5721390072308162 -0.000002599440575310328 0.02711980380718147
v 0.6051840008077078 -0.006877680941506433 0.02174290232960616
v 0.6051840008077078 -0.006877680941506433 0.02174290232960616
v 0.6052710238895992 -0.000002600888821813376 0.023964503413480862
v 0.6463929832753591 -0.006877682742808339 0.0178478039861146
v 0.6463929832753591 -0.006877682742808339 0.0178478039861146
v 0.6463680092297175 -0.0000026026852281691265 0.02005080283288393
v 0.6774650038060598 -0.006877684101009548 0.014910502924067107
v 0.6774650038060598 -0.006877684101009548 0.014910502924067107
v 0.6779140058956721 -0.000002604064147533654 0.017046803242010206
v 0.7127979815778188 -0.00687768564546312 0.011570202751499732
v 0.7127979815778188 -0.00687768564546312 0.011570202751499732
v 0.7126329962215998 -0.0000026055817628616534 0.013740202976805291
v 0.7501979888257435 -0.006877687280269425 0.008034693642002653
v 0.7501979888257435 -0.006877687280269425 0.008034693642002653
v 0.7501420203648187 -0.0000026072213344460703 0.010167603014451576
v 0.7893460214909962 -0.00687768899148435 0.004334153240961137
v 0.7893460214909962 -0.00687768899148435 0.004334153240961137
v 0.7897180143795587 -0.0000026089512561567465 0.006398943351996247
v 0.7897929964578956 -0.012923509202524823 -0.0017515968238514651
v 0.8258480248964637 -0.012923510778540235 -0.00508702676143021
v 0.825691980200713 -0.006877690580216728 0.0008983281850303654
v 0.8263569895229913 -0.000002610552796689978 0.0029094932660880643
v 0.8612699924028723 -0.012923512326883673 -0.008363336691218332
v 0.8609220207509448 -0.006877692120170771 -0.0024316067747351664
v 0.8613769833050346 -0.0000026120835692974517 -0.00042594581009344464
v 0.8986559925592749 -0.012923513961077708 -0.011821196781056845
v 0.8983620227155139 -0.0068776937567253 -0.005970566900032483
v 0.8988659802876091 -0.0000026137222654668387 -0.0039958468578335845
v 0.9348590193308203 -0.01292351554356233 -0.01516969724889371
v 0.9346780002889087 -0.006877695344147161 -0.009403637045579881
v 0.9352879945240593 -0.0000026153143223372413 -0.007464676996278493
v 0.9763489780939427 -0.012923517357146102 -0.019007696205335597
v 0.9768040002164293 -0.006877697185533175 -0.013386097171860675
v 0.9769620124302482 -0.000002617135951588554 -0.011433396854954697
v 0.9768040002164293 -0.006877697185533175 -0.013386097171860675
v 0.9763489780939427 -0.012923517357146102 -0.019007696205335597
v 0.9758720218029363 -0.01117371681814258 -0.020325797045188883
v 0.9758720218029363 -0.01117371681814258 -0.020325797045188883
v 0.9762160004422749 -0.005812646908048945 -0.015268696838575343
v 0.9768040002164293 -0.006877697185533175 -0.013386097171860675
v 0.9763489780939427 -0.012923517357146102 -0.019007696205335597
v 0.9756529744607587 -0.017410717966864782 -0.027620997646409014
v 0.9752719816622698 -0.015330816664741521 -0.028364297369080523
v 0.9752719816622698 -0.015330816664741521 -0.028364297369080523
v 0.9758720218029363 -0.01117371681814258 -0.020325797045188883
v 0.9763489780939427 -0.012923517357146102 -0.019007696205335597
v 0.9756529744607587 -0.017410717966864782 -0.027620997646409014
v 0.9747990186106833 -0.019798617834980374 -0.038186295324522
v 0.9744850214385432 -0.01759011672071496 -0.038411097967582686
v 0.9744850214385432 -0.01759011672071496 -0.038411097967582686
v 0.9752719816622698 -0.015330816664741521 -0.028364297369080523
v 0.9756529744607587 -0.017410717966864782 -0.027620997646409014
v 0.9747990186106833 -0.019798617834980374 -0.038186295324522
v 0.9738899881732138 -0.019798617795245388 -0.0494295976996002
v 0.973615985717718 -0.017590116682728196 -0.04915799795981024
v 0.973615985717718 -0.017590116682728196 -0.04915799795981024
v 0.9744850214385432 -0.01759011672071496 -0.038411097967582686
v 0.9747990186106833 -0.019798617834980374 -0.038186295324522
v 0.9738899881732138 -0.019798617795245388 -0.0494295976996002
v 0.973035019252934 -0.017410717852430313 -0.059994897240358336
v 0.9727809843478473 -0.015330117132603023 -0.059199998521762824
v 0.9727809843478473 -0.015330117132603023 -0.059199998521762824
v 0.973615985717718 -0.017590116682728196 -0.04915799795981024
v 0.9738899881732138 -0.019798617795245388 -0.0494295976996002
v 0.973035019252934 -0.017410717852430313 -0.059994897240358336
v 0.9723390160120335 -0.012923517181865074 -0.0686081968187866
v 0.97208301413924 -0.01117301722926624 -0.06723089739080046
v 0.97208301413924 -0.01117301722926624 -0.06723089739080046
v 0.9727809843478473 -0.015330117132603023 -0.059199998521762824
v 0.973035019252934 -0.017410717852430313 -0.059994897240358336
v 0.9723390160120335 -0.012923517181865074 -0.0686081968187866
v 0.9718839944180895 -0.006877696970472869 -0.07422979398961638
v 0.9716110051916031 -0.005811957062391686 -0.07227639331813429
v 0.9716110051916031 -0.005811957062391686 -0.07227639331813429
v 0.97208301413924 -0.01117301722926624 -0.06723089739080046
v 0.9723390160120335 -0.012923517181865074 -0.0686081968187866
v 0.9718839944180895 -0.006877696970472869 -0.07422979398961638
v 0.9717269960842704 -0.000002616907121732691 -0.07618249430652235
v 0.9714670006237601 -0.0000026168957569702146 -0.07387429698701475
v 0.9714670006237601 -0.0000026168957569702146 -0.07387429698701475
v 0.9716110051916031 -0.005811957062391686 -0.07227639331813429
v 0.9718839944180895 -0.006877696970472869 -0.07422979398961638
v 0.9769620124302482 -0.000002617135951588554 -0.011433396854954697
v 0.9768040002164293 -0.006877697185533175 -0.013386097171860675
v 0.9762160004422749 -0.005812646908048945 -0.015268696838575343
v 0.9762160004422749 -0.005812646908048945 -0.015268696838575343
v 0.9763300243816947 -0.000002617108326511952 -0.013667996408003308
v 0.9769620124302482 -0.000002617135951588554 -0.011433396854954697
v 0.971883995019128 0.006872463142504145 -0.07422979398961638
v 0.9312950200664304 0.006872464916704661 -0.07128629311318967
v 0.9358179995901926 0.012918284910501515 -0.06588539704080197
v 0.9723390171416146 0.012918283314117072 -0.0686081968187866
v 0.9723390171416146 0.012918283314117072 -0.0686081968187866
v 0.9358179995901926 0.012918284910501515 -0.06588539704080197
v 0.9427230190696291 0.01740548524881548 -0.05764059572811695
v 0.9730350207747986 0.01740548392383575 -0.05999489724035832
v 0.951150996735958 0.01979338478586005 -0.04757659732695194
v 0.9738899899038352 0.01979338379190705 -0.04942959769960019
v 0.454909993461041 0.019793406477244098 0.006295813346696281
v 0.4723250103506131 0.019793405716009505 0.004607803287399192
v 0.4663870168241544 0.019793405975567457 -0.008269137138086179
v 0.4540009928258939 0.019793406516977783 -0.007061756582516051
v 0.45576400870700434 0.017405506534470712 0.01884750240151324
v 0.4778890144290502 0.017405505567355956 0.01667270400230326
v 0.4564600119479048 0.012918305863905471 0.02908000313345828
v 0.48241300677136056 0.012918304729463993 0.02648170255724825
v 0.4569150037395266 0.0068724856525145695 0.035759204632085935
v 0.483172995530298 0.006872484504741249 0.03327630237345137
v 0.483172995530298 0.006872484504741249 0.03327630237345137
v 0.4569150037395266 0.0068724856525145695 0.035759204632085935
v 0.49466199999180266 0.01979340473962864 -0.010573196591394766
v 0.4870849979433102 0.019793405070829932 -0.009955766977327687
v 0.48536000972118803 0.01979340514623156 0.0034925531190309685
v 0.49913699751224944 0.019793404544020274 0.0023140531093303095
v 0.48373801822085927 0.017405505311687868 0.016149503743690626
v 0.5033340286674077 0.017405504455119014 0.014398202864867819
v 0.506748003710066 0.01291830366574745 0.024231303116721285
v 0.4702260028781469 0.01740550590231685 -0.02113779670889936
v 0.45314700717349604 0.017405506648863495 -0.019614197680312015
v 0.4733480045683729 0.012918305125707852 -0.031602098041730746
v 0.45245100354031204 0.012918306039144815 -0.029846696549611904
v 0.47538201280706194 0.006872484845295949 -0.03841869755979143
v 0.45199601122014793 0.006872485867530586 -0.03652509524818025
v 0.5170860124143642 0.019793403759443887 -0.012400797003465523
v 0.5132750106367153 0.019793403926028068 0.0011046031549993853
v 0.5301989746603054 0.019793403186258076 -0.00034343581046425664
v 0.5258080196889919 0.019793403378192825 -0.013111097173350683
v 0.5096829962195928 0.017405504177596818 0.01383100320254005
v 0.534316999858814 0.017405503100810276 0.011628702847701674
v 0.5376680323965894 0.012918302314190016 0.02137090229098237
v 0.49757899159808705 0.017405504706679693 -0.02326239682133757
v 0.48210801000018666 0.017405505382937805 -0.02206129617388807
v 0.4999520013220655 0.012918303962810174 -0.03358569591637217
v 0.47804100607708566 0.012918304920570233 -0.03195199593301378
v 0.5014989800082947 0.006872483703687008 -0.040312996500688425
v 0.5499729943784756 0.01979340232190819 -0.015080997155564662
v 0.54543797498074 0.01979340252014019 -0.0016477668132212134
v 0.5644050074132961 0.019793401691064836 -0.0032704567011024965
v 0.5603059959920925 0.019793401870238328 -0.015922597044664265
v 0.541163010543781 0.017405502801561633 0.011016702844244603
v 0.5682499837340886 0.01740550161755238 0.008595753094596025
v 0.5713789889700758 0.012918300840637244 0.0182528026462022
v 0.5298939775886113 0.017405503294146734 -0.02577279731031024
v 0.510461015647846 0.017405504143588515 -0.02426359652872645
v 0.5332150289900648 0.012918302508836996 -0.0360657967567023
v 0.5050440261252271 0.012918303740230692 -0.03396529554720484
v 0.5353789753543641 0.006872482222745317 -0.04277039542193973
v 0.5014989800082947 0.006872483703687008 -0.040312996500688425
v 0.5856159759077114 0.019793400763903922 -0.017985297733503228
v 0.5803720188650173 0.01979340099312457 -0.004636666638362055
v 0.5992039871725124 0.019793400169953058 -0.006247656786399731
v 0.5952380133184475 0.019793400343311292 -0.01876909694965447
v 0.5754250120582158 0.01740550130392192 0.007954243204039688
v 0.6029230188788945 0.017405500101945817 0.005694183154446234
v 0.6059509942419874 0.012918299329446837 0.015252902737301934
v 0.5652879905166204 0.01740550174702523 -0.02852169647212589
v 0.543769998496967 0.017405502687606572 -0.02685019596810901
v 0.5693359801657545 0.012918300929940011 -0.03875909596081341
v 0.538696987379347 0.012918302269212976 -0.03647419660683238
v 0.5719709820377137 0.0068724806232578406 -0.04542369618411625
v 0.5353789753543641 0.006872482222745317 -0.04277039542193973
v 0.6204410028966945 0.019793399241653586 -0.02082359641190137
v 0.615104003003506 0.019793399474941267 -0.0076083768099125745
v 0.6375679803403895 0.01979339849300959 -0.009332816483038324
v 0.631863994649319 0.019793398742338736 -0.02155659756954278
v 0.6100690197410161 0.017405499789584188 0.005055422993791449
v 0.6429130267562443 0.017405498353926987 0.0021201531462791967
v 0.6472580263502942 0.012918297523859045 0.011432002863329986
v 0.6002909969749028 0.017405500216995162 -0.03124039656813706
v 0.5798150133552129 0.01740550111202887 -0.029649997496562844
v 0.6043979952223646 0.012918299397330595 -0.0413724951386031
v 0.5750729868300306 0.012918300679167475 -0.03918669595714176
v 0.6070710248576905 0.006872479088986179 -0.04796979799266423
v 0.5719709820377137 0.0068724806232578406 -0.04542369618411625
v 0.659962995103268 0.019793397514092367 -0.023846896731811427
v 0.6552820039304774 0.019793397718704996 -0.010848196589904687
v 0.6718950105222743 0.019793396992527384 -0.012269496352928544
v 0.6683879924329799 0.019793397145824024 -0.024533097067433264
v 0.6508679818572575 0.01740549800620484 0.0014091931343499214
v 0.6751860212745243 0.017405496943229536 -0.0007642338341612782
v 0.6778650114424573 0.012918296185985181 0.00860125348572168
v 0.6376910042228275 0.017405498582188858 -0.033948095881896866
v 0.6147569846572453 0.017405499584666733 -0.032363897556024444
v 0.642423016775404 0.012918297735204047 -0.04401009752746191
v 0.6101109812147962 0.012918299147608036 -0.0417987950086173
v 0.6455030269252563 0.0068724774090699456 -0.050559295707899
v 0.6070710248576905 0.006872479088986179 -0.04796979799266423
v 0.6915989947828334 0.019793396131238847 -0.02642459645267096
v 0.6865389776739161 0.019793396352419224 -0.013522896350878147
v 0.7063799930128138 0.019793395485140863 -0.015219896466987999
v 0.702108008912472 0.01979339567187523 -0.027281297737317953
v 0.68176702970882 0.01740549665556451 -0.0013527968139898459
v 0.7103860210837895 0.017405495404588613 -0.003910586604433929
v 0.7136459777243481 0.012918294621949409 0.005291263206345164
v 0.6728499960364872 0.017405497045340453 -0.03667909502382841
v 0.6538169812621647 0.017405497877299985 -0.03520089610810842
v 0.6764759848006116 0.01291829624670148 -0.04654929637308684
v 0.6487909982092724 0.012918297456850726 -0.044485194975095656
v 0.6788369841205383 0.0068724759519963406 -0.05297679677005378
v 0.6455030269252563 0.0068724774090699456 -0.050559295707899
v 0.728395028165249 0.019793394522833078 -0.02942309751506416
v 0.7229630184682886 0.01979339476027377 -0.016638996446090615
v 0.7430190277608911 0.019793393883597726 -0.018355196708398743
v 0.7382849884542505 0.019793394090529166 -0.030228997015911023
v 0.7178380321921879 0.01740549507885085 -0.00457684685807196
v 0.7474580239715152 0.017405493784119836 -0.007224016723739786
v 0.7510679790861949 0.01291829298618171 0.0018299931953150187
v 0.7072959970893437 0.017405495539657867 -0.03935449793334571
v 0.6861730050506168 0.01740549646297321 -0.03771389498706427
v 0.7115109989531384 0.01291829471527231 -0.049161395424562375
v 0.6817380020506726 0.01291829601669139 -0.046941196912485036
v 0.7142550177203918 0.00687247440382486 -0.055545596772390286
v 0.6788369841205383 0.0068724759519963406 -0.05297679677005378
v 0.7646980119260828 0.019793392935979197 -0.03238179757590858
v 0.7596769762548486 0.01979339315545564 -0.019780597084718632
v 0.7802470160039942 0.01979339225631061 -0.02154009639616578
v 0.7746259999784509 0.01979339250201304 -0.03319109826679795
v 0.7549410294951968 0.017405493457027264 -0.007893036486166403
v 0.7855120133819156 0.017405492120727062 -0.010625496873217516
v 0.7897929975874767 0.012918291293457323 -0.0017515968238514595
v 0.7444590162696414 0.01740549391521064 -0.042240998142915646
v 0.722384018844562 0.017405494880139462 -0.04052609800692168
v 0.7494720051176891 0.012918293055943964 -0.0519914984643039
v 0.7174700329192029 0.012918294454794652 -0.049605595314460675
v 0.7527339882480406 0.00687247272185557 -0.058335798227744984
v 0.7142550177203918 0.00687247440382486 -0.055545596772390286
v 0.8025770020994226 0.019793391280235884 -0.03546899780030816
v 0.7978669834646265 0.01979339148611734 -0.023047896468597347
v 0.8168330026182214 0.01979339065708628 -0.024670597532349525
v 0.811525983861355 0.01979339088906345 -0.03619779496784776
v 0.7934250068130069 0.01740549177483912 -0.011332996556120807
v 0.821804983562427 0.017405490534310886 -0.0138694964289245
v 0.7897929975874767 0.012918291293457323 -0.0017515968238514595
v 0.8258480260260448 0.012918289717441911 -0.005087026761430205
v 0.780333979076343 0.017405492347066148 -0.04502769782538979
v 0.7596099805297427 0.01740549325294093 -0.04341809674497215
v 0.7849680015929088 0.012918291504364616 -0.05463799684639543
v 0.7554520199187145 0.012918292794549204 -0.052437695109802174
v 0.7879850096332335 0.006872471180984425 -0.060892897093254024
v 0.7527339882480406 0.00687247272185557 -0.058335798227744984
v 0.8409830165418664 0.019793389601455606 -0.038598897302108706
v 0.8354099822553673 0.01979338984506068 -0.02626029624934763
v 0.8536929917844811 0.019793389045884915 -0.027824497216897913
v 0.8492359948667565 0.01979338924070645 -0.03927129729981989
v 0.8301510047378116 0.0174054901694947 -0.014615496987062396
v 0.8578709792556337 0.01740548895781608 -0.017093496763664194
v 0.8258480260260448 0.012918289717441911 -0.005087026761430205
v 0.8612699935324534 0.012918288169098473 -0.008363336691218325
v 0.817601008361774 0.017405490718072493 -0.04792239739890664
v 0.7963760327758365 0.01740549164584568 -0.04627359508867829
v 0.8225329944975719 0.01291828986234656 -0.057439195358711184
v 0.7913030216582164 0.012918291227452083 -0.055110296601015026
v 0.7913030216582164 0.012918291227452083 -0.055110296601015026
v 0.8225329944975719 0.01291828986234656 -0.057439195358711184
v 0.8257419890987181 0.006872469530574368 -0.06363079919810861
v 0.7879850096332335 0.006872471180984425 -0.060892897093254024
v 0.8762740326437035 0.019793388058836233 -0.04147429614658923
v 0.8707499933752099 0.019793388300299666 -0.029283596569257688
v 0.8896310163053551 0.01979338747498391 -0.030899396532731965
v 0.8843189907583275 0.019793387707179932 -0.04213029741640658
v 0.8655360173644594 0.017405488622766613 -0.017778296390133806
v 0.8946080040397218 0.017405487351989664 -0.020376697549181894
v 0.8612699935324534 0.012918288169098473 -0.008363336691218325
v 0.898655993688856 0.012918286534904438 -0.011821196781056838
v 0.852784020847278 0.01740548918017411 -0.050654797249990405
v 0.8345060181083254 0.01740548997913102 -0.04923499598498911
v 0.8556679913885935 0.012918288413969786 -0.05990959554310412
v 0.8292079994566783 0.012918289570572814 -0.05793629809613795
v 0.8292079994566783 0.012918289570572814 -0.05793629809613795
v 0.8556679913885935 0.012918288413969786 -0.05990959554310412
v 0.8575479812251828 0.006872468140290241 -0.065937595808464
v 0.9118590188535729 0.01979338650336702 -0.04437449797387691
v 0.9069959950956383 0.01979338671593655 -0.032385195040660814
v 0.9251550269636193 0.019793385922180023 -0.0339384958087978
v 0.9194390011343041 0.019793386172035462 -0.0449918977856216
v 0.902407987064319 0.01740548701104156 -0.02107389680440994
v 0.9305080007972292 0.0174054857827509 -0.023585597419696774
v 0.898655993688856 0.012918286534904438 -0.011821196781056838
v 0.9348590204604014 0.012918284952419815 -0.015169697248893704
v 0.8897170257033876 0.01740548756578113 -0.05352339743967623
v 0.8683230113448671 0.01740548850094324 -0.05186149700875849
v 0.8941010067351206 0.01291828673400926 -0.06277479454274745
v 0.8618110248930796 0.012918288145449252 -0.06036749705072017
v 0.8618110248930796 0.012918288145449252 -0.06036749705072017
v 0.8941010067351206 0.01291828673400926 -0.06277479454274745
v 0.8969539827930234 0.006872466417799136 -0.06879589929576488
v 0.9451550078901328 0.019793385047953055 -0.03564979731436344
v 0.9747990203413047 0.019793383752172065 -0.03818629532452199
v 0.9394929837646059 0.017405485390004808 -0.024388697364884342
v 0.9756529759826233 0.01740548380940128 -0.027620997646409007
v 0.9348590204604014 0.012918284952419815 -0.015169697248893704
v 0.9763489792235238 0.012918283138836044 -0.01900769620533559
v 0.9245040249290041 0.01740548604519304 -0.05622559636231037
v 0.9055260252418093 0.017405486874747786 -0.05475139840837093
v 0.9286169836409434 0.012918285225267933 -0.06534839644427869
v 0.900343997228895 0.012918286461119468 -0.0632401950597343
v 0.900343997228895 0.012918286461119468 -0.0632401950597343
v 0.9286169836409434 0.012918285225267933 -0.06534839644427869
v 0.4723250103506131 0.019793405716009505 0.004607803287399192
v 0.47233800406549664 0.017558805231070344 0.004787953203958649
v 0.4663989972600768 0.01755880549067259 -0.008088997000413756
v 0.4663870168241544 0.019793405975567457 -0.008269137138086179
v 0.4663870168241544 0.019793405975567457 -0.008269137138086179
v 0.4663989972600768 0.01755880549067259 -0.008088997000413756
v 0.4702389965930305 0.01517090541737769 -0.02095839604135118
v 0.4702260028781469 0.01740550590231685 -0.02113779670889936
v 0.47336099828325645 0.010683704640768692 -0.031421898299413546
v 0.4733480045683729 0.012918305125707852 -0.031602098041730746
v 0.4753950065219446 0.004637864802582722 -0.03823859840031229
v 0.47538201280706194 0.006872484845295949 -0.03841869755979143
v 0.47538201280706194 0.006872484845295949 -0.03841869755979143
v 0.4753950065219446 0.004637864802582722 -0.03823859840031229
v 0.4780539997919692 0.010683704435631072 -0.03177189677353464
v 0.47804100607708566 0.012918304920570233 -0.03195199593301378
v 0.4821210037150702 0.015170904897998641 -0.021881096431570872
v 0.48210801000018666 0.017405505382937805 -0.02206129617388807
v 0.4870979916581938 0.01755880458589077 -0.009775616595106944
v 0.4870849979433102 0.019793405070829932 -0.009955766977327687
v 0.4853730034360716 0.017558804661292404 0.0036727032684210695
v 0.48536000972118803 0.01979340514623156 0.0034925531190309685
v 0.48374999865678164 0.015170904826793001 0.016329602903169767
v 0.48373801822085927 0.017405505311687868 0.016149503743690626
v 0.4824260004862441 0.010683704244524831 0.02666180357937254
v 0.48241300677136056 0.012918304729463993 0.02648170255724825
v 0.48241300677136056 0.012918304729463993 0.02648170255724825
v 0.4824260004862441 0.010683704244524831 0.02666180357937254
v 0.47790200814393374 0.015170905082416794 0.016852903744620458
v 0.4778890144290502 0.017405505567355956 0.01667270400230326
v 0.49913699751224944 0.019793404544020274 0.0023140531093303095
v 0.499149991227133 0.017558804059081116 0.00249557323422767
v 0.4946749937066862 0.017558804254689482 -0.010391696722763405
v 0.49466199999180266 0.01979340473962864 -0.010573196591394766
v 0.49466199999180266 0.01979340473962864 -0.010573196591394766
v 0.4946749937066862 0.017558804254689482 -0.010391696722763405
v 0.4975920151153192 0.01517150399347728 -0.023080896952706206
v 0.49757899159808705 0.017405504706679693 -0.02326239682133757
v 0.4999649950369491 0.010683703477871013 -0.03340419604774081
v 0.4999520013220655 0.012918303962810174 -0.03358569591637217
v 0.5015119737231775 0.004637863660973782 -0.04013149663205706
v 0.5014989800082947 0.006872483703687008 -0.040312996500688425
v 0.5014989800082947 0.006872483703687008 -0.040312996500688425
v 0.5015119737231775 0.004637863660973782 -0.04013149663205706
v 0.5050560065611495 0.010683703255335821 -0.03378379567857348
v 0.5050440261252271 0.012918303740230692 -0.03396529554720484
v 0.5104740093627557 0.015171503430387406 -0.02408199607725703
v 0.510461015647846 0.017405504143588515 -0.02426359652872645
v 0.5170990061292478 0.017558803274504726 -0.012219297134834162
v 0.5170860124143642 0.019793403759443887 -0.012400797003465523
v 0.5170860124143642 0.019793403759443887 -0.012400797003465523
v 0.5170990061292478 0.017558803274504726 -0.012219297134834162
v 0.5132880043515988 0.01755880344108891 0.0012861231634814238
v 0.5132750106367153 0.019793403926028068 0.0011046031549993853
v 0.5096959899344763 0.015170903692657655 0.014011803647917877
v 0.5096829962195928 0.017405504177596818 0.01383100320254005
v 0.5067609974249495 0.010683703180808288 0.024412802985352648
v 0.506748003710066 0.01291830366574745 0.024231303116721285
v 0.506748003710066 0.01291830366574745 0.024231303116721285
v 0.5067609974249495 0.010683703180808288 0.024412802985352648
v 0.5033470223822912 0.015170903970179853 0.014579702733499181
v 0.5033340286674077 0.017405504455119014 0.014398202864867819
v 0.5301989746603054 0.019793403186258076 -0.00034343581046425664
v 0.5303129982480832 0.01755880269690276 -0.000160540806064205
v 0.5259210299978085 0.0175588028888818 -0.0129281965955671
v 0.5258080196889919 0.019793403378192825 -0.013111097173350683
v 0.5258080196889919 0.019793403378192825 -0.013111097173350683
v 0.5259210299978085 0.0175588028888818 -0.0129281965955671
v 0.5300069878974542 0.015171502576573763 -0.025589896732526655
v 0.5298939775886113 0.017405503294146734 -0.02577279731031024
v 0.5333289929731978 0.010683702019484285 -0.03588289617891872
v 0.5332150289900648 0.012918302508836996 -0.0360657967567023
v 0.5353920286738916 0.004637862180029485 -0.04258679821487033
v 0.5353789753543641 0.006872482222745317 -0.04277039542193973
v 0.5353789753543641 0.006872482222745317 -0.04277039542193973
v 0.5353920286738916 0.004637862180029485 -0.04258679821487033
v 0.5388110109671248 0.010683701779857658 -0.0362912960290488
v 0.538696987379347 0.012918302269212976 -0.03647419660683238
v 0.5438830088058099 0.015171501970033599 -0.026667297252970575
v 0.543769998496967 0.017405502687606572 -0.02685019596810901
v 0.5500870179662534 0.017558801832552876 -0.014897397154527543
v 0.5499729943784756 0.01979340232190819 -0.015080997155564662
v 0.5499729943784756 0.01979340232190819 -0.015080997155564662
v 0.5500870179662534 0.017558801832552876 -0.014897397154527543
v 0.5455519985685178 0.017558802030784873 -0.0014641868356194473
v 0.54543797498074 0.01979340252014019 -0.0016477668132212134
v 0.5411760042586907 0.015171502088360524 0.011200302845281724
v 0.541163010543781 0.017405502801561633 0.011016702844244603
v 0.537681026111473 0.010683701829250854 0.021554503223342066
v 0.5376680323965894 0.012918302314190016 0.02137090229098237
v 0.5376680323965894 0.012918302314190016 0.02137090229098237
v 0.537681026111473 0.010683701829250854 0.021554503223342066
v 0.5343299935737237 0.015171502387609167 0.011812203197223311
v 0.534316999858814 0.017405503100810276 0.011628702847701674
v 0.5644050074132961 0.019793401691064836 -0.0032704567011024965
v 0.5645190310011046 0.01755950155628563 -0.003085496736275794
v 0.5604190063009398 0.017559501735503413 -0.015737597265797498
v 0.5603059959920925 0.019793401870238328 -0.015922597044664265
v 0.5603059959920925 0.019793401870238328 -0.015922597044664265
v 0.5604190063009398 0.017559501735503413 -0.015737597265797498
v 0.5654010008254632 0.015171501029452257 -0.02833679727609718
v 0.5652879905166204 0.01740550174702523 -0.02852169647212589
v 0.5694989987715683 0.010684400793019164 -0.03857409804459179
v 0.5693359801657545 0.012918300929940011 -0.03875909596081341
v 0.5721340006435263 0.004638550684014607 -0.04523879512544239
v 0.5719709820377137 0.0068724806232578406 -0.04542369618411625
v 0.5719709820377137 0.0068724806232578406 -0.04542369618411625
v 0.5721340006435263 0.004638550684014607 -0.04523879512544239
v 0.5752360054358444 0.010684400542246628 -0.0390017986237582
v 0.5750729868300306 0.012918300679167475 -0.03918669595714176
v 0.5799289773383721 0.01517150039441421 -0.029465096437888985
v 0.5798150133552129 0.01740550111202887 -0.029649997496562844
v 0.5857299994955198 0.017559500629124716 -0.01780029609199131
v 0.5856159759077114 0.019793400763903922 -0.017985297733503228
v 0.5856159759077114 0.019793400763903922 -0.017985297733503228
v 0.5857299994955198 0.017559500629124716 -0.01780029609199131
v 0.5804850291738646 0.017559500858389657 -0.004451706906365997
v 0.5803720188650173 0.01979340099312457 -0.004636666638362055
v 0.5755880306640252 0.015171500584163014 0.008139202936035747
v 0.5754250120582158 0.01740550130392192 0.007954243204039688
v 0.5715420075758896 0.010684400703716398 0.01843770370487606
v 0.5713789889700758 0.012918300840637244 0.0182528026462022
v 0.5713789889700758 0.012918300840637244 0.0182528026462022
v 0.5715420075758896 0.010684400703716398 0.01843770370487606
v 0.568413002339898 0.015171500897793476 0.008780712826592084
v 0.5682499837340886 0.01740550161755238 0.008595753094596025
v 0.5992039871725124 0.019793400169953058 -0.006247656786399731
v 0.5993670057783262 0.017559500033032215 -0.006061326613235126
v 0.5954010319242613 0.01755950020639045 -0.018582797044473538
v 0.5952380133184475 0.019793400343311292 -0.01876909694965447
v 0.5952380133184475 0.019793400343311292 -0.01876909694965447
v 0.5954010319242613 0.01755950020639045 -0.018582797044473538
v 0.6004550288596734 0.015171499497191966 -0.031054096662956127
v 0.6002909969749028 0.017405500216995162 -0.03124039656813706
v 0.6045610138281784 0.010684399260409748 -0.04118619709606732
v 0.6043979952223646 0.012918299397330595 -0.0413724951386031
v 0.6072349971378195 0.004638549149701258 -0.04778349622483815
v 0.6070710248576905 0.006872479088986179 -0.04796979799266423
v 0.6070710248576905 0.006872479088986179 -0.04796979799266423
v 0.6072349971378195 0.004638549149701258 -0.04778349622483815
v 0.61027399982061 0.01068439901068719 -0.04161249696608152
v 0.6101109812147962 0.012918299147608036 -0.0417987950086173
v 0.6149200032630546 0.015171498864907828 -0.03217759578819837
v 0.6147569846572453 0.017405499584666733 -0.032363897556024444
v 0.6206049751768247 0.017559499104691054 -0.02063729650672044
v 0.6204410028966945 0.019793399241653586 -0.02082359641190137
v 0.6204410028966945 0.019793399241653586 -0.02082359641190137
v 0.6206049751768247 0.017559499104691054 -0.02063729650672044
v 0.6152670216093198 0.01755949933802042 -0.00742204663674797
v 0.615104003003506 0.019793399474941267 -0.0076083768099125745
v 0.6102319787421807 0.015171499069827888 0.005241753166956055
v 0.6100690197410161 0.017405499789584188 0.005055422993791449
v 0.6061140128478012 0.01068439919252599 0.015439203573805437
v 0.6059509942419874 0.012918299329446837 0.015252902737301934
v 0.6059509942419874 0.012918299329446837 0.015252902737301934
v 0.6061140128478012 0.01068439919252599 0.015439203573805437
v 0.6030869911590203 0.015171499382145227 0.00588051332761084
v 0.6029230188788945 0.017405500101945817 0.005694183154446234
v 0.6375679803403895 0.01979339849300959 -0.009332816483038324
v 0.6377320122251645 0.017559498356044454 -0.009143046469944377
v 0.632028026534094 0.017559498605373598 -0.021367496246057407
v 0.631863994649319 0.019793398742338736 -0.02155659756954278
v 0.631863994649319 0.019793398742338736 -0.02155659756954278
v 0.632028026534094 0.017559498605373598 -0.021367496246057407
v 0.6378549765029533 0.015171497862388266 -0.033758296066480536
v 0.6376910042228275 0.017405498582188858 -0.033948095881896866
v 0.6425869890555342 0.010684397598241514 -0.04382099806662169
v 0.642423016775404 0.012918297735204047 -0.04401009752746191
v 0.6456669992053853 0.004638547469785026 -0.050369495892482664
v 0.6455030269252563 0.0068724774090699456 -0.050559295707899
v 0.6455030269252563 0.0068724774090699456 -0.050559295707899
v 0.6456669992053853 0.004638547469785026 -0.050369495892482664
v 0.6489550300940474 0.010684397319885588 -0.04429539515967932
v 0.6487909982092724 0.012918297456850726 -0.044485194975095656
v 0.6539810131469352 0.015171497157496789 -0.03501109629269209
v 0.6538169812621647 0.017405497877299985 -0.03520089610810842
v 0.6601270269880429 0.01755949737712723 -0.02365709691639509
v 0.659962995103268 0.019793397514092367 -0.023846896731811427
v 0.659962995103268 0.019793397514092367 -0.023846896731811427
v 0.6601270269880429 0.01755949737712723 -0.02365709691639509
v 0.6554450225362912 0.017559497581784152 -0.010658496426003836
v 0.6552820039304774 0.019793397718704996 -0.010848196589904687
v 0.6510310004630668 0.015171497286445935 0.001598283165549078
v 0.6508679818572575 0.01740549800620484 0.0014091931343499214
v 0.6474219986304244 0.010684397386896511 0.011621103255492784
v 0.6472580263502942 0.012918297523859045 0.011432002863329986
v 0.6472580263502942 0.012918297523859045 0.011432002863329986
v 0.6474219986304244 0.010684397386896511 0.011621103255492784
v 0.6430759857574089 0.015171497634170686 0.0023092332821759982
v 0.6429130267562443 0.017405498353926987 0.0021201531462791967
v 0.6718950105222743 0.019793396992527384 -0.012269496352928544
v 0.6720589828024045 0.017559496855564852 -0.012078296759682562
v 0.6685520243177548 0.017559497008858886 -0.024341896542864706
v 0.6683879924329799 0.019793397145824024 -0.024533097067433264
v 0.6683879924329799 0.019793397145824024 -0.024533097067433264
v 0.6685520243177548 0.017559497008858886 -0.024341896542864706
v 0.6730130146423272 0.015172195748835084 -0.03648729845281211
v 0.6728499960364872 0.017405497045340453 -0.03667909502382841
v 0.6766390034064254 0.010684396109780633 -0.046358196431356344
v 0.6764759848006116 0.01291829624670148 -0.04654929637308684
v 0.679001016005312 0.004638546012708815 -0.05278559624548522
v 0.6788369841205383 0.0068724759519963406 -0.05297679677005378
v 0.6788369841205383 0.0068724759519963406 -0.05297679677005378
v 0.679001016005312 0.004638546012708815 -0.05278559624548522
v 0.6819010206564864 0.010684395879770544 -0.04675009697075454
v 0.6817380020506726 0.01291829601669139 -0.046941196912485036
v 0.6863360236564569 0.01517219516646784 -0.037522098416047964
v 0.6861730050506168 0.01740549646297321 -0.03771389498706427
v 0.6917620133886472 0.017559495994318 -0.026233496510940462
v 0.6915989947828334 0.019793396131238847 -0.02642459645267096
v 0.6915989947828334 0.019793396131238847 -0.02642459645267096
v 0.6917620133886472 0.017559495994318 -0.026233496510940462
v 0.6867030095586911 0.01755949621545409 -0.013331096985894113
v 0.6865389776739161 0.019793396352419224 -0.013522896350878147
v 0.6819310019889764 0.015172195359017452 -0.0011616568253886386
v 0.68176702970882 0.01740549665556451 -0.0013527968139898459
v 0.6780280300482711 0.010684396049064335 0.008792402787548632
v 0.6778650114424573 0.012918296185985181 0.00860125348572168
v 0.6778650114424573 0.012918296185985181 0.00860125348572168
v 0.6780280300482711 0.010684396049064335 0.008792402787548632
v 0.6753489802757195 0.01517219564672677 -0.0005730868024331004
v 0.6751860212745243 0.017405496943229536 -0.0007642338341612782
v 0.7063799930128138 0.019793395485140863 -0.015219896466987999
v 0.7065430116186582 0.017560193840150982 -0.01502659674133626
v 0.7022710275183164 0.017560194026885346 -0.02708739637728301
v 0.702108008912472 0.01979339567187523 -0.027281297737317953
v 0.702108008912472 0.01979339567187523 -0.027281297737317953
v 0.7022710275183164 0.017560194026885346 -0.02708739637728301
v 0.7074600289741448 0.015172194243108205 -0.03916059657331077
v 0.7072959970893437 0.017405495539657867 -0.03935449793334571
v 0.7116740175589827 0.010685094001605 -0.04896819814439384
v 0.7115109989531384 0.01291829471527231 -0.049161395424562375
v 0.7144189900005504 0.0046392243300194085 -0.055351695412355344
v 0.7142550177203918 0.00687247440382486 -0.055545596772390286
v 0.7142550177203918 0.00687247440382486 -0.055545596772390286
v 0.7144189900005504 0.0046392243300194085 -0.055351695412355344
v 0.7176329919204024 0.010685093741129947 -0.04941239803429214
v 0.7174700329192029 0.012918294454794652 -0.049605595314460675
v 0.7225479911247185 0.015172193583592406 -0.04033289700146286
v 0.722384018844562 0.017405494880139462 -0.04052609800692168
v 0.7285579871664486 0.017560192877845802 -0.02922989650960533
v 0.728395028165249 0.019793394522833078 -0.02942309751506416
v 0.728395028165249 0.019793394522833078 -0.02942309751506416
v 0.7285579871664486 0.017560192877845802 -0.02922989650960533
v 0.7231269907484493 0.0175601931152422 -0.016445797303276933
v 0.7229630184682886 0.01979339476027377 -0.016638996446090615
v 0.7180020044723443 0.015172193782303793 -0.004383637005048669
v 0.7178380321921879 0.01740549507885085 -0.00457684685807196
v 0.7138100096091536 0.010685093908237806 0.005485153390509211
v 0.7136459777243481 0.012918294621949409 0.005291263206345164
v 0.7136459777243481 0.012918294621949409 0.005291263206345164
v 0.7138100096091536 0.010685093908237806 0.005485153390509211
v 0.7105499933639459 0.015172194108041558 -0.0037173767514106382
v 0.7103860210837895 0.017405495404588613 -0.003910586604433929
v 0.7430190277608911 0.019793393883597726 -0.018355196708398743
v 0.7431830000410519 0.017560192238566155 -0.018159296730118676
v 0.738449020339056 0.01756019244549499 -0.030033696809369008
v 0.7382849884542505 0.019793394090529166 -0.030228997015911023
v 0.7382849884542505 0.019793394090529166 -0.030228997015911023
v 0.738449020339056 0.01756019244549499 -0.030033696809369008
v 0.7446229885497978 0.015172192618663583 -0.04204499571915238
v 0.7444590162696414 0.01740549391521064 -0.042240998142915646
v 0.7496359773978498 0.010685092342234966 -0.051796196395116734
v 0.7494720051176891 0.012918293055943964 -0.0519914984643039
v 0.7528970068538828 0.004639222648091806 -0.05814049615855782
v 0.7527339882480406 0.00687247272185557 -0.058335798227744984
v 0.7527339882480406 0.00687247272185557 -0.058335798227744984
v 0.7528970068538828 0.004639222648091806 -0.05814049615855782
v 0.7556159921988752 0.010685092080840206 -0.052241796994167256
v 0.7554520199187145 0.012918292794549204 -0.052437695109802174
v 0.7597740124145439 0.01517219195639127 -0.04322209804649918
v 0.7596099805297427 0.01740549325294093 -0.04341809674497215
v 0.7648619842062435 0.017560191290947626 -0.032185795152145306
v 0.7646980119260828 0.019793392935979197 -0.03238179757590858
v 0.7646980119260828 0.019793392935979197 -0.03238179757590858
v 0.7648619842062435 0.017560191290947626 -0.032185795152145306
v 0.7598410081396542 0.01756019151042147 -0.019584596523600506
v 0.7596769762548486 0.01979339315545564 -0.019780597084718632
v 0.7551050017753532 0.015172192160480207 -0.007697756768721029
v 0.7549410294951968 0.017405493457027264 -0.007893036486166403
v 0.7512320109710005 0.010685092272470107 0.002025953127485826
v 0.7510679790861949 0.01291829298618171 0.0018299931953150187
v 0.7510679790861949 0.01291829298618171 0.0018299931953150187
v 0.7512320109710005 0.010685092272470107 0.002025953127485826
v 0.7476209829727104 0.015172192487617073 -0.007028746785181446
v 0.7474580239715152 0.017405493784119836 -0.007224016723739786
v 0.7802470160039942 0.01979339225631061 -0.02154009639616578
v 0.7804109882841549 0.01756019061127904 -0.02134199663396447
v 0.7747900318632565 0.017560190856978863 -0.03299239500756829
v 0.7746259999784509 0.01979339250201304 -0.03319109826679795
v 0.7746259999784509 0.01979339250201304 -0.03319109826679795
v 0.7747900318632565 0.017560190856978863 -0.03299239500756829
v 0.7804980109611748 0.015172891405092597 -0.044828998291450435
v 0.780333979076343 0.017405492347066148 -0.04502769782538979
v 0.7851319738730695 0.010685090790655619 -0.05443989708419412
v 0.7849680015929088 0.012918291504364616 -0.05463799684639543
v 0.7881489819133921 0.004639221107178974 -0.060694096976476604
v 0.7879850096332335 0.006872471180984425 -0.060892897093254024
v 0.7879850096332335 0.006872471180984425 -0.060892897093254024
v 0.7881489819133921 0.004639221107178974 -0.060694096976476604
v 0.7914669939383772 0.010685090513743086 -0.054912297421651775
v 0.7913030216582164 0.012918291227452083 -0.055110296601015026
v 0.7965400050560234 0.015172890703874736 -0.04607489555473893
v 0.7963760327758365 0.01740549164584568 -0.04627359508867829
v 0.8027409743795834 0.017560189635204313 -0.0352702982663688
v 0.8025770020994226 0.019793391280235884 -0.03546899780030816
v 0.8025770020994226 0.019793391280235884 -0.03546899780030816
v 0.8027409743795834 0.017560189635204313 -0.0352702982663688
v 0.798031015349432 0.017560189841083165 -0.022849196934657985
v 0.7978669834646265 0.01979339148611734 -0.023047896468597347
v 0.793589992372155 0.015172890832823884 -0.011134297022181446
v 0.7934250068130069 0.01740549177483912 -0.011332996556120807
v 0.7899570294722822 0.01068509057974572 -0.0015535768061456022
v 0.7897929975874767 0.012918291293457323 -0.0017515968238514595
v 0.7897929975874767 0.012918291293457323 -0.0017515968238514595
v 0.7899570294722822 0.01068509057974572 -0.0015535768061456022
v 0.7856759856621025 0.015172891178756117 -0.010427397111016206
v 0.7855120133819156 0.017405492120727062 -0.010625496873217516
v 0.8168330026182214 0.01979339065708628 -0.024670597532349525
v 0.8169969748984128 0.017560889366630823 -0.02446979693468183
v 0.8116910290251523 0.017560889598561093 -0.03599709495301812
v 0.811525983861355 0.01979339088906345 -0.03619779496784776
v 0.811525983861355 0.01979339088906345 -0.03619779496784776
v 0.8116910290251523 0.017560889598561093 -0.03599709495301812
v 0.8177649806419609 0.01517288977610155 -0.047720896446662844
v 0.817601008361774 0.017405490718072493 -0.04792239739890664
v 0.822697026382408 0.010685789503211068 -0.05723839848633379
v 0.8225329944975719 0.01291828986234656 -0.057439195358711184
v 0.8259060209835517 0.004639909566794102 -0.06342999860044092
v 0.8257419890987181 0.006872469530574368 -0.06363079919810861
v 0.8257419890987181 0.006872469530574368 -0.06363079919810861
v 0.8259060209835517 0.004639909566794102 -0.06342999860044092
v 0.8293729850158309 0.010685789211395636 -0.057735497498470255
v 0.8292079994566783 0.012918289570572814 -0.05793629809613795
v 0.8346710036674735 0.015172889037115783 -0.04903419538732142
v 0.8345060181083254 0.01740548997913102 -0.04923499598498911
v 0.8411469888220577 0.017560888311000146 -0.0383973963498649
v 0.8409830165418664 0.019793389601455606 -0.038598897302108706
v 0.8409830165418664 0.019793389601455606 -0.038598897302108706
v 0.8411469888220577 0.017560888311000146 -0.0383973963498649
v 0.8355740141402035 0.017560888554602614 -0.026058797159748973
v 0.8354099822553673 0.01979338984506068 -0.02626029624934763
v 0.8303149770179985 0.015172889227523755 -0.014414696389394702
v 0.8301510047378116 0.0174054901694947 -0.014615496987062396
v 0.8260119983062362 0.010685789358309026 -0.004886256897407473
v 0.8258480260260448 0.012918289717441911 -0.005087026761430205
v 0.8258480260260448 0.012918289717441911 -0.005087026761430205
v 0.8260119983062362 0.010685789358309026 -0.004886256897407473
v 0.8219690154472588 0.015172889592337337 -0.01366869676257938
v 0.821804983562427 0.017405490534310886 -0.0138694964289245
v 0.8536929917844811 0.019793389045884915 -0.027824497216897913
v 0.8538570236693173 0.017560887755426854 -0.027620997646408983
v 0.8494000267515927 0.017560887950248384 -0.03906779586668581
v 0.8492359948667565 0.01979338924070645 -0.03927129729981989
v 0.8492359948667565 0.01979338924070645 -0.03927129729981989
v 0.8494000267515927 0.017560887950248384 -0.03906779586668581
v 0.8529479931274649 0.015172888238203168 -0.05045129581685633
v 0.852784020847278 0.01740548918017411 -0.050654797249990405
v 0.8558329769477461 0.010685788054792608 -0.05970609783526034
v 0.8556679913885935 0.012918288413969786 -0.05990959554310412
v 0.8577120131100164 0.004639908176509975 -0.06573409810062023
v 0.8575479812251828 0.006872468140290241 -0.065937595808464
v 0.8575479812251828 0.006872468140290241 -0.065937595808464
v 0.8577120131100164 0.004639908176509975 -0.06573409810062023
v 0.8619760104522322 0.010685787786272074 -0.06016399561758609
v 0.8618110248930796 0.012918288145449252 -0.06036749705072017
v 0.868486983625054 0.015172887558972293 -0.05165799557562442
v 0.8683230113448671 0.01740548850094324 -0.05186149700875849
v 0.8764380049238949 0.017560886768380777 -0.04127079843874545
v 0.8762740326437035 0.019793388058836233 -0.04147429614658923
v 0.8762740326437035 0.019793388058836233 -0.04147429614658923
v 0.8764380049238949 0.017560886768380777 -0.04127079843874545
v 0.870914025260046 0.017560887009841604 -0.0290799964159307
v 0.8707499933752099 0.019793388300299666 -0.029283596569257688
v 0.8657010029236075 0.015172887680751375 -0.017574796819644876
v 0.8655360173644594 0.017405488622766613 -0.017778296390133806
v 0.8614349790916059 0.010685787809921295 -0.008159816631632755
v 0.8612699935324534 0.012918288169098473 -0.008363336691218325
v 0.8612699935324534 0.012918288169098473 -0.008363336691218325
v 0.8614349790916059 0.010685787809921295 -0.008159816631632755
v 0.8580350111404654 0.015172888015842531 -0.016889997193175264
v 0.8578709792556337 0.01740548895781608 -0.017093496763664194
v 0.8896310163053551 0.01979338747498391 -0.030899396532731965
v 0.8897960018645077 0.01756088618448416 -0.03069309740658374
v 0.8844830226431637 0.017560886416721867 -0.041923998290258356
v 0.8843189907583275 0.019793387707179932 -0.04213029741640658
v 0.8843189907583275 0.019793387707179932 -0.04213029741640658
v 0.8844830226431637 0.017560886416721867 -0.041923998290258356
v 0.8898809979836052 0.015173586978386298 -0.05331779866810413
v 0.8897170257033876 0.01740548756578113 -0.05352339743967623
v 0.894264979015312 0.010685786374876376 -0.06256919577117534
v 0.8941010067351206 0.01291828673400926 -0.06277479454274745
v 0.8971190279568182 0.004639906453974578 -0.06858960016961665
v 0.8969539827930234 0.006872466417799136 -0.06879589929576488
v 0.8969539827930234 0.006872466417799136 -0.06879589929576488
v 0.8971190279568182 0.004639906453974578 -0.06858960016961665
v 0.9005089827880476 0.01068578610194229 -0.06303469314570995
v 0.900343997228895 0.012918286461119468 -0.0632401950597343
v 0.9056899975220268 0.015173586287352953 -0.05454509555693241
v 0.9055260252418093 0.017405486874747786 -0.05475139840837093
v 0.9120240044127255 0.01756088521286727 -0.044168195122438386
v 0.9118590188535729 0.01979338650336702 -0.04437449797387691
v 0.9118590188535729 0.01979338650336702 -0.04437449797387691
v 0.9120240044127255 0.01756088521286727 -0.044168195122438386
v 0.9071609806547909 0.0175608854254368 -0.03217889591451259
v 0.9069959950956383 0.01979338671593655 -0.032385195040660814
v 0.9025730322281426 0.015173586423599832 -0.020868296170192677
v 0.902407987064319 0.01740548701104156 -0.02107389680440994
v 0.8988200255736921 0.010685786175768947 -0.011615597078162152
v 0.898655993688856 0.012918286534904438 -0.011821196781056838
v 0.898655993688856 0.012918286534904438 -0.011821196781056838
v 0.8988200255736921 0.010685786175768947 -0.011615597078162152
v 0.8947729895989006 0.015173586764550537 -0.02017109691496463
v 0.8946080040397218 0.017405487351989664 -0.020376697549181894
v 0.9251550269636193 0.019793385922180023 -0.0339384958087978
v 0.9253189992438413 0.017561584986300675 -0.03373009561892124
v 0.9196039866934873 0.017561585236111822 -0.0447835981785831
v 0.9194390011343041 0.019793386172035462 -0.0449918977856216
v 0.9194390011343041 0.019793386172035462 -0.0449918977856216
v 0.9196039866934873 0.017561585236111822 -0.0447835981785831
v 0.9246690104881828 0.015173585457753914 -0.05601659640069577
v 0.9245040249290041 0.01740548604519304 -0.05622559636231037
v 0.9287820288047713 0.01068648522066426 -0.06513929589982602
v 0.9286169836409434 0.012918285225267933 -0.06534839644427869
v 0.9314600056256106 0.004640595062910499 -0.0710772000193176
v 0.9312950200664304 0.006872464916704661 -0.07128629311318967
v 0.9312950200664304 0.006872464916704661 -0.07128629311318967
v 0.9314600056256106 0.004640595062910499 -0.0710772000193176
v 0.9359829851493758 0.010686484905900448 -0.0656762964963493
v 0.9358179995901926 0.012918284910501515 -0.06588539704080197
v 0.9428880046288078 0.015173584661376355 -0.05743159576650235
v 0.9427230190696291 0.01740548524881548 -0.05764059572811695
v 0.9513159822951412 0.01756158384993641 -0.047367496782499276
v 0.951150996735958 0.01979338478586005 -0.04757659732695194
v 0.951150996735958 0.01979338478586005 -0.04757659732695194
v 0.9513159822951412 0.01756158384993641 -0.047367496782499276
v 0.945319993449316 0.017561584112029415 -0.03544079735274883
v 0.9451550078901328 0.019793385047953055 -0.03564979731436344
v 0.9396580289284294 0.015173584802563075 -0.024179697403269734
v 0.9394929837646059 0.017405485390004808 -0.024388697364884342
v 0.9350240060195846 0.010686484947818747 -0.014961297059017149
v 0.9348590204604014 0.012918284952419815 -0.015169697248893704
v 0.9348590204604014 0.012918284952419815 -0.015169697248893704
v 0.9350240060195846 0.010686484947818747 -0.014961297059017149
v 0.9306720326820915 0.015173585195353462 -0.023376597458082165
v 0.9305080007972292 0.0174054857827509 -0.023585597419696774
v 0.45199601122014793 0.006872485867530586 -0.03652509524818025
v 0.47538201280706194 0.006872484845295949 -0.03841869755979143
v 0.5014989800082947 0.006872483703687008 -0.040312996500688425
v 0.5353789753543641 0.006872482222745317 -0.04277039542193973
v 0.5719709820377137 0.0068724806232578406 -0.04542369618411625
v 0.6070710248576905 0.006872479088986179 -0.04796979799266423
v 0.6455030269252563 0.0068724774090699456 -0.050559295707899
v 0.6788369841205383 0.0068724759519963406 -0.05297679677005378
v 0.7142550177203918 0.00687247440382486 -0.055545596772390286
v 0.7527339882480406 0.00687247272185557 -0.058335798227744984
v 0.5079300231563355 0.006872483422577158 0.030936503416341906
v 0.5079300231563355 0.006872483422577158 0.030936503416341906
v 0.5383199877368714 0.0068724820941895625 0.028063803544682624
v 0.5383199877368714 0.0068724820941895625 0.028063803544682624
v 0.571623010121515 0.006872480638468161 0.024915402388614765
v 0.571623010121515 0.006872480638468161 0.024915402388614765
v 0.6051840014087464 0.006872479171470581 0.02174290232960616
v 0.6051840014087464 0.006872479171470581 0.02174290232960616
v 0.6463929838763977 0.006872477370168675 0.0178478039861146
v 0.6463929838763977 0.006872477370168675 0.0178478039861146
v 0.6774650044070983 0.006872476011967466 0.01491050292406711
v 0.6774650044070983 0.006872476011967466 0.01491050292406711
v 0.7127979821788574 0.006872474467513894 0.011570202751499736
v 0.7127979821788574 0.006872474467513894 0.011570202751499736
v 0.7501979894267821 0.006872472832707589 0.008034693642002657
v 0.7501979894267821 0.006872472832707589 0.008034693642002657
v 0.7893460220920347 0.006872471121492664 0.00433415324096114
v 0.7893460220920347 0.006872471121492664 0.00433415324096114
v 0.7897929975874767 0.012918291293457323 -0.0017515968238514595
v 0.8256919808017515 0.006872469532760286 0.0008983281850303684
v 0.8258480260260448 0.012918289717441911 -0.005087026761430205
v 0.8609220213519834 0.006872467992806243 -0.002431606774735163
v 0.8612699935324534 0.012918288169098473 -0.008363336691218325
v 0.8983620233165525 0.006872466356251714 -0.005970566900032479
v 0.898655993688856 0.012918286534904438 -0.011821196781056838
v 0.9346780008899472 0.006872464768829853 -0.009403637045579878
v 0.9348590204604014 0.012918284952419815 -0.015169697248893704
v 0.9768040008174679 0.006872462927443839 -0.013386097171860671
v 0.9763489792235238 0.012918283138836044 -0.01900769620533559
v 0.9768040008174679 0.006872462927443839 -0.013386097171860671
v 0.9762160009502039 0.0058074127013641895 -0.01526869683857534
v 0.9758720227795449 0.011168482641529373 -0.020325797045188877
v 0.9758720227795449 0.011168482641529373 -0.020325797045188877
v 0.9763489792235238 0.012918283138836044 -0.01900769620533559
v 0.9768040008174679 0.006872462927443839 -0.013386097171860671
v 0.9763489792235238 0.012918283138836044 -0.01900769620533559
v 0.9758720227795449 0.011168482641529373 -0.020325797045188877
v 0.9752719830023037 0.015325582540585482 -0.028364297369080516
v 0.9752719830023037 0.015325582540585482 -0.028364297369080516
v 0.9756529759826233 0.01740548380940128 -0.027620997646409007
v 0.9763489792235238 0.012918283138836044 -0.01900769620533559
v 0.9756529759826233 0.01740548380940128 -0.027620997646409007
v 0.9752719830023037 0.015325582540585482 -0.028364297369080516
v 0.9744850229760913 0.017584882665357165 -0.03841109796758267
v 0.9744850229760913 0.017584882665357165 -0.03841109796758267
v 0.9747990203413047 0.019793383752172065 -0.03818629532452199
v 0.9756529759826233 0.01740548380940128 -0.027620997646409007
v 0.9747990203413047 0.019793383752172065 -0.03818629532452199
v 0.9744850229760913 0.017584882665357165 -0.03841109796758267
v 0.9736159872552661 0.017584882703343928 -0.049157997959810226
v 0.9736159872552661 0.017584882703343928 -0.049157997959810226
v 0.9738899899038352 0.01979338379190705 -0.04942959769960019
v 0.9747990203413047 0.019793383752172065 -0.03818629532452199
v 0.9738899899038352 0.01979338379190705 -0.04942959769960019
v 0.9736159872552661 0.017584882703343928 -0.049157997959810226
v 0.9727809856878199 0.015324883226216907 -0.059199998521762824
v 0.9727809856878199 0.015324883226216907 -0.059199998521762824
v 0.9730350207747986 0.01740548392383575 -0.05999489724035832
v 0.9738899899038352 0.01979338379190705 -0.04942959769960019
v 0.9730350207747986 0.01740548392383575 -0.05999489724035832
v 0.9727809856878199 0.015324883226216907 -0.059199998521762824
v 0.9720830151157875 0.011167783383898641 -0.06723089739080046
v 0.9720830151157875 0.011167783383898641 -0.06723089739080046
v 0.9723390171416146 0.012918283314117072 -0.0686081968187866
v 0.9730350207747986 0.01740548392383575 -0.05999489724035832
v 0.9723390171416146 0.012918283314117072 -0.0686081968187866
v 0.9720830151157875 0.011167783383898641 -0.06723089739080046
v 0.9716110056994718 0.005806723258288443 -0.07227639331813429
v 0.9716110056994718 0.005806723258288443 -0.07227639331813429
v 0.971883995019128 0.006872463142504145 -0.07422979398961638
v 0.9723390171416146 0.012918283314117072 -0.0686081968187866
v 0.971883995019128 0.006872463142504145 -0.07422979398961638
v 0.9716110056994718 0.005806723258288443 -0.07227639331813429
v 0.9714670006237601 -0.0000026168957569702146 -0.07387429698701475
v 0.9714670006237601 -0.0000026168957569702146 -0.07387429698701475
v 0.9717269960842704 -0.000002616907121732691 -0.07618249430652235
v 0.971883995019128 0.006872463142504145 -0.07422979398961638
v 0.9769620124302482 -0.000002617135951588554 -0.011433396854954697
v 0.9763300243816947 -0.000002617108326511952 -0.013667996408003308
v 0.9762160009502039 0.0058074127013641895 -0.01526869683857534
v 0.9762160009502039 0.0058074127013641895 -0.01526869683857534
v 0.9768040008174679 0.006872462927443839 -0.013386097171860671
v 0.9769620124302482 -0.000002617135951588554 -0.011433396854954697
vt 0.44634801149368286 0.007915973663330078
vt 0.44634801149368286 0.06811702251434326
vt 0.4565190076828003 0.06820100545883179
vt 0.4565190076828003 0.007897019386291504
vt 0.43740299344062805 0.007970988750457764
vt 0.43740299344062805 0.06214702129364014
vt 0.5020080208778381 0.934976302087307
vt 0.5019230246543884 0.9221924021840096
vt 0.45694398880004883 0.9226308986544609
vt 0.44783100485801697 0.9356722980737686
vt 0.5018200278282166 0.9065105989575386
vt 0.4680689871311188 0.9067114964127541
vt 0.04418230056762695 0.9986554300412536
vt 0.06398630142211914 0.9982725699665025
vt 0.06416810303926468 0.9798626992851496
vt 0.04442400112748146 0.9727708008140326
vt 0.025572700425982475 0.9990152199752629
vt 0.02592560090124607 0.9661264009773731
vt 0.010401999577879906 0.999308630998712
vt 0.01088470034301281 0.9607237987220287
vt 0.0005000000237487257 0.9994999999762513
vt 0.0007724780007265508 0.960479199886322
vt 0.4170849919319153 0.7790039926767349
vt 0.4272559881210327 0.7789369970560074
vt 0.4272559881210327 0.7399170100688934
vt 0.4170849919319153 0.738411009311676
vt 0.06391829997301102 0.9378923997282982
vt 0.04434780031442642 0.932958297431469
vt 0.04438700154423714 0.9534149989485741
vt 0.0639851987361908 0.9491394981741905
vt 0.025996599346399307 0.9283313974738121
vt 0.02594190090894699 0.9574389010667801
vt 0.011064300313591957 0.9245669022202492
vt 0.08259589970111847 0.9979126600082964
vt 0.08264009654521942 0.9725442994385958
vt 0.0977666974067688 0.9976194999180734
vt 0.09765960276126862 0.966593898832798
vt 0.10766900330781937 0.9974278800655156
vt 0.10744400322437286 0.9627172984182835
vt 0.06372009962797165 0.9046078026294708
vt 0.06364309787750244 0.8916610032320023
vt 0.04425949975848198 0.8868359997868538
vt 0.04430770128965378 0.9119661971926689
vt 0.026083000004291534 0.8823110014200211
vt 0.02601430006325245 0.9189001992344856
vt 0.011292500421404839 0.8786280006170273
vt 0.0824681967496872 0.9549139998853207
vt 0.0822444036602974 0.9319567978382111
vt 0.09757020324468613 0.9596324004232883
vt 0.09715259820222855 0.9271282032132149
vt 0.10686799883842468 0.9239815026521683
vt 0.06342960149049759 0.8557920008897781
vt 0.06333830207586288 0.8404549956321716
vt 0.04416229948401451 0.8360439985990524
vt 0.04421620070934296 0.864207997918129
vt 0.026177700608968735 0.8319080024957657
vt 0.02610209956765175 0.8721420019865036
vt 0.01154130045324564 0.8285409957170486
vt 0.08205799758434296 0.9128416031599045
vt 0.08177679777145386 0.8840069994330406
vt 0.0970555990934372 0.9195756018161774
vt 0.09651870280504227 0.8777839988470078
vt 0.10686799883842468 0.9239815026521683
vt 0.1061210036277771 0.8737310022115707
vt 0.06311459839344025 0.8028859943151474
vt 0.06302960216999054 0.7886040061712265
vt 0.044063400477170944 0.7843739986419678
vt 0.044116899371147156 0.8123359978199005
vt 0.02598319947719574 0.7804310023784637
vt 0.026197699829936028 0.8212500065565109
vt 0.011505300179123878 0.7772009968757629
vt 0.08157610148191452 0.863416999578476
vt 0.08126480132341385 0.8314879983663559
vt 0.09641420096158981 0.8696520030498505
vt 0.09583029896020889 0.8242020010948181
vt 0.1061210036277771 0.8737310022115707
vt 0.10531400144100189 0.8194579929113388
vt 0.06280689686536789 0.7511930018663406
vt 0.06241479888558388 0.7342639863491058
vt 0.04366309940814972 0.7274329960346222
vt 0.044018201529979706 0.7607640027999878
vt 0.026094699278473854 0.7210330069065094
vt 0.026003099977970123 0.7698169946670532
vt 0.011810099706053734 0.7158290147781372
vt 0.08105459809303284 0.8099309951066971
vt 0.08075840026140213 0.7795480042695999
vt 0.09572090208530426 0.8156909942626953
vt 0.09516210108995438 0.7721900045871735
vt 0.10531400144100189 0.8194579929113388
vt 0.10453999787569046 0.7673979997634888
vt 0.062166500836610794 0.6925550103187561
vt 0.06209209933876991 0.6800499856472015
vt 0.043565601110458374 0.6764619946479797
vt 0.043612800538539886 0.7011309862136841
vt 0.026184700429439545 0.6730960011482239
vt 0.026116900146007538 0.7092170119285583
vt 0.01203600037842989 0.6703549921512604
vt 0.08054909855127335 0.7580830007791519
vt 0.07992610335350037 0.7240779995918274
vt 0.09505320340394974 0.763714998960495
vt 0.09414610266685486 0.7158060073852539
vt 0.10453999787569046 0.7673979997634888
vt 0.10340099781751633 0.71042200922966
vt 0.061886999756097794 0.6455979943275452
vt 0.06179419904947281 0.6299990117549896
vt 0.043467599898576736 0.6252569854259491
vt 0.04352390021085739 0.6547180116176605
vt 0.026282899081707 0.6208109855651855
vt 0.026203099638223648 0.663320004940033
vt 0.012300100177526474 0.6171930134296417
vt 0.07969280332326889 0.7001489996910095
vt 0.07941749691963196 0.6719079911708832
vt 0.09402479976415634 0.7063600122928619
vt 0.09349720180034637 0.6652910113334656
vt 0.10340099781751633 0.71042200922966
vt 0.10266599804162979 0.6609820127487183
vt 0.06156190112233162 0.5909799933433533
vt 0.061474498361349106 0.5762990117073059
vt 0.04336339980363846 0.5708529949188232
vt 0.043420400470495224 0.6006340086460114
vt 0.02638630010187626 0.5657469928264618
vt 0.026303699240088463 0.6097419857978821
vt 0.012576299719512463 0.5615929961204529
vt 0.07922469824552536 0.6521390080451965
vt 0.07891909778118134 0.6207950115203857
vt 0.09339690208435059 0.6574850082397461
vt 0.09282950311899185 0.6133190095424652
vt 0.10266599804162979 0.6609820127487183
vt 0.10188499838113785 0.6084510087966919
vt 0.06124110147356987 0.537093997001648
vt 0.06115340068936348 0.5223569869995117
vt 0.04325760155916214 0.5155749917030334
vt 0.04331609979271889 0.5461179912090302
vt 0.026492400094866753 0.5092230141162872
vt 0.02640720084309578 0.5546309947967529
vt 0.012862100265920162 0.504056990146637
vt 0.07870080322027206 0.5984059870243073
vt 0.0783815011382103 0.565650999546051
vt 0.09271589666604996 0.6044790148735046
vt 0.09210599958896637 0.5570060014724731
vt 0.10188499838113785 0.6084510087966919
vt 0.10103599727153778 0.5513800084590912
vt 0.02368980087339878 0.31757402420043945
vt 0.03697330132126808 0.3174949884414673
vt 0.04330750182271004 0.29982101917266846
vt 0.015146500431001186 0.29987502098083496
vt 0.04924270138144493 0.2832610011100769
vt 0.007089190185070038 0.2831820249557495
vt 0.05406910181045532 0.2697950005531311
vt 0.0005000000237487257 0.26952898502349854
vt 0.0781622976064682 0.5431689918041229
vt 0.07786250114440918 0.5124189853668213
vt 0.09199199825525284 0.5481339991092682
vt 0.09142950177192688 0.5043489933013916
vt 0.10103599727153778 0.5513800084590912
vt 0.10025899857282639 0.49909698963165283
vt 0.24386900663375854 0.1431260108947754
vt 0.2561190128326416 0.14305299520492554
vt 0.26121199131011963 0.12560701370239258
vt 0.2340639978647232 0.12565898895263672
vt 0.26598700881004333 0.10925298929214478
vt 0.22481200098991394 0.10917598009109497
vt 0.2698709964752197 0.0959479808807373
vt 0.21724200248718262 0.09568697214126587
vt 0.01594250090420246 0.3342980146408081
vt 0.04743809998035431 0.3339899778366089
vt 0.009606230072677135 0.34797602891921997
vt 0.05593319982290268 0.34738099575042725
vt 0.43740299344062805 0.2765269875526428
vt 0.44634801149368286 0.2806730270385742
vt 0.44634801149368286 0.22467201948165894
vt 0.43740299344062805 0.23019999265670776
vt 0.6312260031700134 0.9697903003543615
vt 0.6431670188903809 0.9697191994637251
vt 0.6495479941368103 0.9524816982448101
vt 0.6215119957923889 0.9525353014469147
vt 0.6555269956588745 0.9363316968083382
vt 0.6123449802398682 0.9362505972385406
vt 0.6603890061378479 0.9232005029916763
vt 0.604843020439148 0.9229246005415916
vt 0.2356950044631958 0.1596369743347168
vt 0.26281601190567017 0.1593729853630066
vt 0.2290090024471283 0.17314499616622925
vt 0.26826098561286926 0.17264097929000854
vt 0.43740299344062805 0.2202969789505005
vt 0.44634801149368286 0.1774979829788208
vt 0.43740299344062805 0.18104499578475952
vt 0.5004950165748596 0.6742910146713257
vt 0.5117459893226624 0.6742239892482758
vt 0.5187439918518066 0.6571959853172302
vt 0.49178099632263184 0.657247006893158
vt 0.525297999382019 0.6412470042705536
vt 0.4835610091686249 0.6411679983139038
vt 0.5306259989738464 0.6282829940319061
vt 0.47683700919151306 0.628015011548996
vt 0.6208459734916687 0.9861244997009635
vt 0.6525920033454895 0.9858149997889996
vt 0.6123470067977905 0.9994999999762513
vt 0.6602460145950317 0.9988846300402656
vt 0.43740299344062805 0.17193198204040527
vt 0.44634801149368286 0.11905097961425781
vt 0.43740299344062805 0.12403297424316406
vt 0.5017099976539612 0.8898219987750053
vt 0.4576930105686188 0.8899070024490356
vt 0.5016070008277893 0.8741409927606583
vt 0.4478969871997833 0.8740399926900864
vt 0.5015230178833008 0.8613570034503937
vt 0.439877986907959 0.8610499948263168
vt 0.4924980103969574 0.6904009878635406
vt 0.5206590294837952 0.6901269853115082
vt 0.48595601320266724 0.7035799920558929
vt 0.5278980135917664 0.7030420005321503
vt 0.43740299344062805 0.11477100849151611
vt 0.43740299344062805 0.07282900810241699
vt 0.3370180130004883 0.06675297021865845
vt 0.3370180130004883 0.04700899124145508
vt 0.33371201157569885 0.04732698202133179
vt 0.33371201157569885 0.06707102060317993
vt 0.3370180130004883 0.04700899124145508
vt 0.33348599076271057 0.028536975383758545
vt 0.33017998933792114 0.02885502576828003
vt 0.33371201157569885 0.04732698202133179
vt 0.32684698700904846 0.013517022132873535
vt 0.32354098558425903 0.013836026191711426
vt 0.31790199875831604 0.0037329792976379395
vt 0.3145959973335266 0.004051029682159424
vt 0.5843200087547302 0.4234679937362671
vt 0.5764570236206055 0.4342229962348938
vt 0.5797780156135559 0.43419402837753296
vt 0.5876410007476807 0.42343902587890625
vt 0.5714330077171326 0.4499359726905823
vt 0.574753999710083 0.44990700483322144
vt 0.5698519945144653 0.4686869978904724
vt 0.5731729865074158 0.4686579704284668
vt 0.5719000101089478 0.488178014755249
vt 0.5752210021018982 0.4881489872932434
vt 0.5773410201072693 0.5061529874801636
vt 0.5806630253791809 0.5061239898204803
vt 0.5855180025100708 0.5204339921474457
vt 0.5888360142707825 0.5203729867935181
vt 0.32684698700904846 0.10029202699661255
vt 0.33348599076271057 0.08525097370147705
vt 0.33017998933792114 0.08556997776031494
vt 0.32354098558425903 0.10057902336120605
vt 0.16543099284172058 0.08497601747512817
vt 0.16543099284172058 0.06540602445602417
vt 0.16212600469589233 0.06569397449493408
vt 0.16212600469589233 0.08526402711868286
vt 0.16543099284172058 0.06540602445602417
vt 0.16189900040626526 0.04707998037338257
vt 0.15859299898147583 0.047367990016937256
vt 0.16212600469589233 0.06569397449493408
vt 0.15525999665260315 0.032171010971069336
vt 0.15195399522781372 0.03245997428894043
vt 0.14631499350070953 0.022455990314483643
vt 0.1430100053548813 0.02274399995803833
vt 0.6510570049285889 0.5390680134296417
vt 0.6431869864463806 0.5497609972953796
vt 0.6465049982070923 0.5497030019760132
vt 0.6543750166893005 0.5390090048313141
vt 0.638152003288269 0.5653710067272186
vt 0.6414700150489807 0.565311998128891
vt 0.6365560293197632 0.5839770138263702
vt 0.6398739814758301 0.5839189887046814
vt 0.6365560293197632 0.5839770138263702
vt 0.6385849714279175 0.6032840013504028
vt 0.6419029831886292 0.6032249927520752
vt 0.6398739814758301 0.5839189887046814
vt 0.6440100073814392 0.6211070120334625
vt 0.6473280191421509 0.6210489869117737
vt 0.6521750092506409 0.6352820098400116
vt 0.6554930210113525 0.635223001241684
vt 0.15525999665260315 0.1182590126991272
vt 0.16189900040626526 0.10332697629928589
vt 0.15859299898147583 0.10361599922180176
vt 0.15195399522781372 0.11854797601699829
vt 0.7966049909591675 0.9662421010434628
vt 0.7966049909591675 0.94685859978199
vt 0.7932999730110168 0.9471493996679783
vt 0.7932999730110168 0.966533001512289
vt 0.7966049909591675 0.94685859978199
vt 0.7930729985237122 0.9287248030304909
vt 0.7897670269012451 0.9290157034993172
vt 0.7932999730110168 0.9471493996679783
vt 0.78643399477005 0.9139830023050308
vt 0.783128023147583 0.9142739027738571
vt 0.7774890065193176 0.9043807983398438
vt 0.774183988571167 0.9046716019511223
vt 0.8583980202674866 0.9042562022805214
vt 0.8505169749259949 0.9148446023464203
vt 0.8538349866867065 0.9147884026169777
vt 0.8617159724235535 0.9041998982429504
vt 0.8454650044441223 0.9302954003214836
vt 0.848783016204834 0.9302390962839127
vt 0.8438490033149719 0.9487118013203144
vt 0.8471670150756836 0.9486555010080338
vt 0.8438490033149719 0.9487118013203144
vt 0.8458579778671265 0.9678197987377644
vt 0.849174976348877 0.9677635990083218
vt 0.8471670150756836 0.9486555010080338
vt 0.8512639999389648 0.9854654995724559
vt 0.8545820116996765 0.9854092001914978
vt 0.8594149947166443 0.9994999999762513
vt 0.862733006477356 0.9994437459972687
vt 0.78643399477005 0.9992091319872998
vt 0.7930729985237122 0.9844185998663306
vt 0.7897670269012451 0.9847095003351569
vt 0.783128023147583 0.9994999999762513
vt 0.49925801157951355 0.29138100147247314
vt 0.49925801157951355 0.2722049951553345
vt 0.4959529936313629 0.2724990248680115
vt 0.4959529936313629 0.29167497158050537
vt 0.49925801157951355 0.2722049951553345
vt 0.49572598934173584 0.2542790174484253
vt 0.4924199879169464 0.25457197427749634
vt 0.4959529936313629 0.2724990248680115
vt 0.48908698558807373 0.23971301317214966
vt 0.4857819974422455 0.24000698328018188
vt 0.4801419973373413 0.23022997379302979
vt 0.47683700919151306 0.2305229902267456
vt 0.5146570205688477 0.044542014598846436
vt 0.5067639946937561 0.05501800775527954
vt 0.5100820064544678 0.05496400594711304
vt 0.5179749727249146 0.04448902606964111
vt 0.5016949772834778 0.07029801607131958
vt 0.5050129890441895 0.07024401426315308
vt 0.5000569820404053 0.0885080099105835
vt 0.5033749938011169 0.08845502138137817
vt 0.5000569820404053 0.0885080099105835
vt 0.5020430088043213 0.1074020266532898
vt 0.505361020565033 0.1073489785194397
vt 0.5033749938011169 0.08845502138137817
vt 0.5074290037155151 0.12485402822494507
vt 0.5107470154762268 0.12480098009109497
vt 0.5155640244483948 0.13873600959777832
vt 0.5188819766044617 0.13868200778961182
vt 0.48908698558807373 0.3240020275115967
vt 0.49572598934173584 0.30936598777770996
vt 0.4924199879169464 0.30966001749038696
vt 0.4857819974422455 0.3242959976196289
vt 0.6125329732894897 0.6024279892444611
vt 0.6125329732894897 0.5834609866142273
vt 0.6092280149459839 0.5837570130825043
vt 0.6092280149459839 0.6027230024337769
vt 0.6125329732894897 0.5834609866142273
vt 0.6090009808540344 0.5657329857349396
vt 0.6056950092315674 0.5660279989242554
vt 0.6092280149459839 0.5837570130825043
vt 0.6023619771003723 0.5513289868831635
vt 0.5990570187568665 0.5516250133514404
vt 0.5934169888496399 0.5419510006904602
vt 0.5901119709014893 0.5422469973564148
vt 0.604761004447937 0.274882972240448
vt 0.5968570113182068 0.2852519750595093
vt 0.6001750230789185 0.2852010130882263
vt 0.6080790162086487 0.27483099699020386
vt 0.5917710065841675 0.300370991230011
vt 0.5950890183448792 0.300320029258728
vt 0.5901119709014893 0.3183850049972534
vt 0.5934299826622009 0.3183339834213257
vt 0.5901119709014893 0.3183850049972534
vt 0.5920760035514832 0.3370710015296936
vt 0.5953940153121948 0.33701997995376587
vt 0.5934299826622009 0.3183339834213257
vt 0.5974720120429993 0.35461801290512085
vt 0.6007900238037109 0.3545669913291931
vt 0.6055899858474731 0.3683429956436157
vt 0.6089079976081848 0.3682910203933716
vt 0.6023619771003723 0.634986013174057
vt 0.6090009808540344 0.6205079853534698
vt 0.6056950092315674 0.6208040118217468
vt 0.5990570187568665 0.6352820098400116
vt 0.18865400552749634 0.0863950252532959
vt 0.18865400552749634 0.06764298677444458
vt 0.1853490024805069 0.06794297695159912
vt 0.1853490024805069 0.08669501543045044
vt 0.18865400552749634 0.06764298677444458
vt 0.18512099981307983 0.05013197660446167
vt 0.1818159967660904 0.050432026386260986
vt 0.1853490024805069 0.06794297695159912
vt 0.17848199605941772 0.03591197729110718
vt 0.17517699301242828 0.036212027072906494
vt 0.1695380061864853 0.02665698528289795
vt 0.16623300313949585 0.02695697546005249
vt 0.6280360221862793 0.35765302181243896
vt 0.6201199889183044 0.3679119944572449
vt 0.6234380006790161 0.36786597967147827
vt 0.6313539743423462 0.3576059937477112
vt 0.615015983581543 0.382860004901886
vt 0.6183339953422546 0.3828129768371582
vt 0.6133350133895874 0.4006590247154236
vt 0.6166530251502991 0.400613009929657
vt 0.6133350133895874 0.4006590247154236
vt 0.6152740120887756 0.4191110134124756
vt 0.6185920238494873 0.419064998626709
vt 0.6166530251502991 0.400613009929657
vt 0.6206160187721252 0.4361420273780823
vt 0.6239339709281921 0.4360949993133545
vt 0.6287140250205994 0.4496769905090332
vt 0.6320319771766663 0.4496300220489502
vt 0.17848199605941772 0.11824798583984375
vt 0.18512099981307983 0.10396301746368408
vt 0.1818159967660904 0.10426300764083862
vt 0.17517699301242828 0.11854797601699829
vt 0.8198270201683044 0.9676674008369446
vt 0.8198270201683044 0.9491408988833427
vt 0.816523015499115 0.9494438990950584
vt 0.816523015499115 0.9679704010486603
vt 0.8198270201683044 0.9491408988833427
vt 0.8162950277328491 0.9318154975771904
vt 0.8129900097846985 0.9321184977889061
vt 0.816523015499115 0.9494438990950584
vt 0.809656023979187 0.9177358001470566
vt 0.8063510060310364 0.9180388003587723
vt 0.8007109761238098 0.908567301928997
vt 0.7974069714546204 0.9088703021407127
vt 0.6710429787635803 0.5442129969596863
vt 0.663116991519928 0.5543659925460815
vt 0.6664350032806396 0.5543220043182373
vt 0.6743620038032532 0.544169008731842
vt 0.6579959988594055 0.5691550076007843
vt 0.6613140106201172 0.5691109895706177
vt 0.6562950015068054 0.5867669880390167
vt 0.6596130132675171 0.5867229998111725
vt 0.6562950015068054 0.5867669880390167
vt 0.6582139730453491 0.6050289869308472
vt 0.6615319848060608 0.6049849987030029
vt 0.6596130132675171 0.5867229998111725
vt 0.6635379791259766 0.6218859851360321
vt 0.6668559908866882 0.6218419969081879
vt 0.6716210246086121 0.6352820098400116
vt 0.674938976764679 0.6352370083332062
vt 0.809656023979187 0.9991970090195537
vt 0.8162950277328491 0.9850482996553183
vt 0.8129900097846985 0.985351299867034
vt 0.8063510060310364 0.9994999999762513
vt 0.3928000032901764 0.08756798505783081
vt 0.3928000032901764 0.06924200057983398
vt 0.38949498534202576 0.06954801082611084
vt 0.38949498534202576 0.08787500858306885
vt 0.3928000032901764 0.06924200057983398
vt 0.3892669975757599 0.052116990089416504
vt 0.38596299290657043 0.05242300033569336
vt 0.38949498534202576 0.06954801082611084
vt 0.3826279938220978 0.03820598125457764
vt 0.3793239891529083 0.038513004779815674
vt 0.37368398904800415 0.02915102243423462
vt 0.3703790009021759 0.0294569730758667
vt 0.8783299922943115 0.9094713032245636
vt 0.8703929781913757 0.9195246994495392
vt 0.8737109899520874 0.9194839000701904
vt 0.8816490173339844 0.9094304963946342
vt 0.8652560114860535 0.9341569021344185
vt 0.8685740232467651 0.9341161027550697
vt 0.8635339736938477 0.951571200042963
vt 0.8668519854545593 0.9515304006636143
vt 0.8635339736938477 0.951571200042963
vt 0.8654299974441528 0.9696133006364107
vt 0.8687490224838257 0.9695724993944168
vt 0.8668519854545593 0.9515304006636143
vt 0.8707330226898193 0.9862670004367828
vt 0.8740509748458862 0.986226299777627
vt 0.8787990212440491 0.9994999999762513
vt 0.882116973400116 0.9994592189905234
vt 0.3826279938220978 0.11873602867126465
vt 0.3892669975757599 0.10475301742553711
vt 0.38596299290657043 0.10505902767181396
vt 0.3793239891529083 0.11904197931289673
vt 0.5224800109863281 0.29319900274276733
vt 0.5224800109863281 0.27508801221847534
vt 0.5191760063171387 0.27539801597595215
vt 0.5191760063171387 0.29350900650024414
vt 0.5224800109863281 0.27508801221847534
vt 0.5189470052719116 0.25818097591400146
vt 0.5156430006027222 0.25849097967147827
vt 0.5191760063171387 0.27539801597595215
vt 0.5123080015182495 0.2444559931755066
vt 0.5090039968490601 0.2447659969329834
vt 0.5033640265464783 0.23552697896957397
vt 0.5000600218772888 0.23583602905273438
vt 0.5847030282020569 0.24085497856140137
vt 0.5767530202865601 0.2507849931716919
vt 0.580070972442627 0.25074702501296997
vt 0.588021993637085 0.24081802368164062
vt 0.5715960264205933 0.26523298025131226
vt 0.5749139785766602 0.26519501209259033
vt 0.5698519945144653 0.2824299931526184
vt 0.573170006275177 0.2823929786682129
vt 0.5698519945144653 0.2824299931526184
vt 0.5717250108718872 0.30025702714920044
vt 0.5750439763069153 0.3002200126647949
vt 0.573170006275177 0.2823929786682129
vt 0.5770059823989868 0.3167039752006531
vt 0.5803239941596985 0.31666702032089233
vt 0.5850539803504944 0.3297650218009949
vt 0.588371992111206 0.32972800731658936
vt 0.5123080015182495 0.3239859938621521
vt 0.5189470052719116 0.3101760149002075
vt 0.5156430006027222 0.3104860186576843
vt 0.5090039968490601 0.3242959976196289
vt 0.6357539892196655 0.6045719981193542
vt 0.6357539892196655 0.5866770148277283
vt 0.6324509978294373 0.5869899988174438
vt 0.6324509978294373 0.604885995388031
vt 0.6357539892196655 0.5866770148277283
vt 0.6322219967842102 0.5699670016765594
vt 0.6289179921150208 0.5702809989452362
vt 0.6324509978294373 0.5869899988174438
vt 0.6255829930305481 0.5564000010490417
vt 0.6222789883613586 0.5567139983177185
vt 0.6166380047798157 0.5475710034370422
vt 0.6133350133895874 0.547885000705719
vt 0.6514530181884766 0.35844099521636963
vt 0.6434929966926575 0.36827701330184937
vt 0.6468120217323303 0.3682429790496826
vt 0.6547719836235046 0.35840797424316406
vt 0.6383209824562073 0.38257402181625366
vt 0.641638994216919 0.3825410008430481
vt 0.6365560293197632 0.39957600831985474
vt 0.6398739814758301 0.399541974067688
vt 0.6365560293197632 0.39957600831985474
vt 0.638405978679657 0.4171779751777649
vt 0.6417239904403687 0.4171440005302429
vt 0.6398739814758301 0.399541974067688
vt 0.6436640024185181 0.43340998888015747
vt 0.6469820141792297 0.4333770275115967
vt 0.6516929864883423 0.44629400968551636
vt 0.6550120115280151 0.4462599754333496
vt 0.6255829930305481 0.6349680125713348
vt 0.6322219967842102 0.6213380098342896
vt 0.6289179921150208 0.6216509938240051
vt 0.6222789883613586 0.6352820098400116
vt 0.09010680019855499 0.0694659948348999
vt 0.09010680019855499 0.05179297924041748
vt 0.08680350333452225 0.05211001634597778
vt 0.08680350333452225 0.06978398561477661
vt 0.09010680019855499 0.05179297924041748
vt 0.08657439798116684 0.0352969765663147
vt 0.08327099680900574 0.035614013671875
vt 0.08680350333452225 0.05211001634597778
vt 0.07993549853563309 0.021906018257141113
vt 0.07663209736347198 0.022224009037017822
vt 0.0709908977150917 0.013194024562835693
vt 0.06768760085105896 0.01351100206375122
vt 0.26712900400161743 0.8073540031909943
vt 0.2768549919128418 0.8153250068426132
vt 0.2768250107765198 0.8120069950819016
vt 0.267098993062973 0.8040349930524826
vt 0.2909829914569855 0.8205160051584244
vt 0.29095301032066345 0.8171979933977127
vt 0.30777299404144287 0.8223029971122742
vt 0.30774301290512085 0.8189850002527237
vt 0.30777299404144287 0.8223029971122742
vt 0.3251439929008484 0.8204769939184189
vt 0.32511401176452637 0.8171589970588684
vt 0.30774301290512085 0.8189850002527237
vt 0.34116798639297485 0.8152409940958023
vt 0.34113800525665283 0.8119229972362518
vt 0.35388898849487305 0.8072289973497391
vt 0.353859007358551 0.8039100021123886
vt 0.07993549853563309 0.09949201345443726
vt 0.08657439798116684 0.08602601289749146
vt 0.08327099680900574 0.08634400367736816
vt 0.07663209736347198 0.09980899095535278
vt 0.8198260068893433 0.8777849972248077
vt 0.8198260068893433 0.8603399991989136
vt 0.816523015499115 0.8606610000133514
vt 0.816523015499115 0.8781069964170456
vt 0.8198260068893433 0.8603399991989136
vt 0.8162930011749268 0.8440199941396713
vt 0.8129900097846985 0.8443409949541092
vt 0.816523015499115 0.8606610000133514
vt 0.8096539974212646 0.8307520002126694
vt 0.8063510060310364 0.8310730010271072
vt 0.8007100224494934 0.8221099972724915
vt 0.7974069714546204 0.8224309980869293
vt 0.6907309889793396 0.5494790077209473
vt 0.6827509999275208 0.5591259896755219
vt 0.6860690116882324 0.5591000020503998
vt 0.6940490007400513 0.5494529902935028
vt 0.6775469779968262 0.5731219947338104
vt 0.6808649897575378 0.5730960071086884
vt 0.6757410168647766 0.5897360146045685
vt 0.6790590286254883 0.589709997177124
vt 0.6757410168647766 0.5897360146045685
vt 0.6775439977645874 0.6068960130214691
vt 0.6808630228042603 0.6068699955940247
vt 0.6790590286254883 0.589709997177124
vt 0.6827600002288818 0.6227219998836517
vt 0.6860780119895935 0.6226969957351685
vt 0.6907550096511841 0.6352820098400116
vt 0.6940739750862122 0.6352559924125671
vt 0.8096539974212646 0.9074445962905884
vt 0.8162930011749268 0.8941399976611137
vt 0.8129900097846985 0.8944609984755516
vt 0.8063510060310364 0.9077657982707024
vt 0.4992560148239136 0.10913002490997314
vt 0.4992560148239136 0.0918930172920227
vt 0.4959529936313629 0.09221702814102173
vt 0.4959529936313629 0.10945498943328857
vt 0.4992560148239136 0.0918930172920227
vt 0.49572300910949707 0.07579702138900757
vt 0.4924199879169464 0.076121985912323
vt 0.4959529936313629 0.09221702814102173
vt 0.48908400535583496 0.06272697448730469
vt 0.4857819974422455 0.06305199861526489
vt 0.48014000058174133 0.0542219877243042
vt 0.47683700919151306 0.05454599857330322
vt 0.8979669809341431 0.9148365035653114
vt 0.889972984790802 0.9243488013744354
vt 0.8932909965515137 0.9243265986442566
vt 0.9012849926948547 0.9148143008351326
vt 0.8847479820251465 0.9381498992443085
vt 0.8880659937858582 0.9381277002394199
vt 0.8829190135002136 0.9545412994921207
vt 0.8862370252609253 0.9545191004872322
vt 0.8829190135002136 0.9545412994921207
vt 0.8847000002861023 0.9714915007352829
vt 0.8880190253257751 0.9714692998677492
vt 0.8862370252609253 0.9545191004872322
vt 0.8898940086364746 0.9871129998937249
vt 0.8932120203971863 0.9870907999575138
vt 0.8978710174560547 0.9994999999762513
vt 0.9011899828910828 0.9994777800166048
vt 0.48908400535583496 0.13841098546981812
vt 0.49572300910949707 0.12528002262115479
vt 0.4924199879169464 0.12560498714447021
vt 0.4857819974422455 0.13873600959777832
vt 0.612529993057251 0.4233959913253784
vt 0.612529993057251 0.4063680171966553
vt 0.6092280149459839 0.40669697523117065
vt 0.6092280149459839 0.4237250089645386
vt 0.612529993057251 0.4063680171966553
vt 0.6089980006217957 0.39046502113342285
vt 0.6056950092315674 0.39079397916793823
vt 0.6092280149459839 0.40669697523117065
vt 0.6023589968681335 0.37755000591278076
vt 0.5990570187568665 0.3778790235519409
vt 0.5934140086174011 0.3691440224647522
vt 0.5901119709014893 0.3694729804992676
vt 0.6052029728889465 0.10063701868057251
vt 0.5971999764442444 0.11006802320480347
vt 0.6005190014839172 0.1100500226020813
vt 0.6085219979286194 0.10061901807785034
vt 0.5919610261917114 0.12373197078704834
vt 0.5952799916267395 0.12371402978897095
vt 0.5901119709014893 0.13993299007415771
vt 0.5934309959411621 0.13991498947143555
vt 0.5901119709014893 0.13993299007415771
vt 0.5918689966201782 0.1566460132598877
vt 0.5951870083808899 0.15662801265716553
vt 0.5934309959411621 0.13991498947143555
vt 0.5970399975776672 0.17205697298049927
vt 0.6003590226173401 0.1720389723777771
vt 0.6050009727478027 0.18428099155426025
vt 0.6083189845085144 0.18426299095153809
vt 0.6023589968681335 0.4523090124130249
vt 0.6089980006217957 0.43934500217437744
vt 0.6056950092315674 0.4396740198135376
vt 0.5990570187568665 0.4526379704475403
vt 0.44634801149368286 0.7790039926767349
vt 0.4565190076828003 0.7789369970560074
vt 0.4565190076828003 0.7447420060634613
vt 0.44634801149368286 0.7442930042743683
vt 0.4565190076828003 0.705498993396759
vt 0.44634801149368286 0.7055569887161255
vt 0.44634801149368286 0.6553069949150085
vt 0.4565190076828003 0.6549859941005707
vt 0.4565190076828003 0.6012130081653595
vt 0.44634801149368286 0.6010339856147766
vt 0.4565190076828003 0.5489279925823212
vt 0.44634801149368286 0.5489740073680878
vt 0.4565190076828003 0.49251699447631836
vt 0.44634801149368286 0.49199801683425903
vt 0.4565190076828003 0.4429429769515991
vt 0.44634801149368286 0.4425579905509949
vt 0.4565190076828003 0.3897160291671753
vt 0.44634801149368286 0.3900269865989685
vt 0.4565190076828003 0.3334199786186218
vt 0.44634801149368286 0.3329560160636902
vt 0.4565190076828003 0.28066301345825195
vt 0.4565190076828003 0.22472602128982544
vt 0.4565190076828003 0.177839994430542
vt 0.4565190076828003 0.11895602941513062
vt 0.0010293800150975585 0.9236899986863136
vt 0.4272559881210327 0.7031269967556
vt 0.4170849919319153 0.700994998216629
vt 0.0013447300298139453 0.8785300031304359
vt 0.4272559881210327 0.6579670011997223
vt 0.4170849919319153 0.6566250026226044
vt 0.0016902999486774206 0.8290410041809082
vt 0.4272559881210327 0.6084789931774139
vt 0.4170849919319153 0.6080020070075989
vt 0.0020385601092129946 0.7791700065135956
vt 0.4272559881210327 0.5586070120334625
vt 0.4170849919319153 0.5587649941444397
vt 0.002466179896146059 0.7179319858551025
vt 0.4272559881210327 0.4973689913749695
vt 0.4170849919319153 0.49769002199172974
vt 0.0027886000461876392 0.6717590093612671
vt 0.4272559881210327 0.45119601488113403
vt 0.4170849919319153 0.4508100152015686
vt 0.0031552501022815704 0.619253009557724
vt 0.4272559881210327 0.39868998527526855
vt 0.4170849919319153 0.3992130160331726
vt 0.003543349914252758 0.5636749863624573
vt 0.4272559881210327 0.3431119918823242
vt 0.4170849919319153 0.3434709906578064
vt 0.003949579782783985 0.5054999887943268
vt 0.4272559881210327 0.2849379777908325
vt 0.4170849919319153 0.28465598821640015
vt 0.4362010061740875 0.2834950089454651
vt 0.4362010061740875 0.2299259901046753
vt 0.4272559881210327 0.2309269905090332
vt 0.4170849919319153 0.23020702600479126
vt 0.4362010061740875 0.17729699611663818
vt 0.4272559881210327 0.17857497930526733
vt 0.4170849919319153 0.17816299200057983
vt 0.4362010061740875 0.12175101041793823
vt 0.4272559881210327 0.12293797731399536
vt 0.4170849919319153 0.12245100736618042
vt 0.4362010061740875 0.06796199083328247
vt 0.4272559881210327 0.06897300481796265
vt 0.4170849919319153 0.06832200288772583
vt 0.4362010061740875 0.006317019462585449
vt 0.4272559881210327 0.006371974945068359
vt 0.4170849919319153 0.006390988826751709
vt 0.5849260091781616 0.9966021100990474
vt 0.593870997428894 0.9882580004632473
vt 0.5912820100784302 0.9862537998706102
vt 0.5912820100784302 0.9862537998706102
vt 0.5833500027656555 0.9937511999160051
vt 0.5849260091781616 0.9966021100990474
vt 0.593870997428894 0.9882580004632473
vt 0.6005100011825562 0.9754741005599499
vt 0.597432017326355 0.9743287991732359
vt 0.597432017326355 0.9743287991732359
vt 0.5912820100784302 0.9862537998706102
vt 0.593870997428894 0.9882580004632473
vt 0.6005100011825562 0.9754741005599499
vt 0.6040419936180115 0.9597923010587692
vt 0.6007750034332275 0.9594204016029835
vt 0.6007750034332275 0.9594204016029835
vt 0.597432017326355 0.9743287991732359
vt 0.6005100011825562 0.9754741005599499
vt 0.6040419936180115 0.9597923010587692
vt 0.6040419936180115 0.9431040994822979
vt 0.6007750034332275 0.9434695988893509
vt 0.6007750034332275 0.9434695988893509
vt 0.6007750034332275 0.9594204016029835
vt 0.6040419936180115 0.9597923010587692
vt 0.6040419936180115 0.9431040994822979
vt 0.6005100011825562 0.9274222999811172
vt 0.5974310040473938 0.9285608977079391
vt 0.5974310040473938 0.9285608977079391
vt 0.6007750034332275 0.9434695988893509
vt 0.6040419936180115 0.9431040994822979
vt 0.6005100011825562 0.9274222999811172
vt 0.593870997428894 0.9146383032202721
vt 0.591280996799469 0.9166352972388268
vt 0.591280996799469 0.9166352972388268
vt 0.5974310040473938 0.9285608977079391
vt 0.6005100011825562 0.9274222999811172
vt 0.593870997428894 0.9146383032202721
vt 0.5849260091781616 0.906294196844101
vt 0.5833489894866943 0.9091377034783363
vt 0.5833489894866943 0.9091377034783363
vt 0.591280996799469 0.9166352972388268
vt 0.593870997428894 0.9146383032202721
vt 0.5849260091781616 0.906294196844101
vt 0.5747550129890442 0.903396300971508
vt 0.5747550129890442 0.9067638963460922
vt 0.5747550129890442 0.9067638963460922
vt 0.5833489894866943 0.9091377034783363
vt 0.5849260091781616 0.906294196844101
vt 0.5747550129890442 0.9994999999762513
vt 0.5849260091781616 0.9966021100990474
vt 0.5833500027656555 0.9937511999160051
vt 0.5833500027656555 0.9937511999160051
vt 0.5747550129890442 0.9961254100780934
vt 0.5747550129890442 0.9994999999762513
vt 0.4666900038719177 0.007915973663330078
vt 0.4666900038719177 0.06811702251434326
vt 0.47563499212265015 0.06214702129364014
vt 0.47563499212265015 0.007970988750457764
vt 0.5389670133590698 0.7050780057907104
vt 0.48478999733924866 0.7043820023536682
vt 0.4939030110836029 0.7174229919910431
vt 0.5388820171356201 0.7178620100021362
vt 0.5050280094146729 0.7333430051803589
vt 0.5387790203094482 0.7335439920425415
vt 0.1723569929599762 0.9986554300412536
vt 0.1721149981021881 0.9727708008140326
vt 0.15237100422382355 0.9798626992851496
vt 0.1525530070066452 0.9982725699665025
vt 0.19096699357032776 0.9990152199752629
vt 0.1906139999628067 0.9661264009773731
vt 0.2061379998922348 0.999308630998712
vt 0.20565499365329742 0.9607237987220287
vt 0.2160400003194809 0.9994999999762513
vt 0.2157669961452484 0.960479199886322
vt 0.40691301226615906 0.7399170100688934
vt 0.40691301226615906 0.7789369970560074
vt 0.15262100100517273 0.9378923997282982
vt 0.1525540053844452 0.9491394981741905
vt 0.17215299606323242 0.9534149989485741
vt 0.17219200730323792 0.932958297431469
vt 0.1905979961156845 0.9574389010667801
vt 0.19054299592971802 0.9283313974738121
vt 0.20547500252723694 0.9245669022202492
vt 0.1338990032672882 0.9725442994385958
vt 0.13394400477409363 0.9979126600082964
vt 0.1188800036907196 0.966593898832798
vt 0.11877299845218658 0.9976194999180734
vt 0.109094999730587 0.9627172984182835
vt 0.10887099802494049 0.9974278800655156
vt 0.15281899273395538 0.9046078026294708
vt 0.1722320020198822 0.9119661971926689
vt 0.17227999866008759 0.8868359997868538
vt 0.1528960019350052 0.8916610032320023
vt 0.19052499532699585 0.9189001992344856
vt 0.19045700132846832 0.8823110014200211
vt 0.20524699985980988 0.8786280006170273
vt 0.1342950016260147 0.9319567978382111
vt 0.1340710073709488 0.9549139998853207
vt 0.11938700079917908 0.9271282032132149
vt 0.11896900087594986 0.9596324004232883
vt 0.10967099666595459 0.9239815026521683
vt 0.15310999751091003 0.8557920008897781
vt 0.17232300341129303 0.864207997918129
vt 0.17237700521945953 0.8360439985990524
vt 0.15320099890232086 0.8404549956321716
vt 0.19043700397014618 0.8721420019865036
vt 0.19036200642585754 0.8319080024957657
vt 0.20499800145626068 0.8285409957170486
vt 0.13476300239562988 0.8840069994330406
vt 0.1344819962978363 0.9128416031599045
vt 0.12002100050449371 0.8777839988470078
vt 0.11948399990797043 0.9195756018161774
vt 0.11041899770498276 0.8737310022115707
vt 0.10967099666595459 0.9239815026521683
vt 0.15342499315738678 0.8028859943151474
vt 0.17242300510406494 0.8123359978199005
vt 0.17247599363327026 0.7843739986419678
vt 0.15351000428199768 0.7886040061712265
vt 0.1903419941663742 0.8212500065565109
vt 0.19055600464344025 0.7804310023784637
vt 0.20503400266170502 0.7772009968757629
vt 0.1352750062942505 0.8314879983663559
vt 0.1349630057811737 0.863416999578476
vt 0.12070900201797485 0.8242020010948181
vt 0.12012500315904617 0.8696520030498505
vt 0.11122599989175797 0.8194579929113388
vt 0.11041899770498276 0.8737310022115707
vt 0.1537330001592636 0.7511930018663406
vt 0.17252099514007568 0.7607640027999878
vt 0.1728760004043579 0.7274329960346222
vt 0.15412500500679016 0.7342639863491058
vt 0.1905360072851181 0.7698169946670532
vt 0.19044500589370728 0.7210330069065094
vt 0.20472900569438934 0.7158290147781372
vt 0.13578100502490997 0.7795480042695999
vt 0.1354849934577942 0.8099309951066971
vt 0.12137699872255325 0.7721900045871735
vt 0.12081900238990784 0.8156909942626953
vt 0.1120000034570694 0.7673979997634888
vt 0.11122599989175797 0.8194579929113388
vt 0.15437300503253937 0.6925550103187561
vt 0.17292700707912445 0.7011309862136841
vt 0.17297400534152985 0.6764619946479797
vt 0.15444700419902802 0.6800499856472015
vt 0.19042299687862396 0.7092170119285583
vt 0.19035500288009644 0.6730960011482239
vt 0.20450399816036224 0.6703549921512604
vt 0.13661299645900726 0.7240779995918274
vt 0.1359899938106537 0.7580830007791519
vt 0.12239299714565277 0.7158060073852539
vt 0.12148600071668625 0.763714998960495
vt 0.11313900351524353 0.71042200922966
vt 0.1120000034570694 0.7673979997634888
vt 0.15465299785137177 0.6455979943275452
vt 0.1730159968137741 0.6547180116176605
vt 0.1730719953775406 0.6252569854259491
vt 0.15474499762058258 0.6299990117549896
vt 0.19033600389957428 0.663320004940033
vt 0.1902569979429245 0.6208109855651855
vt 0.20423899590969086 0.6171930134296417
vt 0.1371220052242279 0.6719079911708832
vt 0.13684700429439545 0.7001489996910095
vt 0.12304200232028961 0.6652910113334656
vt 0.1225150004029274 0.7063600122928619
vt 0.11387400329113007 0.6609820127487183
vt 0.11313900351524353 0.71042200922966
vt 0.15497800707817078 0.5909799933433533
vt 0.17311899363994598 0.6006340086460114
vt 0.17317600548267365 0.5708529949188232
vt 0.15506500005722046 0.5762990117073059
vt 0.19023600220680237 0.6097419857978821
vt 0.19015300273895264 0.5657469928264618
vt 0.2039629966020584 0.5615929961204529
vt 0.1376200020313263 0.6207950115203857
vt 0.13731500506401062 0.6521390080451965
vt 0.12370999902486801 0.6133190095424652
vt 0.12314300239086151 0.6574850082397461
vt 0.11465500295162201 0.6084510087966919
vt 0.11387400329113007 0.6609820127487183
vt 0.15529799461364746 0.537093997001648
vt 0.17322300374507904 0.5461179912090302
vt 0.17328199744224548 0.5155749917030334
vt 0.15538600087165833 0.5223569869995117
vt 0.1901320070028305 0.5546309947967529
vt 0.1900469958782196 0.5092230141162872
vt 0.2036769986152649 0.504056990146637
vt 0.13815799355506897 0.565650999546051
vt 0.13783900439739227 0.5984059870243073
vt 0.12443400174379349 0.5570060014724731
vt 0.12382400035858154 0.6044790148735046
vt 0.11550399661064148 0.5513800084590912
vt 0.11465500295162201 0.6084510087966919
vt 0.13037000596523285 0.3128700256347656
vt 0.12244900315999985 0.33085697889328003
vt 0.15059499442577362 0.3299279808998108
vt 0.14364799857139587 0.3124859929084778
vt 0.11497999727725983 0.3478209972381592
vt 0.1571049988269806 0.34627002477645874
vt 0.10887099802494049 0.36169499158859253
vt 0.16239799559116364 0.35955899953842163
vt 0.13867700099945068 0.5124189853668213
vt 0.13837699592113495 0.5431689918041229
vt 0.12511000037193298 0.5043489933013916
vt 0.12454699724912643 0.5481339991092682
vt 0.11628100275993347 0.49909698963165283
vt 0.11550399661064148 0.5513800084590912
vt 0.18898600339889526 0.45045602321624756
vt 0.1791819930076599 0.4679219722747803
vt 0.20632900297641754 0.4679740071296692
vt 0.20123699307441711 0.45052897930145264
vt 0.16992999613285065 0.4844059944152832
vt 0.21110400557518005 0.4843289852142334
vt 0.16235899925231934 0.4978950023651123
vt 0.21498799324035645 0.4976329803466797
vt 0.1535310000181198 0.2956349849700928
vt 0.12204399704933167 0.29642701148986816
vt 0.16155299544334412 0.2819560170173645
vt 0.11523400247097015 0.28297799825668335
vt 0.47563499212265015 0.2765269875526428
vt 0.47563499212265015 0.23019999265670776
vt 0.4666900038719177 0.22467201948165894
vt 0.4666900038719177 0.2806730270385742
vt 0.5718500018119812 0.8557289987802505
vt 0.5621359944343567 0.8729840070009232
vt 0.5901719927787781 0.8730379939079285
vt 0.5837900042533875 0.8558000028133392
vt 0.5529689788818359 0.8892690017819405
vt 0.5961509943008423 0.8891879990696907
vt 0.5454670190811157 0.9025949016213417
vt 0.6010130047798157 0.902318999171257
vt 0.20793400704860687 0.4342079758644104
vt 0.1808129996061325 0.4339439868927002
vt 0.21337799727916718 0.42094099521636963
vt 0.17412599921226501 0.4204360246658325
vt 0.47563499212265015 0.2202969789505005
vt 0.47563499212265015 0.18104499578475952
vt 0.4666900038719177 0.1774979829788208
vt 0.2996479868888855 0.22276699542999268
vt 0.2909350097179413 0.2398110032081604
vt 0.3178980052471161 0.23986202478408813
vt 0.3109000027179718 0.22283399105072021
vt 0.28271499276161194 0.25588899850845337
vt 0.3244520127773285 0.2558109760284424
vt 0.2759909927845001 0.2690420150756836
vt 0.3297800123691559 0.26877498626708984
vt 0.5932160019874573 0.8397040069103241
vt 0.5614699721336365 0.8393950015306473
vt 0.6008700132369995 0.8266350030899048
vt 0.5529699921607971 0.8260190039873123
vt 0.47563499212265015 0.17193198204040527
vt 0.47563499212265015 0.12403297424316406
vt 0.4666900038719177 0.11905097961425781
vt 0.49465200304985046 0.7501479983329773
vt 0.5386689901351929 0.750231996178627
vt 0.4848560094833374 0.7660149931907654
vt 0.538565993309021 0.7659139931201935
vt 0.47683700919151306 0.7790039926767349
vt 0.5384820103645325 0.7786979973316193
vt 0.3198130130767822 0.2069309949874878
vt 0.29165199398994446 0.20665699243545532
vt 0.3270510137081146 0.1940159797668457
vt 0.2851099967956543 0.19347697496414185
vt 0.47563499212265015 0.11477100849151611
vt 0.47563499212265015 0.07282900810241699
vt 0.5520579814910889 0.49343299865722656
vt 0.555374026298523 0.4933519959449768
vt 0.553309977054596 0.47371697425842285
vt 0.5499939918518066 0.4737970232963562
vt 0.5499939918518066 0.4737970232963562
vt 0.553309977054596 0.47371697425842285
vt 0.5548920035362244 0.45497697591781616
vt 0.5515760183334351 0.4550570249557495
vt 0.5599250197410583 0.43934500217437744
vt 0.5566089749336243 0.439424991607666
vt 0.5677980184555054 0.4286800026893616
vt 0.5644819736480713 0.42875999212265015
vt 0.024547899141907692 0.0029829740524291992
vt 0.021241899579763412 0.0032500028610229492
vt 0.030186500400304794 0.01312398910522461
vt 0.03349250182509422 0.012857019901275635
vt 0.03682539984583855 0.028226017951965332
vt 0.040131401270627975 0.027958989143371582
vt 0.04035789892077446 0.04670900106430054
vt 0.04366390034556389 0.04644197225570679
vt 0.04035789892077446 0.06630700826644897
vt 0.04366390034556389 0.06603997945785522
vt 0.03682539984583855 0.08475202322006226
vt 0.040131401270627975 0.0844849944114685
vt 0.030186500400304794 0.09980899095535278
vt 0.03349250182509422 0.09954202175140381
vt 0.5656800270080566 0.5257250070571899
vt 0.5689949989318848 0.525644987821579
vt 0.560820996761322 0.5113799870014191
vt 0.5575050115585327 0.51146000623703
vt 0.6153799891471863 0.5147320032119751
vt 0.6186959743499756 0.5146540105342865
vt 0.6166499853134155 0.49519097805023193
vt 0.6133350133895874 0.4952690005302429
vt 0.6133350133895874 0.4952690005302429
vt 0.6166499853134155 0.49519097805023193
vt 0.6182479858398438 0.47659599781036377
vt 0.6149320006370544 0.47667402029037476
vt 0.6232920289039612 0.4610750079154968
vt 0.6199759840965271 0.46115297079086304
vt 0.6311720013618469 0.4504780173301697
vt 0.6278560161590576 0.4505559802055359
vt 0.7396429777145386 0.8316240012645721
vt 0.7363370060920715 0.8318929970264435
vt 0.7452809810638428 0.8417059928178787
vt 0.7485870122909546 0.8414369970560074
vt 0.7519199848175049 0.8567039966583252
vt 0.7552260160446167 0.8564340025186539
vt 0.7554529905319214 0.8750410005450249
vt 0.7587590217590332 0.8747719973325729
vt 0.7587590217590332 0.8747719973325729
vt 0.7554529905319214 0.8750410005450249
vt 0.7554529905319214 0.8944540023803711
vt 0.7587590217590332 0.8941849991679192
vt 0.7519199848175049 0.9127473011612892
vt 0.7552260160446167 0.9124782010912895
vt 0.7452809810638428 0.9276973009109497
vt 0.7485870122909546 0.9274280965328217
vt 0.628974974155426 0.5467700064182281
vt 0.6322910189628601 0.5466920137405396
vt 0.624127984046936 0.5325360000133514
vt 0.6208119988441467 0.5326130092144012
vt 0.8226550221443176 0.8813190013170242
vt 0.8259720206260681 0.8812569975852966
vt 0.8239459991455078 0.8619789928197861
vt 0.8206290006637573 0.8620419949293137
vt 0.8206290006637573 0.8620419949293137
vt 0.8239459991455078 0.8619789928197861
vt 0.8255640268325806 0.8435759991407394
vt 0.8222460150718689 0.843638002872467
vt 0.8306249976158142 0.8282209932804108
vt 0.8273079991340637 0.8282829970121384
vt 0.8385159969329834 0.8177230060100555
vt 0.8352000117301941 0.8177990019321442
vt 0.3504619896411896 0.023941993713378906
vt 0.34715598821640015 0.02421402931213379
vt 0.35610100626945496 0.03393298387527466
vt 0.3594070076942444 0.0336490273475647
vt 0.36274001002311707 0.048771023750305176
vt 0.3660449981689453 0.04848700761795044
vt 0.3662720024585724 0.0669180154800415
vt 0.3695780038833618 0.06663298606872559
vt 0.3695780038833618 0.06663298606872559
vt 0.3662720024585724 0.0669180154800415
vt 0.3662720024585724 0.08613097667694092
vt 0.3695780038833618 0.08584702014923096
vt 0.36274001002311707 0.10423201322555542
vt 0.3660449981689453 0.10396099090576172
vt 0.35610100626945496 0.11904197931289673
vt 0.3594070076942444 0.11877000331878662
vt 0.8362169861793518 0.9130425974726677
vt 0.8395320177078247 0.9129671007394791
vt 0.831384003162384 0.8989519998431206
vt 0.8280680179595947 0.8990269973874092
vt 0.2565949857234955 0.06350600719451904
vt 0.25991201400756836 0.06344598531723022
vt 0.2579079866409302 0.04437500238418579
vt 0.2545900046825409 0.04443502426147461
vt 0.2545900046825409 0.04443502426147461
vt 0.2579079866409302 0.04437500238418579
vt 0.25954699516296387 0.02617800235748291
vt 0.2562299966812134 0.02623802423477173
vt 0.26462799310684204 0.011004984378814697
vt 0.26131001114845276 0.01105797290802002
vt 0.27253198623657227 0.0006380081176757812
vt 0.269214004278183 0.0006909966468811035
vt 0.4987089931964874 0.35751599073410034
vt 0.495402991771698 0.35780900716781616
vt 0.5043479800224304 0.36740201711654663
vt 0.507652997970581 0.3671090006828308
vt 0.5109869837760925 0.38206201791763306
vt 0.5142920017242432 0.38177502155303955
vt 0.5145189762115479 0.40000200271606445
vt 0.5178250074386597 0.39971500635147095
vt 0.5178250074386597 0.39971500635147095
vt 0.5145189762115479 0.40000200271606445
vt 0.5145189762115479 0.4190000295639038
vt 0.5178250074386597 0.4187129735946655
vt 0.5109869837760925 0.4369249939918518
vt 0.5142920017242432 0.436631977558136
vt 0.5043479800224304 0.45158201456069946
vt 0.507652997970581 0.45128798484802246
vt 0.2701199948787689 0.09488499164581299
vt 0.2734380066394806 0.09483200311660767
vt 0.2653059959411621 0.08096897602081299
vt 0.2619880139827728 0.08102297782897949
vt 0.5334100127220154 0.099124014377594
vt 0.5367289781570435 0.09907299280166626
vt 0.534745991230011 0.08021098375320435
vt 0.5314279794692993 0.08026200532913208
vt 0.5314279794692993 0.08026200532913208
vt 0.534745991230011 0.08021098375320435
vt 0.5364059805870056 0.062210023403167725
vt 0.5330880284309387 0.062260985374450684
vt 0.5415030121803284 0.04719102382659912
vt 0.5381850004196167 0.04724299907684326
vt 0.5494179725646973 0.03693002462387085
vt 0.5461000204086304 0.03698098659515381
vt 0.53473299741745 0.30510902404785156
vt 0.5314279794692993 0.30540502071380615
vt 0.5403720140457153 0.31489098072052
vt 0.5436779856681824 0.31459498405456543
vt 0.5470110177993774 0.32939499616622925
vt 0.5503169894218445 0.32910001277923584
vt 0.550544023513794 0.3471369743347168
vt 0.5538489818572998 0.3468419909477234
vt 0.5538489818572998 0.3468419909477234
vt 0.550544023513794 0.3471369743347168
vt 0.550544023513794 0.36592602729797363
vt 0.5538489818572998 0.36562997102737427
vt 0.5470110177993774 0.38394099473953247
vt 0.5503169894218445 0.38364601135253906
vt 0.5403720140457153 0.3984389901161194
vt 0.5436779856681824 0.3981429934501648
vt 0.5469290018081665 0.13044100999832153
vt 0.5502470135688782 0.1303899884223938
vt 0.5421310067176819 0.11668497323989868
vt 0.5388129949569702 0.11673599481582642
vt 0.5718119740486145 0.3920220136642456
vt 0.5751299858093262 0.3919749855995178
vt 0.573170006275177 0.37332701683044434
vt 0.5698519945144653 0.37337297201156616
vt 0.5698519945144653 0.37337297201156616
vt 0.573170006275177 0.37332701683044434
vt 0.5748530030250549 0.35554200410842896
vt 0.5715339779853821 0.35558897256851196
vt 0.5799689888954163 0.3407059907913208
vt 0.5766509771347046 0.3407530188560486
vt 0.587897002696991 0.33056700229644775
vt 0.5845789909362793 0.33061397075653076
vt 0.04777019843459129 0.007918000221252441
vt 0.04446529969573021 0.008217990398406982
vt 0.05340990051627159 0.017593979835510254
vt 0.05671469867229462 0.017293989658355713
vt 0.060048799961805344 0.031925976276397705
vt 0.06335359811782837 0.031625986099243164
vt 0.06358130276203156 0.049453020095825195
vt 0.06688609719276428 0.04915201663970947
vt 0.06688609719276428 0.04915201663970947
vt 0.06358130276203156 0.049453020095825195
vt 0.06358130276203156 0.06800597906112671
vt 0.06688609719276428 0.06770598888397217
vt 0.060048799961805344 0.085502028465271
vt 0.06335359811782837 0.08520197868347168
vt 0.05340990051627159 0.09980899095535278
vt 0.05671469867229462 0.09950900077819824
vt 0.5852569937705994 0.4226379990577698
vt 0.588575005531311 0.422590970993042
vt 0.5804799795150757 0.4090780019760132
vt 0.5771610140800476 0.4091249704360962
vt 0.6384919881820679 0.5079140067100525
vt 0.6418099999427795 0.5078699886798859
vt 0.6398739814758301 0.4894449710845947
vt 0.6365560293197632 0.48948901891708374
vt 0.6365560293197632 0.48948901891708374
vt 0.6398739814758301 0.4894449710845947
vt 0.6415759921073914 0.47184497117996216
vt 0.6382579803466797 0.47188901901245117
vt 0.6467069983482361 0.457148015499115
vt 0.6433889865875244 0.4571930170059204
vt 0.6546440124511719 0.44709497690200806
vt 0.6513260006904602 0.44713902473449707
vt 0.7774879932403564 0.8126469999551773
vt 0.774183988571167 0.812950000166893
vt 0.783128023147583 0.8222180008888245
vt 0.7864329814910889 0.8219150006771088
vt 0.7897670269012451 0.8363910019397736
vt 0.793071985244751 0.8360880017280579
vt 0.7932999730110168 0.8537279963493347
vt 0.7966039776802063 0.853424996137619
vt 0.7966039776802063 0.853424996137619
vt 0.7932999730110168 0.8537279963493347
vt 0.7932999730110168 0.8720909953117371
vt 0.7966039776802063 0.8717879951000214
vt 0.7897670269012451 0.8894120007753372
vt 0.793071985244751 0.8891090005636215
vt 0.783128023147583 0.9035793021321297
vt 0.7864329814910889 0.903276301920414
vt 0.6519039869308472 0.5382080078125
vt 0.6552219986915588 0.5381630063056946
vt 0.6471400260925293 0.5247859954833984
vt 0.6438220143318176 0.5248300135135651
vt 0.8457649946212769 0.8734650015830994
vt 0.8490830063819885 0.8734239935874939
vt 0.8471670150756836 0.8551979959011078
vt 0.8438490033149719 0.8552390038967133
vt 0.8438490033149719 0.8552390038967133
vt 0.8471670150756836 0.8551979959011078
vt 0.8488900065422058 0.837797001004219
vt 0.8455719947814941 0.8378379940986633
vt 0.8540390133857727 0.8232689946889877
vt 0.850721001625061 0.8233100026845932
vt 0.8619880080223083 0.8133289963006973
vt 0.8586699962615967 0.8133700042963028
vt 0.4801410138607025 0.1395379900932312
vt 0.47683700919151306 0.13984400033950806
vt 0.4857819974422455 0.1490129828453064
vt 0.48908600211143494 0.14870601892471313
vt 0.4924199879169464 0.16302800178527832
vt 0.49572500586509705 0.16272097826004028
vt 0.4959529936313629 0.18016701936721802
vt 0.49925699830055237 0.17985999584197998
vt 0.49925699830055237 0.17985999584197998
vt 0.4959529936313629 0.18016701936721802
vt 0.4959529936313629 0.19830799102783203
vt 0.49925699830055237 0.19800198078155518
vt 0.4924199879169464 0.2154250144958496
vt 0.49572500586509705 0.21511799097061157
vt 0.4857819974422455 0.2294279932975769
vt 0.48908600211143494 0.22912198305130005
vt 0.859138011932373 0.9033984020352364
vt 0.8624569773674011 0.9033576026558876
vt 0.8543919920921326 0.8901449963450432
vt 0.8510739803314209 0.890185996890068
vt 0.5920050144195557 0.24447500705718994
vt 0.5953239798545837 0.24443697929382324
vt 0.5934299826622009 0.22642600536346436
vt 0.5901119709014893 0.22646301984786987
vt 0.5901119709014893 0.22646301984786987
vt 0.5934299826622009 0.22642600536346436
vt 0.5951759815216064 0.20924198627471924
vt 0.5918580293655396 0.20927900075912476
vt 0.6003440022468567 0.19489902257919312
vt 0.597025990486145 0.19493597745895386
vt 0.6083059906959534 0.18508297204971313
vt 0.6049879789352417 0.18511998653411865
vt 0.5347319841384888 0.21553802490234375
vt 0.5314279794692993 0.21584802865982056
vt 0.5403720140457153 0.2248920202255249
vt 0.5436769723892212 0.2245820164680481
vt 0.5470110177993774 0.23872101306915283
vt 0.5503150224685669 0.2384120225906372
vt 0.550544023513794 0.25564301013946533
vt 0.5538480281829834 0.2553330063819885
vt 0.5538480281829834 0.2553330063819885
vt 0.550544023513794 0.25564301013946533
vt 0.550544023513794 0.27356797456741333
vt 0.5538480281829834 0.2732579708099365
vt 0.5470110177993774 0.2904769778251648
vt 0.5503150224685669 0.290166974067688
vt 0.5403720140457153 0.3043069839477539
vt 0.5436769723892212 0.3039979934692383
vt 0.605338990688324 0.27403002977371216
vt 0.6086570024490356 0.27399301528930664
vt 0.6006109714508057 0.2609519958496094
vt 0.5972930192947388 0.2609900236129761
vt 0.6152049899101257 0.32763898372650146
vt 0.6185240149497986 0.3276050090789795
vt 0.6166530251502991 0.3098070025444031
vt 0.6133350133895874 0.30984097719192505
vt 0.6133350133895874 0.30984097719192505
vt 0.6166530251502991 0.3098070025444031
vt 0.6184200048446655 0.2928209900856018
vt 0.6151009798049927 0.2928540110588074
vt 0.6236039996147156 0.2786340117454529
vt 0.6202859878540039 0.27866697311401367
vt 0.6315770149230957 0.268917977809906
vt 0.6282579898834229 0.26895201206207275
vt 0.5934159755706787 0.45344001054763794
vt 0.5901119709014893 0.4537529945373535
vt 0.5990570187568665 0.46270298957824707
vt 0.6023600101470947 0.4623889923095703
vt 0.6056950092315674 0.47638100385665894
vt 0.6089990139007568 0.47606801986694336
vt 0.6092280149459839 0.4931049942970276
vt 0.6125320196151733 0.492792010307312
vt 0.6125320196151733 0.492792010307312
vt 0.6092280149459839 0.4931049942970276
vt 0.6092280149459839 0.5108039975166321
vt 0.6125320196151733 0.5104910135269165
vt 0.6056950092315674 0.5274969935417175
vt 0.6089990139007568 0.527184009552002
vt 0.5990570187568665 0.5411500036716461
vt 0.6023600101470947 0.5408360064029694
vt 0.6284980177879333 0.3568040132522583
vt 0.631816029548645 0.35677099227905273
vt 0.6237890124320984 0.34390902519226074
vt 0.6204710006713867 0.3439429998397827
vt 0.32509100437164307 0.5654749870300293
vt 0.32506099343299866 0.56215700507164
vt 0.30748501420021057 0.5640040040016174
vt 0.3075140118598938 0.5673219859600067
vt 0.3075140118598938 0.5673219859600067
vt 0.30748501420021057 0.5640040040016174
vt 0.2907100021839142 0.5622150003910065
vt 0.2907400131225586 0.5655339956283569
vt 0.2766990065574646 0.5570119917392731
vt 0.2767289876937866 0.5603309869766235
vt 0.267098993062973 0.5490269958972931
vt 0.26712900400161743 0.5523459911346436
vt 0.1927579939365387 0.0319330096244812
vt 0.18945500254631042 0.03224998712539673
vt 0.19840000569820404 0.04109001159667969
vt 0.2017029970884323 0.040772974491119385
vt 0.20503899455070496 0.05459702014923096
vt 0.20834200084209442 0.054279983043670654
vt 0.20857100188732147 0.07110899686813354
vt 0.21187399327754974 0.07079201936721802
vt 0.21187399327754974 0.07079201936721802
vt 0.20857100188732147 0.07110899686813354
vt 0.20857100188732147 0.08857500553131104
vt 0.21187399327754974 0.08825802803039551
vt 0.20503899455070496 0.10505902767181396
vt 0.20834200084209442 0.10474199056625366
vt 0.19840000569820404 0.11854797601699829
vt 0.2017029970884323 0.11823099851608276
vt 0.35388898849487305 0.5522210001945496
vt 0.353859007358551 0.5489020049571991
vt 0.34116101264953613 0.5569129884243011
vt 0.34119099378585815 0.5602310001850128
vt 0.6581180095672607 0.5149340033531189
vt 0.6614369750022888 0.5149079859256744
vt 0.6596130132675171 0.4975590109825134
vt 0.6562950015068054 0.4975839853286743
vt 0.6562950015068054 0.4975839853286743
vt 0.6596130132675171 0.4975590109825134
vt 0.6614199876785278 0.4809589982032776
vt 0.6581019759178162 0.4809839725494385
vt 0.6666359901428223 0.46706998348236084
vt 0.6633179783821106 0.4670950174331665
vt 0.6746280193328857 0.45753997564315796
vt 0.6713100075721741 0.4575650095939636
vt 0.8239319920539856 0.9138441011309624
vt 0.8206290006637573 0.9141653031110764
vt 0.8295729756355286 0.9229246005415916
vt 0.8328760266304016 0.9226033985614777
vt 0.8362119793891907 0.9363000020384789
vt 0.839514970779419 0.9359788969159126
vt 0.8397449851036072 0.9526343010365963
vt 0.8430479764938354 0.9523130990564823
vt 0.8430479764938354 0.9523130990564823
vt 0.8397449851036072 0.9526343010365963
vt 0.8397449851036072 0.9698891993612051
vt 0.8430479764938354 0.9695679992437363
vt 0.8362119793891907 0.9861738998442888
vt 0.839514970779419 0.98585269972682
vt 0.8295729756355286 0.9994999999762513
vt 0.8328760266304016 0.9991788099869154
vt 0.6713340282440186 0.543368011713028
vt 0.6746529936790466 0.5433419942855835
vt 0.6666589975357056 0.5308040082454681
vt 0.6633409857749939 0.5308299958705902
vt 0.865336000919342 0.8805710002779961
vt 0.8686540126800537 0.8805489987134933
vt 0.8668529987335205 0.8634060025215149
vt 0.8635339736938477 0.863427996635437
vt 0.8635339736938477 0.863427996635437
vt 0.8668529987335205 0.8634060025215149
vt 0.8686829805374146 0.8470290005207062
vt 0.8653650283813477 0.8470509946346283
vt 0.8739200234413147 0.8333369940519333
vt 0.8706009984016418 0.8333590030670166
vt 0.8819260001182556 0.8239430040121078
vt 0.878607988357544 0.82396599650383
vt 0.5033609867095947 0.14491397142410278
vt 0.5000590085983276 0.145238995552063
vt 0.5090029835700989 0.15386301279067993
vt 0.5123059749603271 0.15353798866271973
vt 0.515641987323761 0.16704201698303223
vt 0.5189449787139893 0.1667180061340332
vt 0.5191749930381775 0.183152973651886
vt 0.5224769711494446 0.18282800912857056
vt 0.5224769711494446 0.18282800912857056
vt 0.5191749930381775 0.183152973651886
vt 0.5191749930381775 0.2001960277557373
vt 0.5224769711494446 0.19987201690673828
vt 0.515641987323761 0.21627497673034668
vt 0.5189449787139893 0.21595102548599243
vt 0.5090029835700989 0.2294279932975769
vt 0.5123059749603271 0.22910398244857788
vt 0.8785120248794556 0.9086290001869202
vt 0.8818309903144836 0.9086067974567413
vt 0.8738560080528259 0.8962410017848015
vt 0.8705369830131531 0.8962640017271042
vt 0.0022799300495535135 0.05647099018096924
vt 0.005598499905318022 0.05645298957824707
vt 0.003818569937720895 0.039517998695373535
vt 0.0005000000237487257 0.0395359992980957
vt 0.0005000000237487257 0.0395359992980957
vt 0.003818569937720895 0.039517998695373535
vt 0.005669400095939636 0.02333301305770874
vt 0.0023508300073444843 0.023351013660430908
vt 0.010921900160610676 0.009795010089874268
vt 0.007603370118886232 0.009813010692596436
vt 0.01893880032002926 0.000500023365020752
vt 0.015620299614965916 0.0005180239677429199
vt 0.5347300171852112 0.13124299049377441
vt 0.5314279794692993 0.1315709948539734
vt 0.5403720140457153 0.14011502265930176
vt 0.5436750054359436 0.1397860050201416
vt 0.5470110177993774 0.15315598249435425
vt 0.5503140091896057 0.15282702445983887
vt 0.550544023513794 0.16907602548599243
vt 0.553846001625061 0.16874700784683228
vt 0.553846001625061 0.16874700784683228
vt 0.550544023513794 0.16907602548599243
vt 0.550544023513794 0.18588000535964966
vt 0.553846001625061 0.1855509877204895
vt 0.5470110177993774 0.20174700021743774
vt 0.5503140091896057 0.2014179825782776
vt 0.5403720140457153 0.21473699808120728
vt 0.5436750054359436 0.21440798044204712
vt 0.015417800284922123 0.08416301012039185
vt 0.018736399710178375 0.08414500951766968
vt 0.0107787000015378 0.07194501161575317
vt 0.007460169959813356 0.07196301221847534
vt 0.4666900038719177 0.7790039926767349
vt 0.4666900038719177 0.7442930042743683
vt 0.4666900038719177 0.7055569887161255
vt 0.4666900038719177 0.6553069949150085
vt 0.4666900038719177 0.6010339856147766
vt 0.4666900038719177 0.5489740073680878
vt 0.4666900038719177 0.49199801683425903
vt 0.4666900038719177 0.4425579905509949
vt 0.4666900038719177 0.3900269865989685
vt 0.4666900038719177 0.3329560160636902
vt 0.21550999581813812 0.9236899986863136
vt 0.40691301226615906 0.7031269967556
vt 0.21519500017166138 0.8785300031304359
vt 0.40691301226615906 0.6579670011997223
vt 0.21484899520874023 0.8290410041809082
vt 0.40691301226615906 0.6084789931774139
vt 0.21450099349021912 0.7791700065135956
vt 0.40691301226615906 0.5586070120334625
vt 0.21407300233840942 0.7179319858551025
vt 0.40691301226615906 0.4973689913749695
vt 0.21375100314617157 0.6717590093612671
vt 0.40691301226615906 0.45119601488113403
vt 0.2133840024471283 0.619253009557724
vt 0.40691301226615906 0.39868998527526855
vt 0.2129960060119629 0.5636749863624573
vt 0.40691301226615906 0.3431119918823242
vt 0.21258999407291412 0.5054999887943268
vt 0.40691301226615906 0.2849379777908325
vt 0.39796900749206543 0.2834950089454651
vt 0.40691301226615906 0.2309269905090332
vt 0.39796900749206543 0.2299259901046753
vt 0.40691301226615906 0.17857497930526733
vt 0.39796900749206543 0.17729699611663818
vt 0.40691301226615906 0.12293797731399536
vt 0.39796900749206543 0.12175101041793823
vt 0.40691301226615906 0.06897300481796265
vt 0.39796900749206543 0.06796199083328247
vt 0.40691301226615906 0.006371974945068359
vt 0.39796900749206543 0.006317019462585449
vt 0.5645830035209656 0.9966021100990474
vt 0.5661590099334717 0.9937511999160051
vt 0.558227002620697 0.9862537998706102
vt 0.558227002620697 0.9862537998706102
vt 0.5556390285491943 0.9882580004632473
vt 0.5645830035209656 0.9966021100990474
vt 0.5556390285491943 0.9882580004632473
vt 0.558227002620697 0.9862537998706102
vt 0.5520780086517334 0.9743287991732359
vt 0.5520780086517334 0.9743287991732359
vt 0.5490000247955322 0.9754741005599499
vt 0.5556390285491943 0.9882580004632473
vt 0.5490000247955322 0.9754741005599499
vt 0.5520780086517334 0.9743287991732359
vt 0.5487350225448608 0.9594204016029835
vt 0.5487350225448608 0.9594204016029835
vt 0.5454670190811157 0.9597923010587692
vt 0.5490000247955322 0.9754741005599499
vt 0.5454670190811157 0.9597923010587692
vt 0.5487350225448608 0.9594204016029835
vt 0.5487350225448608 0.9434695988893509
vt 0.5487350225448608 0.9434695988893509
vt 0.5454670190811157 0.9431040994822979
vt 0.5454670190811157 0.9597923010587692
vt 0.5454670190811157 0.9431040994822979
vt 0.5487350225448608 0.9434695988893509
vt 0.5520780086517334 0.9285608977079391
vt 0.5520780086517334 0.9285608977079391
vt 0.5490000247955322 0.9274222999811172
vt 0.5454670190811157 0.9431040994822979
vt 0.5490000247955322 0.9274222999811172
vt 0.5520780086517334 0.9285608977079391
vt 0.5582280158996582 0.9166352972388268
vt 0.5582280158996582 0.9166352972388268
vt 0.5556390285491943 0.9146383032202721
vt 0.5490000247955322 0.9274222999811172
vt 0.5556390285491943 0.9146383032202721
vt 0.5582280158996582 0.9166352972388268
vt 0.5661600232124329 0.9091377034783363
vt 0.5661600232124329 0.9091377034783363
vt 0.5645830035209656 0.906294196844101
vt 0.5556390285491943 0.9146383032202721
vt 0.5645830035209656 0.906294196844101
vt 0.5661600232124329 0.9091377034783363
vt 0.5747550129890442 0.9067638963460922
vt 0.5747550129890442 0.9067638963460922
vt 0.5747550129890442 0.903396300971508
vt 0.5645830035209656 0.906294196844101
vt 0.5747550129890442 0.9994999999762513
vt 0.5747550129890442 0.9961254100780934
vt 0.5661590099334717 0.9937511999160051
vt 0.5661590099334717 0.9937511999160051
vt 0.5645830035209656 0.9966021100990474
vt 0.5747550129890442 0.9994999999762513
vn -0.06328323790907299 -0.49288114829288493 -0.8677922593900171
vn -0.06430518323414579 -0.46490072194761445 -0.8830244402856637
vn -0.07224986931611038 -6.099443595364266e-9 -0.9973865631658593
vn -0.07163380223600606 3.1312132971011263e-9 -0.9974309993063244
vn -0.04549212365175088 -0.7969507354388276 -0.602328807188537
vn -0.047154463713028213 -0.7632414686192799 -0.6443903453123905
vn -0.04549212365175088 -0.7969507354388276 -0.602328807188537
vn -0.026838035816591877 -0.9394498216355722 -0.34163394512606415
vn -0.0290408234211506 -0.9225714615496885 -0.3847317622826236
vn -0.047154463713028213 -0.7632414686192799 -0.6443903453123905
vn -0.00898315731189043 -0.9938653937952302 -0.11023103873665467
vn -0.008708116256902735 -0.9937833662744766 -0.11099004292018969
vn 0.009198934858792631 -0.9954417165427664 0.09492717505464096
vn -0.008918227924065734 -0.9957634368201744 -0.09151853966693899
vn -0.008784101071843294 -0.9954566340456215 -0.09480996415420374
vn 0.01107105927222523 -0.9935172567263858 0.11314102807323174
vn 0.029046751507725736 -0.9546717648339628 0.2962399494593116
vn 0.03146924540315104 -0.9479865922951028 0.3167508601763769
vn 0.05406156444095493 -0.8382950200914233 0.5425300051979766
vn 0.05182568136994766 -0.8343613291050979 0.5487761576859138
vn 0.08021167992366696 -0.5478610254675523 0.8327150672213546
vn 0.0783490506023765 -0.5521928598528115 0.8300267898069793
vn 0.09422915626827881 -4.1188876317855426e-9 0.9955505341814488
vn 0.08021167992366696 -0.5478610254675523 0.8327150672213546
vn 0.0783490506023765 -0.5521928598528115 0.8300267898069793
vn 0.09449315553548582 -2.87983802590482e-9 0.995525511253703
vn -0.007809921155424717 -0.9953666650909965 -0.09583426922126717
vn 0.00960971644262649 -0.9939740046118568 0.10919400856164534
vn 0.0091321920563021 -0.9942455697272963 0.10673495278441238
vn -0.007687835363912962 -0.9952682438528191 -0.09686082781776661
vn 0.028593066989291933 -0.9490293392351294 0.31388811667707234
vn 0.027626251449216363 -0.9500397523501559 0.3109039388385404
vn 0.05139245819099907 -0.8320319508552776 0.5523419665361736
vn -0.026563847851360324 -0.9556292147201634 -0.29337206063402377
vn -0.02774694679181404 -0.9466451578608471 -0.3210810677108571
vn -0.04531093624395217 -0.8400670253161318 -0.5405870069037936
vn -0.04803193186236066 -0.819040943118161 -0.5717209695451817
vn -0.06395221811991005 -0.5477139455499612 -0.8342179257529998
vn -0.06570508394394758 -0.5145246992576905 -0.8549544875592513
vn -0.007658726759154419 -0.9952704330803528 -0.09684063682398884
vn -0.008064671505824076 -0.9950587044758815 -0.09896027344487113
vn 0.009441811483183953 -0.9938475032802581 0.11035394156763606
vn 0.010305061371384417 -0.9931084522330407 0.11674505477075457
vn 0.02813246855896478 -0.9480853814767859 0.3167691172491347
vn 0.029509566369797596 -0.9458622353215366 0.32322409762456294
vn 0.051916981643734164 -0.8289552574014678 0.556900177988363
vn -0.024162843694811337 -0.947791121900088 -0.3179750717146746
vn -0.024820637255214828 -0.9476838640163296 -0.31824397849656794
vn -0.041658732435825255 -0.82234789145951 -0.5674579239238255
vn -0.04266414597807629 -0.8219011886064118 -0.5680301108350938
vn -0.062440912603385995 -0.5105449486505496 -0.8575808928845512
vn -0.007795759863337613 -0.9953835244392233 -0.09566015577607832
vn -0.008029734683148172 -0.9947811717342936 -0.10171501228365544
vn 0.009445721361160089 -0.993842456431628 0.11039904955168157
vn 0.010688852889554328 -0.9926016650182864 0.1209449586664578
vn 0.02826984847611036 -0.9475066405099036 0.3184838800579614
vn 0.030096353139071143 -0.9437197871317063 0.32937391047837317
vn 0.05139895110204059 -0.8256708145807059 0.5618058862055858
vn -0.02488273566508371 -0.9442057479612578 -0.3284149128507156
vn -0.02549333040549608 -0.9447285686041108 -0.32686085995124003
vn -0.04247354697178272 -0.8138631849005598 -0.5795021260281564
vn -0.04343691069405343 -0.8147155285846193 -0.578231651046915
vn -0.062440912603385995 -0.5105449486505496 -0.8575808928845512
vn -0.062348435485965886 -0.5049971249985936 -0.8608661779484702
vn -0.007738210622793725 -0.9954515889692531 -0.09495395786878079
vn -0.008151192702656872 -0.9946288874460882 -0.10318398284269266
vn 0.009352197208951796 -0.9939641504436384 0.1093060109976623
vn 0.010337360804562799 -0.992171396450354 0.12445504825980527
vn 0.026556057645776072 -0.9467129124163153 0.3209819890064435
vn 0.028518365308140392 -0.9418692536634945 0.3347671008978078
vn 0.05142015072880621 -0.8181557804681614 0.5726928382523746
vn -0.025678045270767374 -0.9439531759781019 -0.32907907796140284
vn -0.025272046983087323 -0.9422912446886123 -0.3338390837281791
vn -0.04295102182014149 -0.8124097877851517 -0.5815028344174173
vn -0.043794310747902444 -0.8081206174600534 -0.5873866920369396
vn -0.062348435485965886 -0.5049971249985936 -0.8608661779484702
vn -0.06273073433896 -0.4997170962228594 -0.8639141616572148
vn -0.006244320687417672 -0.9952385531611111 -0.09726885812494707
vn -0.006846356317703504 -0.9948273716620456 -0.10134904043530636
vn 0.00933969622289429 -0.9925270328582632 0.12166700094946274
vn 0.01083956023758559 -0.992093362962352 0.1250330480309374
vn 0.029157670445184917 -0.9423404486030337 0.33338312671885945
vn 0.030958377557680935 -0.9405245461604829 0.3383122181190237
vn 0.05373124777824706 -0.8132747208881017 0.5793938050899171
vn -0.02580484506181394 -0.9433771063512181 -0.3307170167737646
vn -0.02556164544943389 -0.9409421460365099 -0.33760106648842875
vn -0.043135319039430096 -0.8107646946772944 -0.5837807414742284
vn -0.04413753554034901 -0.8047350567724314 -0.5919910188152319
vn -0.06273073433896 -0.4997170962228594 -0.8639141616572148
vn -0.06188062316021219 -0.4962840192839288 -0.865952054493026
vn -0.008044784802155275 -0.9950831166974461 -0.09871611976361136
vn -0.008342336284887003 -0.994381335371248 -0.10552803082879868
vn 0.009575372867183778 -0.9936716527505957 0.11191496215588916
vn 0.011155753954417136 -0.991923762753557 0.1263439671631922
vn 0.028905756831898687 -0.9450539478296895 0.32563398611553673
vn 0.03112606179364204 -0.9396450697997819 0.34073202238442646
vn 0.05375105095991901 -0.8129868200832164 0.5797958734690029
vn -0.02298264342667201 -0.941848113161564 -0.335252039270642
vn -0.023591631396188792 -0.9388106182122619 -0.34362487986171325
vn -0.039970424331161415 -0.8074007913985677 -0.5886478805090131
vn -0.04100643539949967 -0.7995979625013824 -0.5991340172444432
vn -0.06188062316021219 -0.4962840192839288 -0.865952054493026
vn -0.06038372818512737 -0.5018590576144253 -0.8628390879305514
vn -0.007970766536514523 -0.9951734180504658 -0.0978076422708022
vn -0.008385045607298932 -0.9943043030738743 -0.10624803009440141
vn 0.010019456418278979 -0.9930689953289837 0.11710499993324358
vn 0.01144555490711958 -0.9915308586134977 0.12936597578207595
vn 0.02957135842365872 -0.9423990429728661 0.33318099970557374
vn 0.03160375669433153 -0.9378470023732316 0.345607006153448
vn 0.054359548700997753 -0.8083487664494763 0.5861888017052471
vn -0.025912236752966368 -0.9398558806656894 -0.3405869632921667
vn -0.026621945762702253 -0.9390511613447456 -0.3427450778361261
vn -0.04359104945855118 -0.8027952766357743 -0.5946592000620124
vn -0.04487875580754573 -0.8005983734081741 -0.5975183191947779
vn -0.06038372818512737 -0.5018590576144253 -0.8628390879305514
vn -0.06260698681462507 -0.5027297455224448 -0.8621735139569825
vn -0.008106031565956937 -0.9950078057608132 -0.09946737519058112
vn -0.008523816357765739 -0.9941064130874263 -0.10807304943023573
vn 0.010353559443182636 -0.9925972874113782 0.12101003607317053
vn 0.011742950415406706 -0.991091511772812 0.1326639303180154
vn 0.030133348239441225 -0.9401456851020876 0.3394378766546346
vn 0.032116654633983034 -0.9358008910217834 0.3510629756296696
vn 0.054814361219527534 -0.8047989949322746 0.5910109673771679
vn -0.026512232662916753 -0.9401886758818365 -0.33962089933157263
vn -0.02642523050332086 -0.9366916154596777 -0.34915687694843667
vn -0.04398122940753701 -0.8025518605663459 -0.5949589587200937
vn -0.045174444618391985 -0.7942571175614986 -0.6059000748938057
vn -0.06260698681462507 -0.5027297455224448 -0.8621735139569825
vn -0.06290704215965272 -0.49562015113993607 -0.866258258160204
vn -0.008113705880947716 -0.9949982957400854 -0.09956183631895786
vn -0.00843263984903711 -0.9942405784386881 -0.10683895717892082
vn 0.010872856181733708 -0.991833004610637 0.12707899890810995
vn 0.011757254006267114 -0.9910778123563015 0.13276496839633456
vn 0.030918255503558256 -0.9369359039568074 0.3481309715513074
vn 0.0323056496514467 -0.9350197673936914 0.35312091354611885
vn 0.055364566264326065 -0.8003330245362227 0.5969939820794388
vn -0.02703025329596702 -0.9376954848231402 -0.3464051719432775
vn -0.027041652322020646 -0.9334513896802188 -0.3576831728552003
vn -0.04452511188326296 -0.7966825589060323 -0.6027556841264287
vn -0.04590643212244984 -0.786629007036634 -0.6157169843185637
vn -0.06290704215965272 -0.49562015113993607 -0.866258258160204
vn -0.0630680187903977 -0.49134795394646896 -0.8686769325580554
vn -0.008435380970092016 -0.9945927490097246 -0.10350897528798388
vn -0.00862440550879486 -0.993969300001206 -0.1093190298380504
vn 0.010900153183168098 -0.9917916584264485 0.1273989518649916
vn 0.011798658621441518 -0.9910030763921435 0.13331801917236072
vn 0.031126661703706846 -0.936058061887336 0.3504660264660573
vn 0.03253667495105708 -0.9340004485084311 0.3557871933743242
vn 0.055867363768125865 -0.7961399968776945 0.6025279603779268
vn 0.055364566264326065 -0.8003330245362227 0.5969939820794388
vn -0.02697833621300772 -0.9379977542675334 -0.3455899048934185
vn -0.027196834905630726 -0.9327537194724863 -0.3594868995962972
vn -0.04454654622831579 -0.7969442056386311 -0.6024081160792404
vn -0.046069234586819864 -0.7849050564420426 -0.617901026052149
vn -0.0630680187903977 -0.49134795394646896 -0.8686769325580554
vn -0.06331032434069096 -0.48554000229486394 -0.8719189807564577
vn -0.008240964818586907 -0.9945162439467251 -0.10425702386389532
vn -0.008814210477572627 -0.9940946460865109 -0.10815796002047998
vn 0.010686955707172974 -0.9921108979941263 0.12490698562931137
vn 0.012305758033807868 -0.9902060893627275 0.13907001441068306
vn 0.031054839462499928 -0.9363114823267665 0.34979480414810543
vn 0.03329916423117071 -0.9308081701817231 0.36398807121176074
vn 0.056127581040398236 -0.7939572494726562 0.6053772217852004
vn 0.055867363768125865 -0.7961399968776945 0.6025279603779268
vn -0.02772904120376725 -0.9342709588800006 -0.3554840019851304
vn -0.027624543841731103 -0.9304480641470488 -0.36538101278329405
vn -0.04529614667739545 -0.7884971827497107 -0.6133681210268018
vn -0.046570423136336234 -0.7795367609580406 -0.6246227933752894
vn -0.04529614667739545 -0.7884971827497107 -0.6133681210268018
vn -0.06331032434069096 -0.48554000229486394 -0.8719189807564577
vn -0.063550045332135 -0.4796231594569842 -0.8751702786605495
vn -0.046570423136336234 -0.7795367609580406 -0.6246227933752894
vn -0.00852906034100276 -0.9940976766016301 -0.10815296808197317
vn -0.009060592188427481 -0.9937588712671748 -0.11118098509630828
vn 0.011227153299134854 -0.9912897014255415 0.1312199637115437
vn 0.012466053063003274 -0.9899607175617169 0.14079195717696796
vn 0.03185906426608331 -0.9329051916445705 0.35871005481683504
vn 0.033656739684080644 -0.9292984956538531 0.3677927811272586
vn 0.056630846948640574 -0.7898097991030423 0.6107318793175052
vn 0.056127581040398236 -0.7939572494726562 0.6053772217852004
vn -0.02741574452042904 -0.9317861122359745 -0.36197101817211585
vn -0.027844634626021807 -0.9337218091649838 -0.35691491901041755
vn -0.0454239174999218 -0.7834877186040153 -0.6197448366187777
vn -0.04621673408075386 -0.7871840443137051 -0.6149839785464557
vn -0.0454239174999218 -0.7834877186040153 -0.6197448366187777
vn -0.06361112388411524 -0.47848604240204995 -0.8757880634860372
vn -0.04621673408075386 -0.7871840443137051 -0.6149839785464557
vn -0.00875412489936457 -0.9941751888753161 -0.1074200126697809
vn -0.008738746317289834 -0.9938203440236199 -0.110656035161107
vn 0.011571256655959691 -0.9907450262855243 0.1352420012788093
vn 0.012373956533479788 -0.9901049834464877 0.13978199796160337
vn 0.03243875185729457 -0.9303947769544707 0.3651209202357236
vn 0.033735351637346644 -0.9288987941890433 0.3687939210508303
vn 0.05713656671420326 -0.7837860457598924 0.6183969980653083
vn 0.056630846948640574 -0.7898097991030423 0.6107318793175052
vn -0.028211331154854736 -0.9272796698308348 -0.37330488171585613
vn -0.028931255693039837 -0.9281304373935751 -0.37112918724836874
vn -0.046257633291958436 -0.7736470532762543 -0.6319259990846993
vn -0.047340632560635705 -0.7748809542253146 -0.6303319532497339
vn -0.046257633291958436 -0.7736470532762543 -0.6319259990846993
vn -0.06381402046267222 -0.4732050009542712 -0.8786380357486568
vn -0.047340632560635705 -0.7748809542253146 -0.6303319532497339
vn 0.00939679937869013 -0.9939062957592562 0.10982702495993742
vn 0.013058658854378716 -0.9890272338816547 0.1471550273328353
vn 0.03071706858882672 -0.9397393296382843 0.34050911005184153
vn 0.03378186752524685 -0.9252082163174985 0.3779530948214335
vn 0.05563498210225377 -0.7969451646376614 0.601484125581991
vn 0.05713656671420326 -0.7837860457598924 0.6183969980653083
vn -0.028754139089740977 -0.9290639188360488 -0.3687999921396581
vn -0.028212230596563716 -0.927479574798014 -0.37280787059457504
vn -0.0464099332642507 -0.7763468907795663 -0.6285949596292575
vn -0.04721564987497142 -0.7724842663522018 -0.6332761961776114
vn -0.0464099332642507 -0.7763468907795663 -0.6285949596292575
vn -0.04721564987497142 -0.7724842663522018 -0.6332761961776114
vn 0.9042209592900431 -0.1332770336322102 -0.4057359844613155
vn 0.9001631442472028 -0.13180805477929136 -0.4151300403901034
vn 0.9001636880041233 -0.13180499493899372 -0.4151298328329916
vn 0.905648808782919 -0.13381001531387193 -0.4023619203550219
vn 0.9493019067889444 -0.19420501612614416 0.24720497866814528
vn 0.9539078719256685 -0.19362100117815792 0.22928296879840487
vn 0.9556219740246237 -0.19336903585840204 0.22224999152412564
vn 0.9493020392010953 -0.19420305728892737 0.2472060090456454
vn 0.9651792799143882 -0.1915530943837795 0.1781470450384793
vn 0.9699382026985185 -0.1902940831404416 0.15168402970552392
vn 0.9742521265662992 -0.18881107417406595 0.12322001521781568
vn 0.9742523839102034 -0.18880711413320192 0.12322404837521755
vn -0.8725947378548389 0.1221069948792445 0.4729358363135589
vn -0.8872470062392993 0.12717404166434276 0.4434179890872229
vn -0.8814021301331407 0.12512905085886433 0.4554920478207294
vn -0.8725947378548389 0.1221069948792445 0.4729358363135589
vn -0.9016048402851444 0.13234001701991188 0.41181893092664984
vn -0.9005008356840887 0.13193401886342165 0.4143569229526693
vn -0.9753035619198717 0.16744996505355314 0.14402593971217464
vn -0.9757200273808194 0.16778804394009914 0.14077499948047786
vn -0.9716858748313655 0.18973801743494692 -0.1408049906539531
vn -0.9711689710763932 0.18990903563949268 -0.14410200484690494
vn -0.9653443985653997 0.18599893962074301 -0.1830698954453355
vn -0.9602956897816747 0.19255198981850374 -0.2018809535435989
vn -0.9830080003938071 0.0847235433856235 -0.1628410033067632
vn -0.9797220677217542 0.1011290533617751 -0.17296700432499196
vn 0.9224450447264014 -0.045366841840994945 -0.383454024781435
vn 0.9141101497782272 -0.13705205620173988 -0.3816010586506573
vn 0.9177580941094856 -0.13267105253903577 -0.3743240207556939
vn 0.9220254965164326 -0.03610115928240795 -0.38544220068914636
vn 0.9449447571467814 -0.042479531187389896 -0.32446093042292484
vn 0.9438210978965479 -0.04214744525247501 -0.3277580327376351
vn 0.9438211639024225 -0.04214564728685499 -0.32775807386645445
vn 0.9452598544763705 -0.04257713607358481 -0.32352897088063437
vn 0.9742951461856663 -0.08783335539134791 0.20744702890074915
vn 0.97611261224718 -0.08726021017551028 0.1989719174459346
vn 0.9767216465172525 -0.08706791550756944 0.1960459214413654
vn 0.9742951711817008 -0.0878354587083136 0.20744602094405276
vn 0.9807345345578367 -0.08569570545167852 0.17554491958687665
vn 0.9828072091599744 -0.0849042632605969 0.16395504171375075
vn 0.98496919460768 -0.08402226188315172 0.15091701422284112
vn 0.9849688623314866 -0.08401903049386862 0.15092098181594013
vn -0.8637896272895931 0.022053229798047667 0.5033697794289801
vn -0.8667338180205229 0.02268403194458506 0.49825487794331164
vn -0.8654832155773698 0.02241574297265954 0.5004361477959398
vn -0.8637896292056276 0.022053129264132894 0.5033697805455386
vn -0.8697073918080301 0.023324748922734298 0.4930162357591937
vn -0.8694271569543539 0.02326494220648535 0.4935130810975513
vn -0.8708231017655217 0.023551240236313626 0.49103204021204916
vn -0.8708230689498012 0.023552839360866294 0.49103202170824994
vn -0.958350056955695 0.09177414207425502 -0.27044902510371716
vn -0.9562337622041012 0.09222412073303103 -0.2776899414383061
vn -0.9557858643309871 0.09231403156451495 -0.2791979604534634
vn -0.9583504992623533 0.09177218671561825 -0.27044812128952184
vn -0.9510506893801055 0.09320701454489352 -0.2946439184324932
vn -0.9495691248968074 0.093477154509896 -0.29930001441270293
vn -0.9468188094577101 0.09397932252914448 -0.30773694772329063
vn -0.9468197361503814 0.09397661682474485 -0.30773492282530596
vn 0.9498041421357329 -0.04404554648097924 -0.30972904516205185
vn 0.9476443347735387 -0.043331656306837864 -0.3163741176729278
vn 0.9485101832764784 -0.043610452046522 -0.31373007616917975
vn 0.9498040668604866 -0.04404734230532524 -0.309729020614985
vn 0.9459157299748039 -0.042610528973276926 -0.3216018883757545
vn 0.9447865046324742 -0.04225421912961443 -0.3249508295574862
vn 0.9447865046324742 -0.04225421912961443 -0.3249508295574862
vn 0.9462356444435751 -0.04271222642243357 -0.3206458652446507
vn 0.952535427096596 -0.09319529025108483 0.28981183205818484
vn 0.9551733109673192 -0.0926648664919603 0.281171066316853
vn 0.9560702871670139 -0.09248376392026371 0.2781660644426716
vn 0.9525355403181255 -0.09319719701396177 0.2898108467597403
vn 0.9620684639942501 -0.09121299729199563 0.2571078756334677
vn 0.965238303937873 -0.09046867005689785 0.24521508181446453
vn 0.9686325556391694 -0.08961530166401492 0.23177590440681906
vn 0.9686325472315128 -0.08961539774371229 0.2317759023950229
vn -0.8746605118561134 0.02409632473454186 0.48413671223518007
vn -0.8778309317101626 0.024803537597509806 0.4783279626527358
vn -0.8764639024837664 0.024497635235205095 0.48084393883131127
vn -0.8746605118561134 0.02409632473454186 0.48413671223518007
vn -0.8809987443523789 0.025519631762214494 0.4724298475374439
vn -0.8806903901477886 0.02544875181571467 0.47300824277422276
vn -0.882183093638502 0.025804340984072954 0.4701990273116053
vn -0.8821831323498495 0.025802641521379826 0.47019904794451367
vn -0.9431941504648682 0.09487405999488385 -0.31840808292024064
vn -0.9406592403088719 0.09525647136041913 -0.3257090700080322
vn -0.9401430133752152 0.09533934503387556 -0.32717200933191337
vn -0.9431935230593872 0.09487769726443047 -0.31840885763530546
vn -0.9344860318983584 0.09621994735257637 -0.3427500224920888
vn -0.9327725792306396 0.09646919918957887 -0.3473168712330883
vn -0.9295297042186961 0.09691040988922539 -0.35578490894107034
vn -0.929529027208883 0.09691294333223603 -0.3557859876256941
vn 0.9507935822183821 -0.04417342566052603 -0.30665986447161725
vn 0.9486262146899552 -0.04348075421955249 -0.3133970785050585
vn 0.949501225719402 -0.043764851261028005 -0.31069608969450113
vn 0.9507933573074465 -0.04417161579703541 -0.30666082250250576
vn 0.9515152664971868 -0.04427075498955955 -0.3043990766665402
vn 0.9503922644114313 -0.04389575094963203 -0.307941076823927
vn 0.9503922644114313 -0.04389575094963203 -0.307941076823927
vn 0.9518357274668744 -0.04437743086971151 -0.3033799458550449
vn 0.9317014134918844 -0.09699048407503451 0.35003617255380254
vn 0.9349642293109323 -0.0965258683962889 0.341357066192216
vn 0.9360813227623939 -0.09635607284158895 0.33833011158032245
vn 0.9317012669647596 -0.09698856767791156 0.3500370935715943
vn 0.9436116536666955 -0.0951470063836134 0.3170868875255503
vn 0.9476228351417624 -0.09444951870151795 0.3051069496667352
vn 0.9519784016879139 -0.0936236774917201 0.2914991076018095
vn 0.9519790626521432 -0.09362654489903978 0.29149602803848773
vn -0.8847811934018428 0.02608434301163412 0.4652760974432947
vn -0.8881636859796247 0.026872230442033976 0.45874083112162256
vn -0.8866841529715499 0.026526342046422936 0.46161408779061486
vn -0.8847811934018428 0.02608434301163412 0.4652760974432947
vn -0.8915074441025633 0.027661122190047707 0.4521607451215796
vn -0.8911711431111177 0.02758134474295279 0.4528280723499747
vn -0.8927540726663064 0.02795764036633035 0.4496760345880914
vn -0.8927540726663064 0.02795764036633035 0.4496760345880914
vn -0.9262936518135092 0.09774100200342267 -0.36390488748759636
vn -0.9233405588479531 0.09813189972786639 -0.3712308481823
vn -0.9227648434018317 0.09820642102118265 -0.37263996384151177
vn -0.9262936518135092 0.09774100200342267 -0.36390488748759636
vn -0.9162219860333721 0.09902224578238177 -0.388242021359457
vn -0.9143015494951543 0.09924979557760716 -0.39268582183287803
vn -0.9105699897927421 0.099676339942126 -0.40115697793331173
vn -0.910569962743433 0.09967663500435595 -0.40115696601658485
vn 0.9563643649401675 -0.04593556044348053 -0.2885431090137716
vn 0.9542071450291341 -0.04516815019843049 -0.29571703126976173
vn 0.9550853855579118 -0.04547196003444234 -0.2928211179958188
vn 0.9563642924914559 -0.045937354554017124 -0.288543063517208
vn 0.9541121337025344 -0.04496714837821826 -0.2960540354197661
vn 0.9523872752676561 -0.04438365428937148 -0.3016431155192692
vn 0.9523873176265085 -0.04438265416032278 -0.3016431289352853
vn 0.9546018841255511 -0.04513753663396375 -0.29444497891892407
vn 0.928732624225691 -0.09766260070207645 0.3576558808728977
vn 0.9321031719232359 -0.09718045519360241 0.34891207491144055
vn 0.9332694823554589 -0.09700779204497001 0.345828803870548
vn 0.9287326330109035 -0.09766250476835317 0.3576558842560903
vn 0.9410445871842418 -0.09579720357081309 0.32443486360015694
vn 0.9452236159881078 -0.09508790388333216 0.3122668831519608
vn 0.9497247892356852 -0.09425592256246958 0.2985609582198101
vn 0.949725484017407 -0.09425879491951916 0.29855784127740115
vn -0.8863986206151071 0.026163928189358237 0.46218279309526206
vn -0.8898058458736193 0.02698143530380123 0.45554095183427773
vn -0.8883017482862003 0.02662513255597228 0.4584878475031342
vn -0.8863990666060368 0.026162241481777742 0.46218203322997714
vn -0.8931678290511165 0.027776033756873184 0.4488649252245633
vn -0.8928231930857954 0.027693745760745056 0.44955511601340237
vn -0.8944222757823049 0.02807794832651592 0.44634114912494455
vn -0.8944222757823049 0.02807794832651592 0.44634114912494455
vn -0.9227201894305954 0.09847725598384394 -0.37267906041399546
vn -0.9206530543948241 0.09874435319090691 -0.37768704789334595
vn -0.9202536785064128 0.09879511131556248 -0.37864586776506765
vn -0.9227201982317415 0.09847716006560285 -0.3726790639687039
vn -0.9136872447663762 0.0995982719993839 -0.3940251298660592
vn -0.9112262054585897 0.09988466965182505 -0.3996121310146706
vn -0.9064308980981779 0.10042202736019998 -0.41024193275894916
vn -0.9064308980981779 0.10042202736019998 -0.41024193275894916
vn 0.9583624856099503 -0.04648066331155121 -0.2817461519056397
vn 0.9570572562004139 -0.046019252228901256 -0.28622305423991984
vn 0.9575896202367001 -0.04621032693803547 -0.2844059157247128
vn 0.9583622573652676 -0.04647975110892724 -0.2817470787685311
vn 0.9068325193802962 -0.030691259285919873 -0.4203722497951422
vn 0.9057735728928461 -0.030419323873926565 -0.4226687821261243
vn 0.9057735728928461 -0.030419323873926565 -0.4226687821261243
vn 0.9071452545142995 -0.03077144768233633 -0.41969108308340314
vn 0.9076653455338664 -0.10094507863965643 0.40737416660279335
vn 0.9115756167843884 -0.10049199723855529 0.3986618283397192
vn 0.9129292248640748 -0.100331070751917 0.3955931074106998
vn 0.9076653455338664 -0.10094507863965643 0.40737416660279335
vn 0.9220383094344367 -0.0991733707956407 0.37417909944345656
vn 0.9269328185950906 -0.09850412418879431 0.3620669652552681
vn 0.9322855877919657 -0.09773289606999425 0.3482698146856269
vn 0.932285237601538 -0.09773166005328142 0.3482710989638302
vn -0.8699510888731796 0.02186493927139673 0.49265304972061963
vn -0.8729731379339227 0.022543639717984235 0.4872470469423762
vn -0.8716477345218915 0.022244829861416033 0.48962781216684464
vn -0.8699510869953755 0.021865037944389255 0.49265304865722215
vn -0.875974356809656 0.023225448500911884 0.481798199201534
vn -0.8756712818464765 0.023156344744206917 0.4823521429904051
vn -0.8770997439022038 0.02348283208061111 0.47973388023378355
vn -0.8771001797175354 0.023482842158214334 0.4797330829363757
vn -0.9363960134683593 0.09709954039502416 -0.3372449928696334
vn -0.933580326234896 0.0975384738935994 -0.3448391227480618
vn -0.9329949067038824 0.09762702582664516 -0.34639495939297
vn -0.9363960222749949 0.09709944445067717 -0.33724499604136016
vn -0.9267407398204206 0.09854611852016806 -0.3625469123874984
vn -0.9247962327764709 0.09881646863349824 -0.3674060878227963
vn -0.9212138159255058 0.09928132409959177 -0.3761759216550151
vn -0.9212127352801263 0.09928381818071774 -0.3761779097782937
vn 0.9115259743702377 -0.03190533905902268 -0.4100029846085487
vn 0.9094160797103095 -0.03135224109007037 -0.4147040281248332
vn 0.9102772797383507 -0.03157675057498484 -0.4127931477329459
vn 0.9115259714450274 -0.03190543953946666 -0.4100029832927956
vn 0.9615040969866001 -0.047202949398617904 -0.2707060269850938
vn 0.9604013123562398 -0.0467745539632304 -0.2746660887804555
vn 0.9604012673389407 -0.04677555387374865 -0.2746660759059276
vn 0.9618280029232051 -0.04732784419877924 -0.2695310148317914
vn 0.9402721775111316 -0.09677255971768133 0.32637908003449456
vn 0.9434208738399922 -0.09624212542478643 0.31732397970639625
vn 0.9445373019110661 -0.09604337854057166 0.3140461028847133
vn 0.9402720533931891 -0.09677055500636385 0.3263800320048945
vn 0.9516907874178255 -0.0946723205433692 0.2920989504722211
vn 0.9556216671716822 -0.09385900764412013 0.2792449031156622
vn 0.9597064949013036 -0.09297028376547727 0.26517912810178107
vn 0.9597057403146344 -0.0929672144138304 0.2651829350679875
vn -0.8904743582520429 0.02629294924542661 0.4542731536373129
vn -0.8939439014338553 0.027130635317793216 0.44735693770910784
vn -0.8923901430040527 0.02675144229126196 0.4504710789879226
vn -0.8904739251169199 0.026293835189555533 0.45427395139705107
vn -0.8973318477173778 0.027960634443011077 0.4404699285917953
vn -0.8969723543999691 0.027871649734181318 0.44120716968706575
vn -0.8985963631605086 0.028275851877693745 0.43786419391781484
vn -0.8985963631605086 0.028275851877693745 0.43786419391781484
vn -0.9264152587577625 0.09891686368659096 -0.36327706013344174
vn -0.9233368451620786 0.09935372482759522 -0.3709149602388964
vn -0.9227091225969769 0.09943885335175809 -0.37245105654354727
vn -0.9264154834029948 0.09891578824607723 -0.36327678008214725
vn -0.9158947324410518 0.10033101757663103 -0.3886779206473808
vn -0.9138035748310503 0.10059099188305155 -0.3935028322362837
vn -0.9099081705404675 0.10105905266223562 -0.40231106007505063
vn -0.9099081705404675 0.10105905266223562 -0.40231106007505063
vn 0.9662571942963668 -0.04907975379715879 -0.25286006453713356
vn 0.9641368369266207 -0.04822823224276577 -0.2609869676743817
vn 0.9650231716007616 -0.04858115204994836 -0.25762404767239183
vn 0.9662571897030222 -0.04907985042139164 -0.2528600633351013
vn 0.943003174304278 -0.040483848601325555 -0.330312081605382
vn 0.9418514350785644 -0.040121119649791565 -0.33362579336510556
vn 0.9418517815641517 -0.040120133159557175 -0.3336249338399226
vn 0.9433488069801282 -0.04059543532513624 -0.3293099436699893
vn 0.9211700480577898 -0.1000890469927796 0.3760690431733069
vn 0.9248688207916514 -0.09956182786275229 0.3670219431588359
vn 0.9261850694768229 -0.09937374747774044 0.36373902098955907
vn 0.9211702213358501 -0.10009106452433816 0.3760680817703702
vn 0.9346945963916624 -0.09809909626915303 0.3416468626921705
vn 0.9393898601427387 -0.09732482755259038 0.3287469674428415
vn 0.9443247182248952 -0.09645802089223485 0.314557906839147
vn 0.9443247182248952 -0.09645802089223485 0.314557906839147
vn -0.8700950251929631 0.021103738935955706 0.49243200478581806
vn -0.8730862383203672 0.021778844349800996 0.4870791541365508
vn -0.8717575027462521 0.02147522684452825 0.48946672107263245
vn -0.8700945754845937 0.02110462849261172 0.49243276126642266
vn -0.876035130371286 0.022458241187099656 0.4817240680702449
vn -0.8757292782942979 0.022387344313229477 0.4822831512221312
vn -0.8771418110490015 0.02271553337069139 0.47969391058607674
vn -0.8771418110490015 0.02271553337069139 0.47969391058607674
vn -0.9156828003584255 0.10080702357187916 -0.3890539205898462
vn -0.9123316907993486 0.10124200872166941 -0.3967378752188943
vn -0.9116603932531413 0.10132408011313208 -0.3982571507992734
vn -0.9156829786506635 0.10080504254898073 -0.3890540142527083
vn -0.9042668260212057 0.10218001413355114 -0.41456091478720203
vn -0.9020246090711962 0.10243199156703599 -0.4193558056514378
vn -0.8978092663748829 0.10288706726882275 -0.4281971188602457
vn -0.8978092663748829 0.10288706726882275 -0.4281971188602457
vn 0.9480554177769224 -0.042154013393644045 -0.3152998001563489
vn 0.9457829061678478 -0.04139373895870933 -0.3221509782318194
vn 0.9467352716767242 -0.041710653284197936 -0.31930008889100675
vn 0.9480554177769224 -0.042154013393644045 -0.3152998001563489
vn 0.9294355614813927 -0.03600292060354812 -0.36722381017818356
vn 0.9282967865344947 -0.035673633623789 -0.37012493562823695
vn 0.9282971656229448 -0.03567264724664401 -0.3701240799175642
vn 0.9297830323398646 -0.0361059425769712 -0.36633300927368584
vn 0.8928138430463722 -0.10393702255695686 0.4382699362342375
vn 0.8971890379003611 -0.10346204484651443 0.42935700244388975
vn 0.8987421993883074 -0.10329405538609626 0.42613706381933253
vn 0.8928140532016257 -0.10393904582452762 0.43826902829058223
vn 0.9089440443270049 -0.10212804458144457 0.4042160150123178
vn 0.9145487688023924 -0.10142802180012797 0.3915519197702152
vn 0.920568479022864 -0.10063809736930555 0.3773932283274529
vn 0.9205678889182414 -0.10063702420071033 0.3773949539310746
vn -0.8969732331668695 0.02713794402433959 0.4412511200850425
vn -0.9005699028136699 0.02803983714721807 0.43380596777699443
vn -0.8989302945621961 0.027620048897245363 0.43722014868626236
vn -0.8969728015587066 0.027139733532123414 0.44125188739282534
vn -0.9040409921814542 0.02895424000151408 0.42646399196357354
vn -0.903656379550449 0.02885355145049918 0.427285174405184
vn -0.9053375789255905 0.029284826268809946 0.423681799391425
vn -0.9053375524061021 0.02928582565141403 0.42368178698079906
vn -0.9243151734158113 0.100104055510509 -0.36826707463965297
vn -0.9210974263148589 0.10054908796740632 -0.3761241977659318
vn -0.9204241465598595 0.10064205783246052 -0.37774404909250686
vn -0.9243150839650374 0.10010505711117178 -0.3682670268914593
vn -0.9132989315120942 0.10158903183129438 -0.3944169498265097
vn -0.9110560903650559 0.10186905598201469 -0.39949905587131523
vn -0.9069790187513375 0.10236404316992993 -0.408547013464504
vn -0.9069790187513375 0.10236404316992993 -0.408547013464504
vn 0.934483808918619 -0.037529835251435766 -0.3540219235230354
vn 0.932202112693699 -0.03683364421831836 -0.36005902813705737
vn 0.9331622503807667 -0.037125453723889784 -0.3575330965800212
vn 0.934483808918619 -0.037529835251435766 -0.3540219235230354
vn 0.9013599941978585 -0.027806240106075644 -0.43217701682389315
vn 0.9003359600877479 -0.027544638229317662 -0.43432298106097195
vn 0.9003359725134301 -0.02754413755794959 -0.43432298705512307
vn 0.9016769605364839 -0.027889038097655618 -0.43150997716353606
vn 0.9039293027911857 -0.10329208165585799 0.4150211578011905
vn 0.9081408832733339 -0.1027830256241956 0.40585192591764885
vn 0.9096607009065781 -0.10259501309574129 0.40248189091440834
vn 0.9039292224230404 -0.10329306275984479 0.41502108866341747
vn 0.9193906932403285 -0.10131801513757148 0.38007290483754674
vn 0.9248257684328143 -0.10054301627777852 0.3668629170690612
vn 0.930517941544204 -0.09968204118996192 0.35241999252105466
vn 0.9305176834032128 -0.0996813163708943 0.3524208791210927
vn -0.8590821868476258 0.017652942685108697 0.5115331561645413
vn -0.8617176896902726 0.01824763063940582 0.5070598063847169
vn -0.8605390319283807 0.017982436362382472 0.5090669960921039
vn -0.8590821914237057 0.017652641030615843 0.511533158889321
vn -0.8643201781944784 0.01883634276319757 0.5025891182239945
vn -0.8640474073835506 0.01877474650385468 0.5030602217304411
vn -0.8653007169278483 0.019054730123529304 0.5008907930318459
vn -0.8653007070386067 0.019055329677492676 0.5008907873073425
vn -0.9303729110603801 0.09970582849653556 -0.35279596671284863
vn -0.9272371781071518 0.10019306095230456 -0.3608220698251338
vn -0.9265577924451933 0.10029501982379085 -0.36253491729437
vn -0.9303729622249443 0.09970533691663484 -0.35279597071270924
vn -0.9196116493242908 0.10129600543248027 -0.37954384952266124
vn -0.9173515027131952 0.10160597951510313 -0.38489277129691485
vn -0.9133647710340855 0.10212901585307863 -0.39412492835994795
vn -0.9133641657138382 0.10213005868312104 -0.3941260609287929
vn 0.9059528408355272 -0.02901903496322781 -0.4223829373824666
vn 0.90386895186524 -0.02847143797343368 -0.42686097862624733
vn 0.9047447843767003 -0.028702832582491383 -0.4249859086427452
vn 0.9059528513637307 -0.029018634831762438 -0.4223829422910291
vn 0.9090546680003534 -0.029478126872998875 -0.41563283150254954
vn 0.9079933683837448 -0.02919434973130684 -0.41796618632959676
vn 0.9079933789500347 -0.029193951465002484 -0.4179661911934479
vn 0.90938745986058 -0.029568422956143106 -0.41489776597640154
vn 0.8915547875953095 -0.10520401997056597 0.4405248856738013
vn 0.8960888407218877 -0.10470801910630873 0.4313479109356347
vn 0.897733382185334 -0.10452397375937508 0.4279597100424648
vn 0.8915547875953095 -0.10520401997056597 0.4405248856738013
vn 0.9082495094696604 -0.10327498370249284 0.4054837928812581
vn 0.9141456760010883 -0.10251399835721006 0.3922098458597528
vn 0.9203325996389768 -0.10166998433108983 0.3776918324876493
vn 0.9203321962792842 -0.1016690554070895 0.37769306541738246
vn -0.8471330643075193 0.014533538477100096 0.5311820287022961
vn -0.8493856790206494 0.015022531974099206 0.5275588041230264
vn -0.8483806069961795 0.014802829708918105 0.5291797633181026
vn -0.8471325942215726 0.01453383000557819 0.5311827704216293
vn -0.8516169306563746 0.015515436460190938 0.5239349908632419
vn -0.8513844268410931 0.015464444780203524 0.5243142270433863
vn -0.8524606415182274 0.015693531572467237 0.5225558034594164
vn -0.8524606294821468 0.015694431008439473 0.5225557960813594
vn -0.9064647069038131 0.10349401565031024 -0.4094028869736478
vn -0.9027612079869681 0.10394406442734036 -0.41739409773526376
vn -0.9020026283532817 0.10403299610019524 -0.41900882349443247
vn -0.9064648107625326 0.10349301551995249 -0.4094029098428993
vn -0.8938426389959034 0.1049559965724629 -0.4359238184549224
vn -0.8913041383214169 0.1052280475242074 -0.4410260661518316
vn -0.886656210429361 0.1057120565102472 -0.45018410191322705
vn -0.8866564237407276 0.10571197156045423 -0.4501837017353084
vn 0.9138213839563153 -0.030793754744056632 -0.40494718531300755
vn 0.9116532021745526 -0.030188547613187552 -0.40985008302779524
vn 0.9125744619638485 -0.03044312129702361 -0.40777575668139837
vn 0.9138213670785759 -0.03079435394703296 -0.40494717783388456
vn 0.9324220831575318 -0.035884245363944724 -0.3595850104979749
vn 0.9312715458664814 -0.035523820183051454 -0.362589804130034
vn 0.9312715392114336 -0.035524021094865126 -0.3625898015389001
vn 0.9327869485350917 -0.035998737128216794 -0.35862598841657534
vn 0.9558529488817477 -0.09571994225298651 0.27781798496345067
vn 0.9586823075092746 -0.09504717591649284 0.26813106425588157
vn 0.9597464453029464 -0.09478448499618555 0.26439111583479147
vn 0.9558529768307824 -0.09571963957802265 0.27781799308681404
vn 0.9659806304068932 -0.09313491344008787 0.2412619107468248
vn 0.969576030743809 -0.09208193866255292 0.22681101644149937
vn 0.9730081304181 -0.09099565961490279 0.2120730253274148
vn 0.9730079936933862 -0.09099483841306906 0.21207400498635057
vn -0.792596743527319 0.0027855538048927523 0.6097398156918157
vn -0.793060358655767 0.002873866081466108 0.609136280665117
vn -0.7928609669706005 0.002835874580520612 0.6093959672247659
vn -0.792596743394692 0.002785613874736175 0.6097398155897885
vn -0.7935325379519913 0.0029612727883744777 0.6085206176251915
vn -0.7934878748790963 0.0029528740481427956 0.6085788962449418
vn -0.7937121753010149 0.002995585238793809 0.6082861244907761
vn -0.7937121752296015 0.002995615273676436 0.6082861244360472
vn -0.9058898621159099 0.1041400230139637 -0.41050994302485444
vn -0.9021131480564012 0.10460605203783106 -0.4186280472935707
vn -0.9013272255979412 0.10470006624101727 -0.42029409765668224
vn -0.9058898621159099 0.1041400230139637 -0.41050994302485444
vn -0.8930086140186748 0.10564999137070512 -0.4374627922598851
vn -0.890381699655921 0.10593501060256016 -0.44271684228914154
vn -0.8856415603008236 0.10643298205831302 -0.4520077952846582
vn -0.8856415603008236 0.10643298205831302 -0.4520077952846582
vn 0.937562912670734 -0.03752114004830087 -0.34578598704089425
vn 0.9352229446576702 -0.0367690383721812 -0.3521449724233212
vn 0.9362339578408585 -0.03709243827533123 -0.3494139768361199
vn 0.937562912670734 -0.03752114004830087 -0.34578598704089425
vn 0.9046669275386721 -0.027471437469762373 -0.42523296008315714
vn 0.9036365703020857 -0.02718805557230451 -0.4274362624379001
vn 0.9036361709759454 -0.02718854412404694 -0.4274370755705997
vn 0.9049983991391183 -0.027561751919354276 -0.42452119780615094
vn 0.9070397101479483 -0.10450800953288815 0.4078689006999675
vn 0.9113678935988352 -0.10394202487332048 0.3982519528922064
vn 0.9129878634129055 -0.10372202137654667 0.3945819351444019
vn 0.9070397101479483 -0.10450800953288815 0.4078689006999675
vn 0.9228816717860977 -0.10230300287867973 0.3712458962511265
vn 0.9285974276826429 -0.10140709063710736 0.35696417084869503
vn 0.9343380240715822 -0.10044304693675746 0.34194100528610466
vn 0.9343380240715822 -0.10044304693675746 0.34194100528610466
vn -0.8469513727843462 0.013410642624256555 0.5315012011304546
vn -0.8490868135571698 0.013883333402003558 0.5280708627608429
vn -0.8481210996640794 0.013668538719638506 0.5296260674795593
vn -0.8469513716524828 0.013410742257843949 0.5315012004201607
vn -0.8511901343191419 0.014355140441760093 0.524661114606999
vn -0.8509640934771732 0.01430443889501779 0.5250290417114767
vn -0.8519859232814845 0.01453243656308077 0.5233629666089648
vn -0.8519859220476507 0.014532536193556614 0.5233629658510407
vn -0.9217894639365479 0.10246508967017486 -0.3739051879480338
vn -0.9182927468230297 0.1029810178586799 -0.3822739084648666
vn -0.9175170168414605 0.10309304155872431 -0.38410200284366963
vn -0.9217894639365479 0.10246508967017486 -0.3739051879480338
vn -0.9097915918571554 0.10415099280432073 -0.4017858012472535
vn -0.9072096730834415 0.10448800074876861 -0.4074958487682546
vn -0.9027769788797689 0.10504603226405711 -0.4170839933518139
vn -0.9027769788797689 0.10504603226405711 -0.4170839933518139
vn 0.9093309956569168 -0.028750238726010846 -0.41507898538807964
vn 0.9071986842027842 -0.028161429976414833 -0.41975883700336847
vn 0.9081186017860791 -0.02841452745296986 -0.4177477943924079
vn 0.9093309956569168 -0.028750238726010846 -0.41507898538807964
vn 0.8889851048754971 -0.02286214070980991 -0.4573650684427771
vn 0.8880644969276608 -0.022625926782491475 -0.4591617544328514
vn 0.8880644969276608 -0.022625926782491475 -0.4591617544328514
vn 0.8892849394255877 -0.022939138687371307 -0.4567779465200904
vn 0.9147801608388257 -0.10404404949993247 0.3903230624743405
vn 0.9189798881407056 -0.10343502860175327 0.38049593959863787
vn 0.9205753067327682 -0.1031960722914773 0.3766851142499286
vn 0.9147801608388257 -0.10404404949993247 0.3903230624743405
vn 0.9300992306061105 -0.10168006460175456 0.3529540843913045
vn 0.9356760847303908 -0.10071005197795688 0.3381830124270056
vn 0.9411586971172354 -0.09968891386615569 0.32292789797844074
vn 0.9411586971172354 -0.09968891386615569 0.32292789797844074
vn -0.7683778531553596 -0.003121955777437537 0.6399888500376272
vn -0.7678247816579291 -0.003224575426347565 0.640651782784746
vn -0.76806086935629 -0.0031807259459262073 0.6403689436146297
vn -0.7683778530833102 -0.003121985812298309 0.6399888499776155
vn -0.7672588545868916 -0.0033290559501124896 0.6413289073825476
vn -0.7673112763285449 -0.003319307896356276 0.6412662375442422
vn -0.7670428949010859 -0.003368986156610117 0.6415869756424599
vn -0.767042894875214 -0.003368996168214412 0.6415869756208193
vn -0.8882698725950836 0.1073510186540744 -0.4466009317431468
vn -0.8840280028139877 0.10780704038489909 -0.45483198247722284
vn -0.8831602551415835 0.10789806869798625 -0.4564931220834524
vn -0.8882698725950836 0.1073510186540744 -0.4466009317431468
vn -0.8738453732393876 0.10883508462613867 -0.47386621321058175
vn -0.8709311398972115 0.10911305280331453 -0.4791380711916818
vn -0.8656429934185658 0.1096010329780077 -0.48851798484344305
vn -0.8656429934185658 0.1096010329780077 -0.48851798484344305
vn 0.8931787087505088 -0.023947030457515745 -0.4490638417497454
vn 0.8912563805900912 -0.023448250757033575 -0.4528931922582695
vn 0.892087445214296 -0.023663924532606392 -0.45124273818727084
vn 0.893178710922603 -0.023946932060150732 -0.44906384267667765
vn -0.06395221811991005 -0.5477139455499612 -0.8342179257529998
vn -0.0716336973580057 3.1312087127379354e-9 -0.9974310068384789
vn -0.07543189362162972 -1.669026397282707e-9 -0.9971509561870034
vn -0.06570508394394758 -0.5145246992576905 -0.8549544875592513
vn -0.0722282075540996 -1.8008951407593964e-9 -0.9973881320897707
vn -0.062440912603385995 -0.5105449486505496 -0.8575808928845512
vn -0.062348435485965886 -0.5049971249985936 -0.8608661779484702
vn -0.07163380223600628 -1.8221169926016716e-9 -0.9974309993063244
vn -0.07194557288457175 8.093398886739403e-9 -0.9974085594891949
vn -0.06273073433896 -0.4997170962228594 -0.8639141616572148
vn -0.071939297749551 -1.7991429418285453e-9 -0.997409012110529
vn -0.06188062316021219 -0.4962840192839288 -0.865952054493026
vn -0.06961857922753206 8.018573341413142e-9 -0.997573683206579
vn -0.06038372818512737 -0.5018590576144253 -0.8628390879305514
vn -0.07194537276017238 -1.828345568244156e-9 -0.9974085739246478
vn -0.06260698681462507 -0.5027297455224448 -0.8621735139569825
vn -0.07193423191333605 8.112347075670416e-9 -0.9974093774769908
vn -0.06290704215965272 -0.49562015113993607 -0.866258258160204
vn -0.07195329763603606 3.145178885169656e-9 -0.997408002253491
vn -0.0630680187903977 -0.49134795394646896 -0.8686769325580554
vn -0.071940195745726 -1.812873832596278e-9 -0.9974089473410928
vn -0.0719442757818259 1.3049141213235044e-8 -0.9974086530516109
vn -0.07194258469971848 -1.8030583935667782e-9 -0.9974087750299391
vn -0.07194308130493565 -1.7976061857609208e-9 -0.9974087392099347
vn 0.07847924539544361 -0.5497208469932374 0.8316537731671753
vn 0.07847924539544361 -0.5497208469932374 0.8316537731671753
vn 0.09446917877492213 -5.379009018762453e-9 0.995527786785277
vn 0.07895108008821379 -0.5468250444753224 0.8335161052358053
vn 0.07895108008821379 -0.5468250444753224 0.8335161052358053
vn 0.09447957664725036 -2.88134419206074e-9 0.9955268000393341
vn 0.07884229966687104 -0.5436091807401641 0.8356272795919524
vn 0.07884229966687104 -0.5436091807401641 0.8356272795919524
vn 0.09449612242394613 -5.377797384698359e-9 0.9955252296385253
vn 0.07858657738034373 -0.5343250161115729 0.841618041045349
vn 0.07858657738034373 -0.5343250161115729 0.841618041045349
vn 0.09480647601728735 8.401756026268795e-10 0.995495721791502
vn 0.07950019669739535 -0.5292851304825604 0.8447111751214935
vn 0.07950019669739535 -0.5292851304825604 0.8447111751214935
vn 0.09419834204815832 -1.6284196702595476e-9 0.9955534502754627
vn 0.07986773779558408 -0.5260187124761908 0.8467145083109809
vn 0.07986773779558408 -0.5260187124761908 0.8467145083109809
vn 0.09449543187691356 -1.64387617996405e-9 0.99552529518561
vn 0.0802235624108634 -0.5220709159004352 0.8491208034225701
vn 0.0802235624108634 -0.5220709159004352 0.8491208034225701
vn 0.09480647601728713 -4.1441230805487545e-9 0.995495721791502
vn 0.08015354132995174 -0.5179577623897234 0.8516426282147334
vn 0.08015354132995174 -0.5179577623897234 0.8516426282147334
vn 0.09419191335258574 -8.460039908657797e-9 0.9955540585317199
vn 0.08055723343218806 -0.5136787263521928 0.8541924245946817
vn 0.08055723343218806 -0.5136787263521928 0.8541924245946817
vn 0.09449612242394613 -5.3698673947900585e-9 0.9955252296385253
vn 0.055364566264326065 -0.8003330245362227 0.5969939820794388
vn 0.055867363768125865 -0.7961399968776945 0.6025279603779268
vn 0.08079910474098137 -0.5095781367944391 0.8566222196360331
vn 0.0944885916371141 -6.606297744915836e-9 0.9955259444386344
vn 0.056127581040398236 -0.7939572494726562 0.6053772217852004
vn 0.0810120688838781 -0.505552941399455 0.8589838579027624
vn 0.09449196287264898 -6.604014255690793e-9 0.9955256244579916
vn 0.056630846948640574 -0.7898097991030423 0.6107318793175052
vn 0.08124770593376067 -0.5012301442634294 0.8614912377744554
vn 0.09449176350312827 -3.5125997802646973e-9 0.9955256433814595
vn 0.05713656671420326 -0.7837860457598924 0.6183969980653083
vn 0.08148127167252803 -0.49698895909322627 0.8639228998620533
vn 0.09448244932419896 -4.129959423363321e-9 0.9955265274063269
vn 0.05563498210225377 -0.7969451646376614 0.601484125581991
vn 0.0815108019460726 -0.49319915237933476 0.8660892478598344
vn 0.09480647601728713 -4.1441230805487545e-9 0.995495721791502
vn 0.9729155665674372 0.11389291126404774 -0.201155922345236
vn 0.9729155665674372 0.11389291126404774 -0.201155922345236
vn 0.9729155665674372 0.11389291126404774 -0.201155922345236
vn 0.9647767919180885 0.14514093823489513 -0.21940795296555596
vn 0.9647767919180885 0.14514093823489513 -0.21940795296555596
vn 0.9647767919180885 0.14514093823489513 -0.21940795296555596
vn 0.9810874438252982 0.12741600771572917 -0.14571406433878592
vn 0.9810874438252982 0.12741600771572917 -0.14571406433878592
vn 0.9810874438252982 0.12741600771572917 -0.14571406433878592
vn 0.9766469234258083 0.15225194854560223 -0.1515919889933852
vn 0.9766469234258083 0.15225194854560223 -0.1515919889933852
vn 0.9766469234258083 0.15225194854560223 -0.1515919889933852
vn 0.9856383755484832 0.12909199326542448 -0.10886803902388797
vn 0.9856383755484832 0.12909199326542448 -0.10886803902388797
vn 0.9856383755484832 0.12909199326542448 -0.10886803902388797
vn 0.9839869519869556 0.14111295110909583 -0.10888899553537344
vn 0.9839869519869556 0.14111295110909583 -0.10888899553537344
vn 0.9839869519869556 0.14111295110909583 -0.10888899553537344
vn 0.9880154481993598 0.13207301241844727 -0.07988863192053691
vn 0.9880154710559306 0.13207288829686392 -0.07988855444337294
vn 0.9880154481993598 0.13207301241844727 -0.07988863192053691
vn 0.9879793125420321 0.1323829992224078 -0.07982242483070486
vn 0.9879793125420321 0.1323829992224078 -0.07982242483070486
vn 0.9879793125420321 0.1323829992224078 -0.07982242483070486
vn 0.9890589411260855 0.13932595781773519 -0.048483898943021145
vn 0.9890589411260855 0.13932595781773519 -0.048483898943021145
vn 0.9890589411260855 0.13932595781773519 -0.048483898943021145
vn 0.9902018272900391 0.12906993170555942 -0.05330378936801418
vn 0.9902018272900391 0.12906993170555942 -0.05330378936801418
vn 0.9902018272900391 0.12906993170555942 -0.05330378936801418
vn 0.9891113093419448 0.1471320016653967 -0.003315391047428784
vn 0.9891113093419448 0.1471320016653967 -0.003315391047428784
vn 0.989111309374776 0.14713200167028037 -0.00331538103582177
vn 0.9915032837532436 0.1285949855644815 -0.019610405253474395
vn 0.9915032837532436 0.1285949855644815 -0.019610405253474395
vn 0.9915032837532436 0.1285949855644815 -0.019610405253474395
vn 0.9887789416396063 0.1345979487297124 0.06480429590554944
vn 0.9887789416396063 0.1345979487297124 0.06480429590554944
vn 0.9887789416396063 0.1345979487297124 0.06480429590554944
vn 0.9923640528277684 0.11874596178135363 0.033361403086009024
vn 0.9923640528277684 0.11874596178135363 0.033361403086009024
vn 0.9923640528277684 0.11874596178135363 0.033361403086009024
vn 0.9922595046245116 0.05447812883059005 0.11159394679567734
vn 0.9922595046245116 0.05447812883059005 0.11159394679567734
vn 0.9922595046245116 0.05447812883059005 0.11159394679567734
vn 0.9925423702510625 0.05463077532139547 0.10897303172889135
vn 0.9925423702510625 0.05463077532139547 0.10897303172889135
vn 0.9925423702510625 0.05463077532139547 0.10897303172889135
vn 0.9614192227184348 0.054497870251587 -0.2696350502540831
vn 0.9614192227184348 0.054497870251587 -0.2696350502540831
vn 0.9614192227184348 0.054497870251587 -0.2696350502540831
vn 0.9606948776784022 0.05607554762377386 -0.2718839549535305
vn 0.9606948776784022 0.05607554762377386 -0.2718839549535305
vn 0.9606948776784022 0.05607554762377386 -0.2718839549535305
vn -0.0632831948200325 0.49288115382528 -0.8677922593900169
vn -0.06430514259123196 0.4649007275693511 -0.8830244402856636
vn -0.04715439698833693 0.7632414727416514 -0.6443903453123899
vn -0.04549205398010179 0.7969507394158727 -0.6023288071885365
vn -0.04549205398010179 0.7969507394158727 -0.6023288071885365
vn -0.04715439698833693 0.7632414727416514 -0.6443903453123899
vn -0.029040742767388456 0.9225714640885146 -0.3847317622826232
vn -0.02683795368727658 0.9394498239818246 -0.3416339451260637
vn -0.00870802937759798 0.9937833670357606 -0.11099004292018924
vn -0.008983070425414597 0.993865394580559 -0.11023103873665423
vn 0.009199021883074908 0.9954417157385661 0.0949271750546414
vn 0.011071146128265874 0.9935172557585192 0.11314102807323219
vn -0.008784014046256818 0.9954566348135483 -0.0948099641542033
vn -0.008918140871657704 0.9957634375998267 -0.09151853966693851
vn 0.02904683496778541 0.9546717622946113 0.29623994945931204
vn 0.03146932827877435 0.9479865895439701 0.3167508601763773
vn 0.05406163772703594 0.8382950153652078 0.542530005197977
vn 0.05182575431213448 0.8343613245743493 0.5487761576859143
vn 0.08021172781920062 0.5478610184552218 0.8327150672213548
vn 0.07834909887661119 0.5521928530033172 0.8300267898069796
vn 0.07834909887661119 0.5521928530033172 0.8300267898069796
vn 0.08021172781920062 0.5478610184552218 0.8327150672213548
vn -0.007809834137703579 0.9953666657737575 -0.0958342692212667
vn -0.0076877483547960835 0.9952682445249073 -0.09686082781776617
vn 0.009132278976013902 0.994245568928931 0.10673495278441285
vn 0.00960980333859731 0.9939740037717449 0.10919400856164578
vn 0.027626334504332637 0.9500397499349885 0.31090393883854084
vn 0.028593149956075082 0.9490293367354402 0.3138881166770728
vn 0.051392530929545176 0.8320319463624026 0.5523419665361741
vn -0.027746864033462444 0.946645160286559 -0.32108106771085665
vn -0.026563764307597507 0.9556292170424455 -0.29337206063402343
vn -0.048031860259524196 0.8190409473172433 -0.5717209695451814
vn -0.045310862802957146 0.8400670292773369 -0.5405870069037931
vn -0.06570509352772709 0.514525141113769 -0.854954220906809
vn -0.06395217023723399 0.5477139511408402 -0.8342179257529996
vn -0.007658639749846151 0.9952704337498961 -0.09684063682398839
vn 0.010305148191686238 0.9931084513321398 0.11674505477075502
vn 0.009441898368095674 0.9938475024548249 0.1103539415676365
vn -0.008064584515025713 0.9950587051809137 -0.09896027344487068
vn 0.029509649059703713 0.9458622327417244 0.3232240976245634
vn 0.02813255144322452 0.9480853790173634 0.31676911724913515
vn 0.051917054113307166 0.8289552528627375 0.5569001779883634
vn -0.024820554406056662 0.9476838661862153 -0.3182439784965675
vn -0.024162760836276394 0.9477911240124676 -0.3179750717146742
vn -0.04266407412518923 0.8219011923362272 -0.5680301108350934
vn -0.04165866054388621 0.8223478951014295 -0.5674579239238252
vn -0.06244086797012696 0.510544954109306 -0.857580892884551
vn -0.007795672844142584 0.9953835251207465 -0.09566015577607788
vn 0.010688939665551402 0.9926016640838332 0.12094495866645824
vn 0.009445808245630603 0.9938424556058532 0.11039904955168202
vn -0.008029647716612492 0.9947811724362716 -0.101715012283655
vn 0.030096435641678482 0.9437197845005958 0.3293739104783736
vn 0.028269931309774954 0.947506638038471 0.31848388005796185
vn 0.05139902328447847 0.8256708100872632 0.5618058862055861
vn -0.025493247814698045 0.944728570832805 -0.32686085995123954
vn -0.024882653119992115 0.9442057501365724 -0.32841491285071517
vn -0.04343683946935674 0.814715532381992 -0.5782316510469147
vn -0.0424734758216003 0.8138631886137125 -0.579502126028156
vn -0.06234839133771302 0.5049971304492656 -0.86086617794847
vn -0.06244086797012696 0.510544954109306 -0.857580892884551
vn -0.007738123597648306 0.9954515896457453 -0.09495395786878034
vn 0.0103374475429446 0.9921713955466295 0.12445504825980572
vn 0.00935228410406114 0.9939641496260394 0.10930601099766274
vn -0.008151105749434303 0.9946288881586843 -0.10318398284269222
vn 0.028518447648968954 0.9418692511703359 0.33476710089780826
vn 0.026556140410050746 0.9467129100947069 0.32098198900644387
vn 0.0514202222542589 0.8181557759728654 0.5726928382523749
vn -0.025271964605366935 0.9422912468979615 -0.3338390837281787
vn -0.025677962747756324 0.9439531782229446 -0.3290790779614024
vn -0.043794240099751226 0.808120621288671 -0.5873866920369392
vn -0.04295095079701907 0.8124097915400467 -0.5815028344174169
vn -0.06273069065230191 0.4997171017069531 -0.8639141616572146
vn -0.06234839133771302 0.5049971304492656 -0.86086617794847
vn -0.006244233680896442 0.9952385537070031 -0.09726885812494662
vn 0.010839646969145482 0.9920933620147235 0.12503304803093784
vn 0.009339782992366817 0.992527032041757 0.12166700094946319
vn -0.0068462693471289 0.9948273722605693 -0.1013490404353059
vn 0.03095845978095142 0.9405245434540117 0.3383122181190241
vn 0.02915775282720665 0.9423404460539853 0.3333831267188599
vn 0.05373131887698396 0.8132747161907632 0.5793938050899176
vn -0.025561563189655447 0.9409421482711766 -0.3376010664884283
vn -0.025804762589164493 0.9433771086071459 -0.33071701677376414
vn -0.04413746518817291 0.8047350606310547 -0.5919910188152314
vn -0.04313527402269283 0.8107651712547852 -0.5837800829209455
vn -0.06188057977368326 0.49628402469370336 -0.8659520544930258
vn -0.06273069065230191 0.4997171017069531 -0.8639141616572146
vn -0.00804469780922273 0.99508311740074 -0.09871611976361093
vn 0.011155840671150106 0.991923761778286 0.12634396716319263
vn 0.009575459736722157 0.9936716519134862 0.1119149621558896
vn -0.008342249353306129 0.9943813361005543 -0.10552803082879823
vn 0.031126143940026257 0.9396450670786514 0.3407320223844269
vn 0.02890583945114206 0.9450539453026641 0.3256339861155371
vn 0.053751122033486816 0.8129868153841467 0.5797958734690033
vn -0.023591549322754445 0.9388106202747045 -0.3436248798617128
vn -0.022982561087691415 0.941848115170767 -0.33525203927064157
vn -0.04100636549642265 0.7995979660862762 -0.5991340172444427
vn -0.03997035374593941 0.8074007948928906 -0.5886478805090128
vn -0.0603836843112131 0.5018590628933371 -0.8628390879305512
vn -0.06188057977368326 0.49628402469370336 -0.8659520544930258
vn -0.007970679535687577 0.9951734187472886 -0.09780764227080176
vn 0.011445641589503773 0.9915308576128914 0.12936597578207637
vn 0.01001954323513137 0.9930689944530513 0.11710499993324405
vn -0.008384958682452434 0.9943043038069145 -0.10624803009440097
vn 0.0316038386835237 0.9378469996103395 0.34560700615344847
vn 0.029571440810802936 0.942399040387652 0.3331809997055742
vn 0.05435961936909402 0.8083487616972101 0.5861888017052476
vn -0.026621863668238946 0.9390511636721067 -0.3427450778361257
vn -0.025912154588152266 0.9398558829310057 -0.34058696329216626
vn -0.04487868581700998 0.800598377331597 -0.5975183191947775
vn -0.04359097927595606 0.8027952804466224 -0.594659200062012
vn -0.06260694286459284 0.5027297509957201 -0.8621735139569825
vn -0.0603836843112131 0.5018590628933371 -0.8628390879305512
vn -0.008105944579608278 0.9950078064694611 -0.09946737519058067
vn 0.011743037059381978 0.9910915107462068 0.13266393031801585
vn 0.01035364621879701 0.9925972865062376 0.121010036073171
vn -0.008523729450219336 0.9941064138325985 -0.10807304943023531
vn 0.032116736444298445 0.9358008882140523 0.3510629756296699
vn 0.030133430429590623 0.9401456824677429 0.33943787665463504
vn 0.054814431577292905 0.8047989901402474 0.5910109673771683
vn -0.02642514861513562 0.9366916177698414 -0.3491568769484362
vn -0.026512150469008757 0.9401886781996062 -0.3396208993315722
vn -0.04517437518222647 0.7942571215107715 -0.6059000748938054
vn -0.043981159246221986 0.8025518644113044 -0.5949589587200933
vn -0.06290699883116099 0.4956201566394431 -0.8662582581602037
vn -0.06260694286459284 0.5027297509957201 -0.8621735139569825
vn -0.00811361889543045 0.9949982964494043 -0.09956183631895742
vn 0.011757340649044748 0.9910778113284459 0.132764968396335
vn 0.010872942890532351 0.9918330036600979 0.1270789989081104
vn -0.008432552929761597 0.9942405791758893 -0.10683895717892038
vn 0.03230573139347412 0.9350197645694379 0.3531209135461193
vn 0.030918337413099663 0.9369359012538437 0.34813097155130784
vn 0.05536463623166389 0.800333019696095 0.5969939820794392
vn -0.027041570717104946 0.933451392044272 -0.35768317285519985
vn -0.027030171320020724 0.9376954871861968 -0.34640517194327713
vn -0.04590636335315495 0.7866290110498991 -0.6157169843185633
vn -0.04452504223505862 0.7966825627985388 -0.6027556841264283
vn -0.06306797583539332 0.49134795946004894 -0.8686769325580552
vn -0.06290699883116099 0.4956201566394431 -0.8662582581602037
vn -0.008435294020028771 0.9945927497471654 -0.10350897528798343
vn 0.011798745257685525 0.9910030753606681 0.13331801917236116
vn 0.010900239888352143 0.9917916574735229 0.12739895186499203
vn -0.008624318613235262 0.9939693007551718 -0.10931902983804996
vn 0.0325367566039728 0.9340004456639808 0.35578719337432463
vn 0.031126743536504846 0.9360580591661528 0.3504660264660576
vn 0.05536463623166389 0.800333019696095 0.5969939820794392
vn 0.05586743336889755 0.796139991993611 0.6025279603779272
vn -0.027196741013111033 0.9327533836060421 -0.3594877781646347
vn -0.02697825421063619 0.9379977566260511 -0.34558990489341807
vn -0.04606916596823752 0.7849050604695404 -0.6179010260521486
vn -0.044546476557237556 0.7969442095330113 -0.6024081160792399
vn -0.06331028189343386 0.48554000782962703 -0.8719189807564575
vn -0.06306797583539332 0.49134795946004894 -0.8686769325580552
vn -0.008240877875211947 0.9945162446671693 -0.10425702386389485
vn 0.012305844600377052 0.99020608828692 0.1390700144106835
vn 0.010687042440265831 0.9921108970598392 0.12490698562931184
vn -0.008814123571054922 0.9940946468570698 -0.10815796002047953
vn 0.03329924560500857 0.9308081672706138 0.3639880712117612
vn 0.031054921317452657 0.9363114796118625 0.3497948041481059
vn 0.05586743336889755 0.796139991993611 0.6025279603779272
vn 0.056127650450348066 0.7939572445658238 0.6053772217852008
vn -0.027624462499374468 0.9304480665620598 -0.3653810127832936
vn -0.027728959527202522 0.934270961304147 -0.35548400198512997
vn -0.0465703549870652 0.7795367650293539 -0.6246227933752889
vn -0.045296077744779444 0.7884971867096231 -0.6133681210268014
vn -0.045296077744779444 0.7884971867096231 -0.6133681210268014
vn -0.0465703549870652 0.7795367650293539 -0.6246227933752889
vn -0.06355000340214476 0.47962316501270436 -0.8751702786605493
vn -0.06331028189343386 0.48554000782962703 -0.8719189807564575
vn -0.008528973434220122 0.9940976773472605 -0.10815296808197272
vn 0.01246613960812137 0.9899607164718961 0.1407919571769684
vn 0.011227239960436421 0.9912897004440286 0.13121996371154415
vn -0.009060505311264145 0.9937588720592732 -0.11118098509630783
vn 0.03365682092593857 0.9292984927114838 0.36779278112725905
vn 0.03185914582324863 0.9329051888593587 0.35871005481683543
vn 0.056127650450348066 0.7939572445658238 0.6053772217852008
vn 0.05663091599600877 0.7898097941522129 0.6107318793175056
vn -0.027844552997465282 0.9337218115992358 -0.3569149190104171
vn -0.027415663061096517 0.9317861146327318 -0.3619710181721154
vn -0.04621666526293606 0.7871840483540979 -0.6149839785464553
vn -0.04542384900524709 0.7834877225750979 -0.6197448366187773
vn -0.04542384900524709 0.7834877225750979 -0.6197448366187773
vn -0.04621666526293606 0.7871840483540979 -0.6149839785464553
vn -0.06361108205353493 0.47848604796310995 -0.8757880634860371
vn -0.00875403798580559 0.9941751896406221 -0.10742001266978043
vn 0.012374043091210011 0.9901049823647181 0.13978199796160382
vn 0.011571343269644244 0.9907450252739292 0.13524200127880978
vn -0.008738659434752381 0.9938203447875816 -0.11065603516110656
vn 0.03373543284426155 0.9288987912398012 0.3687939210508307
vn 0.03243883319499246 0.930394774118581 0.365120920235724
vn 0.05663091599600877 0.7898097941522129 0.6107318793175056
vn 0.05713663523495819 0.7837860407648516 0.6183969980653088
vn -0.028931174553296572 0.9281304399228226 -0.3711291872483683
vn -0.028211250089487935 0.9272796722971445 -0.3733048817158557
vn -0.04734056481838824 0.7748809583639616 -0.6303319532497337
vn -0.046257565657582024 0.7736470573202227 -0.6319259990846988
vn -0.046257565657582024 0.7736470573202227 -0.6319259990846988
vn -0.04734056481838824 0.7748809583639616 -0.6303319532497337
vn -0.06381397909377522 0.4732050065330689 -0.8786380357486566
vn 0.013058745317889073 0.9890272327400266 0.14715502733283575
vn 0.009396886268741654 0.993906294937758 0.10982702495993786
vn 0.0337819484095212 0.9252082133641901 0.377953094821434
vn 0.030717150743451396 0.9397393269529092 0.340509110051842
vn 0.05713663523495819 0.7837860407648516 0.6183969980653088
vn 0.05563505177341546 0.7969451597738934 0.6014841255819915
vn -0.02821214951372067 0.9274795772644022 -0.3728078705945746
vn -0.028754057868390158 0.9290639213498121 -0.3687999921396576
vn -0.04721558234224908 0.7724842704799226 -0.6332761961776111
vn -0.04640986539384699 0.7763468948368492 -0.6285949596292572
vn -0.04640986539384699 0.7763468948368492 -0.6285949596292572
vn -0.04721558234224908 0.7724842704799226 -0.6332761961776111
vn 0.9067430691969665 -0.028681042828420596 -0.4207070289946909
vn 0.9065128927645775 -0.02872213699705859 -0.4211999692520402
vn 0.9077167754104515 -0.028506833561966507 -0.418613922461643
vn 0.9077167754104515 -0.028506833561966507 -0.418613922461643
vn 0.9592970492525408 0.028164359450849538 0.2809909965676686
vn 0.9592970492525408 0.028164359450849538 0.2809909965676686
vn 0.9603056335289202 0.027893048677714926 0.2775519195539494
vn 0.9600687070079567 0.027957148079105272 0.27836392671349003
vn 0.9630688506533922 0.027130053559984893 0.267884954961988
vn 0.9621294512407152 0.027392869926913414 0.27121310759697265
vn 0.9641797286747218 0.026814551975143115 0.26389094454928247
vn 0.9641797286747218 0.026814551975143115 0.26389094454928247
vn -0.9322215097504318 0.023732054212465232 0.3611091889740308
vn -0.9322215097504318 0.023732054212465232 0.3611091889740308
vn -0.930872868605469 0.02401723715017363 0.36455297943357634
vn -0.9297149625235747 0.024259739778266374 0.36748000419843124
vn -0.927525922716839 0.02471243909967009 0.37294095784992753
vn -0.9272340789589648 0.024772244103103382 0.37366201136751465
vn -0.9914287295510718 0.004813482534365551 0.13055996555850996
vn -0.9919646650098288 0.004478051968245848 0.12643595383634926
vn -0.9915372185927199 -0.016088161190938744 -0.12882202922989172
vn -0.9915804599899054 -0.016061863853266398 -0.12849205382344378
vn -0.9910277685764904 -0.016393452328861892 -0.1326469623890547
vn -0.991158662701966 -0.016315951422476053 -0.13167495995833728
vn -0.9908138665147772 -0.01651895582194635 -0.13421999113615604
vn -0.9908138665147772 -0.01651895582194635 -0.13421999113615604
vn 0.9025049267410105 -0.029427938647060402 -0.4296729612568012
vn 0.9025049267410105 -0.029427938647060402 -0.4296729612568012
vn 0.9036933083999393 -0.02922035019185258 -0.4271821338584253
vn 0.9043898314842023 -0.029098035364151845 -0.4257139145552126
vn 0.9438617609581199 -0.0213059352702735 -0.32965289824798444
vn 0.9437162228227947 -0.021340345307583962 -0.33006708476191665
vn 0.9444489157286569 -0.02116623987418484 -0.32797596843145843
vn 0.9444489157286569 -0.02116623987418484 -0.32797596843145843
vn 0.9752668533135096 0.023499153245753183 0.21977796664974839
vn 0.9752668533135096 0.023499153245753183 0.21977796664974839
vn 0.9759447079685956 0.02325905012129638 0.2167739457950324
vn 0.9757815632044008 0.02331724830911858 0.21750091227778107
vn 0.977795022777394 0.02258505632278022 0.20834300723243007
vn 0.9771539259839251 0.022821855575035393 0.21130397024739922
vn 0.9785292431102546 0.022309562025980684 0.20489705664133134
vn 0.9785292431102546 0.022309562025980684 0.20489705664133134
vn -0.8854922160691835 0.03251584589320957 0.46351510767906556
vn -0.8854922160691835 0.03251584589320957 0.46351510767906556
vn -0.8831821333506069 0.03288334397691873 0.46787605732626064
vn -0.8812768690700588 0.03318343306592817 0.47143391881793306
vn -0.877530856742573 0.03376513401358996 0.47832991876913783
vn -0.8770548749805752 0.033838433610858365 0.47919693935121416
vn -0.8754872574937327 0.034078244785899714 0.48203810554603965
vn -0.8754872574937327 0.034078244785899714 0.48203810554603965
vn -0.9620436760829717 -0.027622749870189804 -0.27149392073925116
vn -0.9620436760829717 -0.027622749870189804 -0.27149392073925116
vn -0.9612797589516294 -0.027835351533352082 -0.2741649471302118
vn -0.9614273484719039 -0.02779446885060977 -0.27365109375187385
vn -0.9594918687832528 -0.02832395366092028 -0.28030894988893085
vn -0.959934946408702 -0.02820395577424966 -0.27879999200503364
vn -0.9587369070189068 -0.028526754574005213 -0.28285997842270744
vn -0.9587369070189068 -0.028526754574005213 -0.28285997842270744
vn 0.9412963650998637 -0.02190682652949543 -0.336869773059547
vn 0.9412962471404779 -0.02190684704767369 -0.3368701013323715
vn 0.9420073871768676 -0.021741749611891462 -0.33488711355921796
vn 0.942442957672689 -0.021639940224448023 -0.3336659774688399
vn 0.9459947645332877 0.021533455132441152 -0.3234659422345247
vn 0.9461871709760006 0.01934726132717258 -0.3230410515082733
vn 0.9454152111257124 0.02136476380492667 -0.3251670731173196
vn 0.9454152111257124 0.02136476380492667 -0.3251670731173196
vn 0.953085578359621 0.07248232327397765 0.293894867487871
vn 0.9530857261936092 0.0724842386346669 0.2938939156831135
vn 0.9558578753676624 0.07187105256836901 0.2849039731213545
vn 0.9551690779936078 0.07202175798794075 0.2871670225168056
vn 0.9653794660808663 0.06962409023565513 0.25138610249629667
vn 0.9612202812107778 0.06814057646478534 0.26723104765000655
vn 0.9607608459647292 0.035946850680726686 0.27503894412841867
vn 0.958584554342241 0.028832945231458223 0.2833448666303431
vn -0.8900685274195235 0.02801942422945401 0.45496475507789697
vn -0.8908851984864872 0.031912945682012056 0.4531060880363332
vn -0.8832206623713201 -0.0038532698503890954 0.4689418022226494
vn -0.8829673177200997 -0.006374634099739571 0.4693911800175487
vn -0.8836890221273147 -0.006523811594624955 0.4680290077056637
vn -0.8837724384985443 -0.006541924610129787 0.46787122178301593
vn -0.8840723606334514 -0.006617854351949697 0.46730318334864035
vn -0.8840723508052136 -0.006619533918504063 0.4673031781535892
vn -0.9448605735419444 -0.07413552707180608 -0.3189708767141186
vn -0.9448602072065527 -0.07413926935388229 -0.3189710920714649
vn -0.941184059066668 -0.0747824607016503 -0.32951502322382376
vn -0.9422390341610002 -0.07244825885487309 -0.3270120063426458
vn -0.9432988066042111 -0.034501553448581024 -0.33014694344898293
vn -0.9441682192087736 -0.03239676689702172 -0.32786708180412577
vn -0.9425747643633225 -0.03275785281928605 -0.3323849224379723
vn -0.9425747612576495 -0.03275795329419286 -0.3323849213428015
vn 0.942266679693873 -0.021863833248478345 -0.33414888468221304
vn 0.9422666736762025 -0.021863934595105074 -0.33414889502017786
vn 0.9439611638523371 -0.021461244592776964 -0.3293580667284016
vn 0.9450639292494769 -0.018669740015835046 -0.326351973242511
vn 0.9516530925403068 0.023047060257463715 -0.3063090342643502
vn 0.951795431762781 0.02421586826477374 -0.3057761400104405
vn 0.9510607480945785 0.022863953114320625 -0.3081569293099974
vn 0.9510607480945785 0.022863953114320625 -0.3081569293099974
vn 0.9320836407936497 0.07670492837264926 0.3540288696253476
vn 0.9320836407936497 0.07670492837264926 0.3540288696253476
vn 0.9347446310050652 0.07626142505449239 0.34703986781904855
vn 0.9342467255935424 0.07750763162682986 0.3481028910499648
vn 0.9475239724007002 0.09348975773118669 0.3057089905864092
vn 0.9436116171665426 0.09514741856021472 0.31708687246505457
vn 0.9519792847795585 0.09362727883096385 0.2914950668695938
vn 0.9519784179522459 0.09362441144823788 0.2914988187525129
vn -0.8847814259073332 -0.02608344399358246 0.46527570570449944
vn -0.8847814259073332 -0.02608344399358246 0.46527570570449944
vn -0.8873550813128918 -0.026682462669762718 0.46031402960812295
vn -0.8895112519307439 -0.02582046866059982 0.4561831168365921
vn -0.894071154886222 -0.009553252039142692 0.4478230737421799
vn -0.8942920249135038 -0.008451340810328773 0.4474040109505198
vn -0.8946687774170199 -0.008518259231475919 0.4466488754881183
vn -0.8946687911352708 -0.008516459115487113 0.4466488823367718
vn -0.927962394380092 -0.07735069248682014 -0.3645581777826086
vn -0.9279626620094436 -0.07734883227654776 -0.3645578912351261
vn -0.9258573208777646 -0.07769238227213777 -0.3698001015601911
vn -0.926006862473132 -0.0787007557560523 -0.369211973933799
vn -0.9145128583294113 -0.09831464562857323 -0.39242892656517814
vn -0.9162219528172189 -0.09902265832968393 -0.3882419945254825
vn -0.9105699201151922 -0.09967714397423443 -0.4011569363111548
vn -0.9105699444080765 -0.09967685046200378 -0.4011569540998235
vn 0.9563655632924499 0.04593733786357954 -0.2885388541224946
vn 0.9563655588735508 0.04593743823416662 -0.28853885278929586
vn 0.9546621185029375 0.0453430617064056 -0.2942180250266328
vn 0.9535365396922236 0.04366143847724334 -0.29809687395522644
vn 0.9541121376336839 0.04496706496708294 -0.2960540354197661
vn 0.9546018880715964 0.04513745318001308 -0.29444497891892407
vn 0.9523873215065598 0.04438257089997568 -0.3016431289352853
vn 0.952387279147795 0.04438357102902808 -0.3016431155192692
vn 0.9287326327636234 0.0976625195096879 0.35765588087289757
vn 0.9287326415488276 0.09766242357596386 0.3576558842560903
vn 0.9332694908361462 0.09700771045595671 0.345828803870548
vn 0.932103180419018 0.09718037370655126 0.34891207491144066
vn 0.9452236243009532 0.09508782124925533 0.31226688315196083
vn 0.941044595559096 0.09579712130207854 0.32443486360015694
vn 0.9497254922577695 0.09425871189187653 0.2985578412774012
vn 0.9497247974757963 0.09425583953488766 0.2985609582198101
vn -0.8863986229024269 -0.02616385069792662 0.46218279309526195
vn -0.8863990688932094 -0.026162163990307147 0.46218203322997725
vn -0.8883017506138399 -0.02662505489816395 0.4584878475031341
vn -0.8898058482324078 -0.026981357514500506 0.4555409518342776
vn -0.8928231955068563 -0.02769366770765945 0.44955511601340237
vn -0.8931678314793712 -0.02777595567365854 0.4488649252245633
vn -0.8944222782369537 -0.028077870133634053 0.44634114912494455
vn -0.8944222782369537 -0.028077870133634053 0.44634114912494455
vn -0.9227201980397474 -0.09847717531707915 -0.37267906041399546
vn -0.9227202068408851 -0.09847707939883729 -0.3726790639687039
vn -0.9202536871433526 -0.09879503086442692 -0.37864586776506765
vn -0.9206530630273266 -0.09874427270485682 -0.37768704789334606
vn -0.9112262141907816 -0.09988458998989629 -0.3996121310146706
vn -0.9136872534735305 -0.09959819212230425 -0.3940251298660592
vn -0.9064309068773472 -0.10042194811749029 -0.4102419327589491
vn -0.9064309068773472 -0.10042194811749029 -0.4102419327589491
vn 0.9583624896734155 0.0464805795288383 -0.2817461519056397
vn 0.9583622614286529 0.04647966732623428 -0.28174707876853106
vn 0.9575896242765317 0.046210243222888595 -0.2844059157247128
vn 0.9570572602235411 0.04601916856029512 -0.2862230542399198
vn 0.9068325220634079 0.030691180008099988 -0.4203722497951422
vn 0.9071452572044216 0.03077136837717627 -0.41969108308340314
vn 0.9057735755521846 0.030419244688682727 -0.4226687821261243
vn 0.9057735755521846 0.030419244688682727 -0.4226687821261243
vn 0.9076653543587624 0.10094499928902793 0.40737416660279335
vn 0.9076653543587624 0.10094499928902793 0.40737416660279335
vn 0.9129292336352923 0.10033099094110554 0.3955931074106998
vn 0.9115756255696748 0.10049191754608004 0.3986618283397193
vn 0.9269328272065914 0.0985040431537498 0.3620669652552681
vn 0.9220379697429648 0.09917325393228169 0.3741799674712089
vn 0.9322852461455079 0.09773157855031354 0.3482710989638302
vn 0.9322855963360437 0.09773281456699578 0.3482698146856269
vn -0.86995109078467 -0.0218648632178541 0.49265304972061963
vn -0.8699510889068747 -0.02186496189084679 0.49265304865722215
vn -0.871647736466593 -0.022244753659547922 0.48962781216684464
vn -0.8729731399047469 -0.02254356340024567 0.4872470469423761
vn -0.8756712838708652 -0.023156268190589108 0.4823521429904051
vn -0.8759743588400859 -0.02322537192079842 0.481798199201534
vn -0.8771001817704673 -0.023482765479678296 0.4797330829363757
vn -0.877099745955135 -0.023482755402113174 0.47973388023378355
vn -0.9363960219570676 -0.09709945853268087 -0.3372449928696335
vn -0.9363960307636946 -0.09709936258833307 -0.33724499604136016
vn -0.9329949152387048 -0.09762694426163607 -0.34639495939297
vn -0.9335803347619771 -0.09753839227741129 -0.3448391227480619
vn -0.9247962414152778 -0.09881638778523999 -0.3674060878227963
vn -0.9267407484355927 -0.09854603750191558 -0.3625469123874984
vn -0.9212127439597901 -0.09928373764573879 -0.3761779097782937
vn -0.9212138246049517 -0.09928124356451834 -0.3761759216550151
vn 0.9115259771594875 0.0319052593708879 -0.4100029846085486
vn 0.9115259742342862 0.031905359851332145 -0.4100029832927956
vn 0.9102772824988745 0.03157667099601441 -0.41279314773294584
vn 0.9094160824512059 0.03135216158638845 -0.4147040281248331
vn 0.9615041011132094 0.047202865341256575 -0.2707060269850937
vn 0.961828007060733 0.04732776011310115 -0.26953101483179137
vn 0.9604012714281859 0.04677546991279976 -0.2746660759059276
vn 0.9604013164453976 0.046774470002277566 -0.27466608878045545
vn 0.9402721859712542 0.09677247751647297 0.32637908003449456
vn 0.9402720618531367 0.09677047280516637 0.32638003200489457
vn 0.9445373103074418 0.09604329596649433 0.31404610288471335
vn 0.9434208822537427 0.0962420429483103 0.31732397970639625
vn 0.955621675377094 0.09385892410101673 0.2792449031156622
vn 0.9516907956943391 0.09467223734391422 0.29209895047222106
vn 0.9597057484420831 0.09296713051368602 0.2651829350679875
vn 0.9597065030290205 0.09297019986526692 0.26517912810178107
vn -0.8904743605506422 -0.02629287139768268 0.4542731536373129
vn -0.8904739274155968 -0.02629375734184947 0.45427395139705107
vn -0.8923901453427349 -0.0267513642760348 0.4504710789879226
vn -0.8939439038056876 -0.02713055716673218 0.4473569377091079
vn -0.8969723568365827 -0.027871571318364492 0.44120716968706575
vn -0.8973318501617706 -0.027960555995766335 0.44046992859179523
vn -0.8985963656324589 -0.028275773319901554 0.4378641939178149
vn -0.8985963656324589 -0.028275773319901554 0.4378641939178149
vn -0.9264152674053462 -0.09891678269679295 -0.36327706013344174
vn -0.9264154920504845 -0.09891570725625957 -0.36327678008214725
vn -0.9227091312901943 -0.0994387726859608 -0.37245105654354727
vn -0.9233368538478539 -0.09935364410692069 -0.3709149602388964
vn -0.913803583624991 -0.10059091199580199 -0.3935028322362837
vn -0.9158947412122649 -0.10033093750656664 -0.3886779206473808
vn -0.9099081793753273 -0.10105897311553314 -0.40231106007505063
vn -0.9099081793753273 -0.10105897311553314 -0.40231106007505063
vn 0.9662571985870516 0.049079669324268466 -0.25286006453713356
vn 0.9662571939937155 0.04907976594850172 -0.2528600633351013
vn 0.9650231758478574 0.04858106768493975 -0.2576240476723919
vn 0.9641368411428631 0.048228147955243 -0.2609869676743817
vn 0.943003177843485 0.04048376616136638 -0.330312081605382
vn 0.9433488105290905 0.04059535285496089 -0.3293099436699893
vn 0.9418517850715618 0.040120050820255965 -0.3336249338399227
vn 0.9418514385860607 0.04012103731052065 -0.33362579336510556
vn 0.921170056807849 0.10008896646153247 0.3760690431733069
vn 0.9211702300860857 0.10009098399307591 0.3760680817703702
vn 0.9261850781643486 0.09937366650806621 0.36373902098955907
vn 0.9248688294956198 0.09956174700814818 0.3670219431588359
vn 0.939389868651142 0.09732474542851667 0.3287469674428415
vn 0.9346946049677546 0.09809901455555232 0.3416468626921705
vn 0.9443247266575201 0.09645793833674217 0.31455790683914703
vn 0.9443247266575201 0.09645793833674217 0.31455790683914703
vn -0.8700950270379073 -0.02110366286982977 0.49243200478581806
vn -0.8700945773296155 -0.02110455242652509 0.49243276126642266
vn -0.8717575046236729 -0.021475150633063902 0.48946672107263245
vn -0.873086240224331 -0.021778768022174884 0.4870791541365508
vn -0.8757292802514582 -0.022387267754541456 0.4822831512221311
vn -0.8760351323346446 -0.0224581646016732 0.4817240680702449
vn -0.8771418130348532 -0.02271545668851583 0.47969391058607674
vn -0.8771418130348532 -0.02271545668851583 0.47969391058607674
vn -0.9156828091712522 -0.10080694352034249 -0.3890539205898462
vn -0.9156829874633171 -0.10080496249742846 -0.3890540142527083
vn -0.9116604021111706 -0.10132400041324541 -0.3982571507992734
vn -0.9123316996502031 -0.10124192896309607 -0.39673787521889436
vn -0.9020246180260824 -0.10243191270953635 -0.4193558056514378
vn -0.9042668349540632 -0.10217993508003068 -0.41456091478720214
vn -0.8978092753695529 -0.10288698877984007 -0.4281971188602457
vn -0.8978092753695529 -0.10288698877984007 -0.4281971188602457
vn 0.94805542146214 0.0421539305120037 -0.31529980015634895
vn 0.94805542146214 0.0421539305120037 -0.31529980015634895
vn 0.9467352753231819 0.04171057051796843 -0.31930008889100675
vn 0.9457829097866 0.04139365627573826 -0.3221509782318194
vn 0.9294355646288647 0.03600283934970742 -0.36722381017818356
vn 0.929783035496343 0.03610586129275362 -0.36633300927368584
vn 0.9282971687415433 0.03567256609232504 -0.3701240799175642
vn 0.9282967896531792 0.03567355246950318 -0.37012493562823695
vn 0.8928138521328322 0.10393694450468795 0.43826993623423743
vn 0.8928140622882627 0.10393896777224036 0.43826902829058223
vn 0.8987422084185576 0.10329397681555401 0.4261370638193326
vn 0.8971890469452972 0.10346196641175386 0.42935700244388975
vn 0.9145487776695086 0.10142794184773149 0.3915519197702152
vn 0.9089440532553189 0.10212796511902864 0.4042160150123177
vn 0.9205678977162064 0.10063694372210563 0.3773949539310746
vn 0.9205684878209228 0.10063801689064927 0.3773932283274529
vn -0.8969732355393406 -0.02713786560844594 0.4412511200850425
vn -0.8969728039313342 -0.027139655116267494 0.44125188739282534
vn -0.898930296976814 -0.027619970310259957 0.43722014868626236
vn -0.900569905264987 -0.028039758416893552 0.43380596777699443
vn -0.9036563820729031 -0.02885347245034628 0.427285174405184
vn -0.9040409947127108 -0.028954160967737265 0.42646399196357343
vn -0.905337554966347 -0.02928574650428832 0.42368178698079906
vn -0.9053375814857479 -0.02928474712168192 0.423681799391425
vn -0.9243151821671826 -0.10010397470430628 -0.36826707463965297
vn -0.9243150927164963 -0.10010497630497688 -0.3682670268914593
vn -0.9204241553582643 -0.10064197736642219 -0.37774404909250686
vn -0.9210974351051361 -0.10054900744250798 -0.3761241977659318
vn -0.9110560992707284 -0.10186897633495787 -0.39949905587131523
vn -0.9132989403932862 -0.10158895198816213 -0.3944169498265097
vn -0.9069790277002833 -0.10236396387930204 -0.408547013464504
vn -0.9069790277002833 -0.10236396387930204 -0.408547013464504
vn 0.934483812199578 0.037529753556263215 -0.3540219235230354
vn 0.934483812199578 0.037529753556263215 -0.3540219235230354
vn 0.9331622536263735 0.037125372144251566 -0.3575330965800212
vn 0.932202115913795 0.03683356272261804 -0.36005902813705737
vn 0.901359996628754 0.02780616130667915 -0.4321770168238932
vn 0.9016769629746177 0.027888959270549036 -0.43150997716353606
vn 0.9003359749214118 0.027544058848075908 -0.43432298705512307
vn 0.9003359624957733 0.027544559519445067 -0.43432298106097195
vn 0.9039293118212632 0.10329200263184472 0.4150211578011905
vn 0.9039292314532036 0.10329298373583856 0.41502108866341747
vn 0.909660709875716 0.10259493357067327 0.40248189091440834
vn 0.9081408922589083 0.10278294623199427 0.40585192591764885
vn 0.9248257772225608 0.10054293542693818 0.3668629170690612
vn 0.9193907020978275 0.10131793476188049 0.38007290483754674
vn 0.9305176921176271 0.09968123502245092 0.3524208791210927
vn 0.9305179502586816 0.09968195984149597 0.35241999252105466
vn -0.8590821883908919 -0.017652867581755723 0.5115331561645413
vn -0.8590821929669453 -0.01765256592726247 0.511533158889321
vn -0.8605390335004521 -0.017982361131668054 0.5090669960921039
vn -0.8617176912855279 -0.018247555305649858 0.5070598063847169
vn -0.8640474090248879 -0.018774670966428313 0.5030602217304411
vn -0.8643201798412005 -0.018836267201924828 0.5025891182239945
vn -0.8653007087044733 -0.01905525403049937 0.5008907873073425
vn -0.8653007185936624 -0.01905465447653513 0.5008907930318459
vn -0.9303729197769374 -0.09970574716074858 -0.35279596671284863
vn -0.9303729709414584 -0.0997052555808434 -0.35279597071270924
vn -0.9265578012132593 -0.10029493882153213 -0.36253491729437
vn -0.9272371868663043 -0.10019297989065205 -0.3608220698251338
vn -0.9173515115958689 -0.10160589931768384 -0.38489277129691485
vn -0.9196116581798657 -0.1012959250374727 -0.37954384952266124
vn -0.9133641746423283 -0.10212997883428585 -0.3941260609287929
vn -0.9133647799624844 -0.1021289360041905 -0.39412492835994795
vn 0.9059528433724486 0.029018955762311886 -0.4223829373824667
vn 0.9059528539006171 0.029018555630845596 -0.42238294229102913
vn 0.9047447868859781 0.028702753487187104 -0.4249859086427452
vn 0.9038689543542887 0.02847135895469711 -0.4268609786262472
vn 0.9090546705774097 0.029478047400912588 -0.41563283150254954
vn 0.9093874624455303 0.029568343454963227 -0.41489776597640154
vn 0.9079933815022476 0.029193872085697035 -0.4179661911934479
vn 0.9079933709359926 0.029194270352002314 -0.41796618632959676
vn 0.8915547967925339 0.1052039420283672 0.4405248856738013
vn 0.8915547967925339 0.1052039420283672 0.4405248856738013
vn 0.897733391323107 0.10452389527702641 0.4279597100424648
vn 0.8960892393840457 0.1047079817458441 0.431347091816827
vn 0.9141456849631436 0.10251391844005306 0.3922098458597528
vn 0.9082495184982432 0.10327490430079511 0.4054837928812581
vn 0.9203322051674722 0.1016689749490897 0.37769306541738246
vn 0.9203326085272461 0.10166990387305477 0.3776918324876493
vn -0.8471330655780783 -0.014533464418372654 0.531182028702296
vn -0.8471325954921571 -0.014533755946891843 0.5311827704216292
vn -0.8483806082902808 -0.014802755541127014 0.5291797633181026
vn -0.8493856803339576 -0.01502245771844192 0.5275588041230262
vn -0.8513844281930345 -0.015464370349810148 0.5243142270433863
vn -0.8516169320127739 -0.015515362009471434 0.5239349908632419
vn -0.8524606308541943 -0.015694356483961468 0.5225557960813594
vn -0.8524606428901964 -0.015693457047988177 0.5225558034594164
vn -0.9064647159515441 -0.1034939364046449 -0.4094028869736478
vn -0.9064648198101762 -0.10349293627427807 -0.4094029098428993
vn -0.9020026374481319 -0.1040329172446172 -0.41900882349443247
vn -0.9027612170740438 -0.10394398550544519 -0.41739409773526376
vn -0.8913041475207418 -0.10522796960392108 -0.4410260661518316
vn -0.893842648171445 -0.1049559184302538 -0.4359238184549224
vn -0.8866564329823587 -0.10571189404648407 -0.4501837017353084
vn -0.8866562196709997 -0.10571197899629567 -0.45018410191322716
vn 0.9138213866483876 0.03079367485525078 -0.4049471853130076
vn 0.9138213697707003 0.030794274058228575 -0.40494717783388456
vn 0.9125744646252673 0.03044304151722714 -0.40777575668139837
vn 0.9116532048137159 0.03018846791393017 -0.40985008302779524
vn 0.9324220763229746 0.03588446148847077 -0.3595850066524396
vn 0.9327872968510231 0.035998666276417304 -0.35862508955688027
vn 0.9312712779382231 0.03552816834592632 -0.36259006624739787
vn 0.9312712680776802 0.03552846599293373 -0.3625900624081947
vn 0.955852869733195 0.09572364675831857 0.2778169808958846
vn 0.9558528520086884 0.09572383869839324 0.277816975744285
vn 0.959746426478354 0.0947846964382181 0.2643911083662692
vn 0.9586823158185594 0.09504709210581978 0.2681310642558816
vn 0.9695760387938646 0.09208185389952032 0.22681101644149942
vn 0.9659806385490025 0.09313482899137514 0.24126191074682485
vn 0.9730080016484043 0.09099475335000472 0.21207400498635062
vn 0.9730081383731899 0.09099557455182648 0.21207302532741484
vn -0.7925967437708369 -0.002785484513882174 0.6097398156918157
vn -0.7925967436382152 -0.002785544583725609 0.6097398155897886
vn -0.7928609672185175 -0.002835805266410886 0.6093959672247659
vn -0.7930603589070053 -0.002873796749925006 0.609136280665117
vn -0.7934878751372416 -0.0029528046792270356 0.6085788962449417
vn -0.7935325382108709 -0.0029612034155541483 0.6085206176251915
vn -0.7937121754914835 -0.0029955458851517167 0.6082861244360472
vn -0.7937121755628942 -0.0029955158502690832 0.6082861244907761
vn -0.9058898712201167 -0.10413994381855286 -0.41050994302485433
vn -0.9058898712201167 -0.10413994381855286 -0.41050994302485433
vn -0.9013272347511087 -0.10469998744448482 -0.42029409765668224
vn -0.9021131572013497 -0.10460597317259109 -0.4186280472935707
vn -0.8903813104143692 -0.10593699844324016 -0.44271714945959323
vn -0.8930082395263098 -0.1056519806771446 -0.4374630762900077
vn -0.8856413541886896 -0.1064330045424065 -0.452008193836019
vn -0.8856415696054876 -0.106432904633065 -0.4520077952846582
vn 0.9375629159509329 0.037521058083944514 -0.34578598704089425
vn 0.9375629159509329 0.037521058083944514 -0.34578598704089425
vn 0.9362339610835788 0.037092356427155804 -0.3494139768361199
vn 0.9352229478721181 0.03676895661239135 -0.3521449724233212
vn 0.9046669299402981 0.027471358381264566 -0.42523296008315714
vn 0.9049985948573392 0.02756164716627588 -0.4245207873729191
vn 0.9036361733528402 0.02718846512566074 -0.4274370755705998
vn 0.9036365726789375 0.027187976573883398 -0.4274362624379001
vn 0.9070397192843254 0.10450793023695443 0.4078689006999675
vn 0.9070397192843254 0.10450793023695443 0.4078689006999675
vn 0.9129878724805695 0.10372194156060885 0.3945819351444019
vn 0.9113679026857325 0.10394194519900493 0.3982519528922064
vn 0.928597436547929 0.10140700945653805 0.35696417084869503
vn 0.9228816807297071 0.1023029221977977 0.3712458962511265
vn 0.9343380328525891 0.10044296525432929 0.34194100528610466
vn 0.9343380328525891 0.10044296525432929 0.34194100528610466
vn -0.8469513739567387 -0.013410568581413103 0.5315012011304547
vn -0.8469513728248839 -0.01341066821500059 0.5315012004201606
vn -0.8481211008590178 -0.013668464574534274 0.5296260674795593
vn -0.8490868147708861 -0.013883259172473926 0.5280708627608428
vn -0.8509640947277037 -0.014304364501371129 0.5250290417114767
vn -0.851190135574105 -0.014355066028352313 0.524661114606999
vn -0.8519859233181222 -0.014532461710578861 0.5233629658510408
vn -0.8519859245519471 -0.014532362080102907 0.5233629666089648
vn -0.9217894728943274 -0.10246500908477668 -0.3739051879480338
vn -0.9217894728943274 -0.10246500908477668 -0.3739051879480338
vn -0.9175170258541372 -0.10309296134683532 -0.38410200284366963
vn -0.9182927558259132 -0.10298093757897443 -0.3822739084648666
vn -0.9072096822180697 -0.10448792143797629 -0.40749584876825473
vn -0.9097916009623211 -0.10415091326780984 -0.4017858012472534
vn -0.9027769880631817 -0.10504595334078319 -0.4170839933518139
vn -0.9027769880631817 -0.10504595334078319 -0.4170839933518139
vn 0.9093309981703391 0.028750159229767227 -0.41507898538807964
vn 0.9093309981703391 0.028750159229767227 -0.41507898538807964
vn 0.9081186042701525 0.028414448062717076 -0.4177477943924078
vn 0.9071986866647314 0.028161350666583818 -0.4197588370033686
vn 0.8889851068741657 0.02286206299226067 -0.4573650684427771
vn 0.8892849414309875 0.022939060943609688 -0.4567779465200903
vn 0.8880644989056788 0.022625849145424343 -0.4591617544328514
vn 0.8880644989056788 0.022625849145424343 -0.4591617544328514
vn 0.9147801699346423 0.10404396952730703 0.3903230624743405
vn 0.9147801699346423 0.10404396952730703 0.3903230624743405
vn 0.9205753157544523 0.10319599181222411 0.3766851142499286
vn 0.91897989718328 0.10343494826197601 0.38049593959863787
vn 0.9356760935347399 0.10070997017855172 0.3381830124270056
vn 0.930099239495261 0.10167998328989347 0.3529540843913045
vn 0.9411587058323139 0.09968883158744535 0.32292789797844074
vn 0.9411587058323139 0.09968883158744535 0.32292789797844074
vn -0.7683778528824265 0.0031220229511653517 0.6399888500376272
vn -0.7683778528103745 0.0031220529860261173 0.6399888499776155
vn -0.7680608690782191 0.0031807930919424163 0.6403689436146297
vn -0.767824781351236 0.0032246525633372884 0.6406517827640632
vn -0.767311276038359 0.0033193749768409787 0.6412662375442423
vn -0.7672588542958533 0.003329123026014337 0.6413289073825476
vn -0.7670428945806842 0.003369063225236461 0.6415869756208195
vn -0.7670428946065566 0.0033690532136321665 0.6415869756424598
vn -0.8882698819800046 -0.10735094099905203 -0.4466009317431468
vn -0.8882698819800046 -0.10735094099905203 -0.4466009317431468
vn -0.8831602645743293 -0.10789799148966084 -0.4564931220834524
vn -0.8840280122387755 -0.10780696310071275 -0.45483198247722284
vn -0.8709311494361744 -0.10911297666409232 -0.47913807119168167
vn -0.87384538275405 -0.10883500823214609 -0.47386621321058175
vn -0.8656430030001896 -0.10960095730109001 -0.48851798484344316
vn -0.8656430030001896 -0.10960095730109001 -0.48851798484344316
vn 0.8931787108440215 0.023946952373349987 -0.4490638417497455
vn 0.893178713016107 0.02394685397598478 -0.44906384267667765
vn 0.8920874472830586 0.02366384654384192 -0.45124273818727084
vn 0.891256382639999 0.023448172840923088 -0.4528931922582695
vn -0.06395217023723399 0.5477139511408402 -0.8342179257529996
vn -0.06570509352772709 0.514525141113769 -0.854954220906809
vn -0.06244086797012696 0.510544954109306 -0.857580892884551
vn -0.06234839133771302 0.5049971304492656 -0.86086617794847
vn -0.06273069065230191 0.4997171017069531 -0.8639141616572146
vn -0.06188057977368326 0.49628402469370336 -0.8659520544930258
vn -0.0603836843112131 0.5018590628933371 -0.8628390879305512
vn -0.06260694286459284 0.5027297509957201 -0.8621735139569825
vn -0.06290699883116099 0.4956201566394431 -0.8662582581602037
vn -0.06306797583539332 0.49134795946004894 -0.8686769325580552
vn 0.07847929345356805 0.5497208401323611 0.8316537731671755
vn 0.07847929345356805 0.5497208401323611 0.8316537731671755
vn 0.07895112789317912 0.546825037573197 0.8335161052358055
vn 0.07895112789317912 0.546825037573197 0.8335161052358055
vn 0.07884234719069662 0.5436091738475486 0.8356272795919526
vn 0.07884234719069662 0.5436091738475486 0.8356272795919526
vn 0.07858662409252182 0.5343250092413134 0.8416180410453492
vn 0.07858662409252182 0.5343250092413134 0.8416180410453492
vn 0.07950024296897262 0.5292851235324297 0.8447111751214937
vn 0.07950024296897262 0.5292851235324297 0.8447111751214937
vn 0.07986778378160204 0.5260187054939287 0.8467145083109814
vn 0.07986778378160204 0.5260187054939287 0.8467145083109814
vn 0.08022360805175398 0.522070908887066 0.8491208034225703
vn 0.08022360805175398 0.522070908887066 0.8491208034225703
vn 0.08015358661125901 0.5179577553824756 0.8516426282147336
vn 0.08015358661125901 0.5179577553824756 0.8516426282147336
vn 0.08055727833941011 0.5136787193096533 0.8541924245946819
vn 0.08055727833941011 0.5136787193096533 0.8541924245946819
vn 0.05536463623166389 0.800333019696095 0.5969939820794392
vn 0.08079914928971847 0.5095781297307543 0.8566222196360334
vn 0.05586743336889755 0.796139991993611 0.6025279603779272
vn 0.08101211308072143 0.5055529343171522 0.8589838579027625
vn 0.056127650450348066 0.7939572445658238 0.6053772217852008
vn 0.08124774975269303 0.5012301371605268 0.8614912377744554
vn 0.05663091599600877 0.7898097941522129 0.6107318793175056
vn 0.08148131512068418 0.4969889519699046 0.8639228998620533
vn 0.05713663523495819 0.7837860407648516 0.6183969980653088
vn 0.08151084506291335 0.49319914525343156 0.8660892478598347
vn 0.05563505177341546 0.7969451597738934 0.6014841255819915
vn 0.9647767792294607 -0.14514102257836387 -0.21940795296555607
vn 0.9647767792294607 -0.14514102257836387 -0.21940795296555607
vn 0.9647767792294607 -0.14514102257836387 -0.21940795296555607
vn 0.9729155566105984 -0.11389299631903085 -0.201155922345236
vn 0.9729155566105984 -0.11389299631903085 -0.201155922345236
vn 0.9729155566105984 -0.11389299631903085 -0.201155922345236
vn 0.9766469101155159 -0.1522520339267908 -0.15159198899338525
vn 0.9766469101155159 -0.1522520339267908 -0.15159198899338525
vn 0.9766469101155159 -0.1522520339267908 -0.15159198899338525
vn 0.9810874326862327 -0.12741609348512048 -0.14571406433878595
vn 0.9810874326862327 -0.12741609348512048 -0.14571406433878595
vn 0.9810874326862327 -0.12741609348512048 -0.14571406433878595
vn 0.9839869396504654 -0.1411130371319702 -0.1088889955353735
vn 0.9839869396504654 -0.1411130371319702 -0.1088889955353735
vn 0.9839869396504654 -0.1411130371319702 -0.1088889955353735
vn 0.9856383642628986 -0.12909207943267095 -0.10886803902388804
vn 0.9856383642628986 -0.12909207943267095 -0.10886803902388804
vn 0.9856383642628986 -0.12909207943267095 -0.10886803902388804
vn 0.9879793009687385 -0.13238308559430548 -0.07982242483070491
vn 0.9879793009687385 -0.13238308559430548 -0.07982242483070491
vn 0.9879793009687385 -0.13238308559430548 -0.07982242483070491
vn 0.9880154366531662 -0.13207309879350404 -0.07988863192053697
vn 0.9880154595097478 -0.13207297467192264 -0.07988855444337299
vn 0.9880154366531662 -0.13207309879350404 -0.07988863192053697
vn 0.9902018160063832 -0.1290700182717556 -0.05330378936801425
vn 0.9902018160063832 -0.1290700182717556 -0.05330378936801425
vn 0.9902018160063832 -0.1290700182717556 -0.05330378936801425
vn 0.9890589289458191 -0.13932604428401696 -0.0484838989430212
vn 0.9890589289458191 -0.13932604428401696 -0.0484838989430212
vn 0.9890589289458191 -0.13932604428401696 -0.0484838989430212
vn 0.9915032725111087 -0.12859507224445457 -0.01961040525347445
vn 0.9915032725111087 -0.12859507224445457 -0.01961040525347445
vn 0.9915032725111087 -0.12859507224445457 -0.01961040525347445
vn 0.9891112965120836 -0.14713208814114034 -0.003315381035821835
vn 0.9891112964792526 -0.14713208813625667 -0.003315391047428849
vn 0.9891112964792526 -0.14713208813625667 -0.003315391047428849
vn 0.9923640424466627 -0.11874604853657761 0.033361403086008976
vn 0.9923640424466627 -0.11874604853657761 0.033361403086008976
vn 0.9923640424466627 -0.11874604853657761 0.033361403086008976
vn 0.9887789298726755 -0.1345980351715159 0.06480429590554936
vn 0.9887789298726755 -0.1345980351715159 0.06480429590554936
vn 0.9887789298726755 -0.1345980351715159 0.06480429590554936
vn 0.9925423654750845 -0.0546308620922087 0.10897303172889132
vn 0.9925423654750845 -0.0546308620922087 0.10897303172889132
vn 0.9925423654750845 -0.0546308620922087 0.10897303172889132
vn 0.9922594998618784 -0.05447821557667439 0.11159394679567732
vn 0.9922594998618784 -0.05447821557667439 0.11159394679567732
vn 0.9922594998618784 -0.05447821557667439 0.11159394679567732
vn 0.9606948727761184 -0.0560756316103906 -0.27188395495353057
vn 0.9606948727761184 -0.0560756316103906 -0.27188395495353057
vn 0.9606948727761184 -0.0560756316103906 -0.27188395495353057
vn 0.9614192179540757 -0.05449795430152798 -0.2696350502540831
vn 0.9614192179540757 -0.05449795430152798 -0.2696350502540831
vn 0.9614192179540757 -0.05449795430152798 -0.2696350502540831
f 1290/1290/1290 1291/1291/1291 1292/1292/1292
f 1292/1292/1292 1293/1293/1293 1290/1290/1290
f 1290/1290/1290 1294/1294/1294 1295/1295/1295
f 1295/1295/1295 1291/1291/1291 1290/1290/1290
f 1296/1296/1296 1297/1297/1297 1298/1298/1298
f 1298/1298/1298 1299/1299/1299 1296/1296/1296
f 1297/1297/1297 1300/1300/1300 1301/1301/1301
f 1301/1301/1301 1298/1298/1298 1297/1297/1297
f 1302/1302/1302 1303/1303/1303 1304/1304/1304
f 1304/1304/1304 1305/1305/1305 1302/1302/1302
f 1306/1306/1306 1302/1302/1302 1305/1305/1305
f 1305/1305/1305 1307/1307/1307 1306/1306/1306
f 1308/1308/1308 1306/1306/1306 1307/1307/1307
f 1307/1307/1307 1309/1309/1309 1308/1308/1308
f 1310/1310/1310 1308/1308/1308 1309/1309/1309
f 1309/1309/1309 1311/1311/1311 1310/1310/1310
f 1312/1312/1312 1313/1313/1313 1314/1314/1314
f 1314/1314/1314 1315/1315/1315 1312/1312/1312
f 1316/1316/1316 1317/1317/1317 1318/1318/1318
f 1318/1318/1318 1319/1319/1319 1316/1316/1316
f 1317/1317/1317 1320/1320/1320 1321/1321/1321
f 1321/1321/1321 1318/1318/1318 1317/1317/1317
f 1320/1320/1320 1322/1322/1322 1309/1309/1309
f 1309/1309/1309 1321/1321/1321 1320/1320/1320
f 1304/1304/1304 1303/1303/1303 1323/1323/1323
f 1323/1323/1323 1324/1324/1324 1304/1304/1304
f 1324/1324/1324 1323/1323/1323 1325/1325/1325
f 1325/1325/1325 1326/1326/1326 1324/1324/1324
f 1325/1325/1325 1327/1327/1327 1328/1328/1328
f 1328/1328/1328 1326/1326/1326 1325/1325/1325
f 1329/1329/1329 1330/1330/1330 1331/1331/1331
f 1331/1331/1331 1332/1332/1332 1329/1329/1329
f 1332/1332/1332 1331/1331/1331 1333/1333/1333
f 1333/1333/1333 1334/1334/1334 1332/1332/1332
f 1334/1334/1334 1333/1333/1333 1335/1335/1335
f 1335/1335/1335 1322/1322/1322 1334/1334/1334
f 1319/1319/1319 1336/1336/1336 1337/1337/1337
f 1337/1337/1337 1316/1316/1316 1319/1319/1319
f 1336/1336/1336 1338/1338/1338 1339/1339/1339
f 1339/1339/1339 1337/1337/1337 1336/1336/1336
f 1338/1338/1338 1328/1328/1328 1340/1340/1340
f 1340/1340/1340 1339/1339/1339 1338/1338/1338
f 1341/1341/1341 1342/1342/1342 1343/1343/1343
f 1343/1343/1343 1344/1344/1344 1341/1341/1341
f 1344/1344/1344 1343/1343/1343 1345/1345/1345
f 1345/1345/1345 1346/1346/1346 1344/1344/1344
f 1346/1346/1346 1345/1345/1345 1347/1347/1347
f 1347/1347/1347 1335/1335/1335 1346/1346/1346
f 1329/1329/1329 1348/1348/1348 1349/1349/1349
f 1349/1349/1349 1330/1330/1330 1329/1329/1329
f 1348/1348/1348 1350/1350/1350 1351/1351/1351
f 1351/1351/1351 1349/1349/1349 1348/1348/1348
f 1350/1350/1350 1352/1352/1352 1353/1353/1353
f 1353/1353/1353 1351/1351/1351 1350/1350/1350
f 1354/1354/1354 1355/1355/1355 1356/1356/1356
f 1356/1356/1356 1357/1357/1357 1354/1354/1354
f 1357/1357/1357 1356/1356/1356 1358/1358/1358
f 1358/1358/1358 1359/1359/1359 1357/1357/1357
f 1359/1359/1359 1358/1358/1358 1360/1360/1360
f 1360/1360/1360 1347/1347/1347 1359/1359/1359
f 1342/1342/1342 1341/1341/1341 1361/1361/1361
f 1361/1361/1361 1362/1362/1362 1342/1342/1342
f 1362/1362/1362 1361/1361/1361 1363/1363/1363
f 1363/1363/1363 1364/1364/1364 1362/1362/1362
f 1363/1363/1363 1365/1365/1365 1366/1366/1366
f 1366/1366/1366 1364/1364/1364 1363/1363/1363
f 1367/1367/1367 1368/1368/1368 1369/1369/1369
f 1369/1369/1369 1370/1370/1370 1367/1367/1367
f 1370/1370/1370 1369/1369/1369 1371/1371/1371
f 1371/1371/1371 1372/1372/1372 1370/1370/1370
f 1372/1372/1372 1371/1371/1371 1373/1373/1373
f 1373/1373/1373 1360/1360/1360 1372/1372/1372
f 1355/1355/1355 1354/1354/1354 1374/1374/1374
f 1374/1374/1374 1375/1375/1375 1355/1355/1355
f 1375/1375/1375 1374/1374/1374 1376/1376/1376
f 1376/1376/1376 1377/1377/1377 1375/1375/1375
f 1376/1376/1376 1378/1378/1378 1379/1379/1379
f 1379/1379/1379 1377/1377/1377 1376/1376/1376
f 1380/1380/1380 1381/1381/1381 1382/1382/1382
f 1382/1382/1382 1383/1383/1383 1380/1380/1380
f 1383/1383/1383 1382/1382/1382 1384/1384/1384
f 1384/1384/1384 1385/1385/1385 1383/1383/1383
f 1385/1385/1385 1384/1384/1384 1386/1386/1386
f 1386/1386/1386 1373/1373/1373 1385/1385/1385
f 1368/1368/1368 1367/1367/1367 1387/1387/1387
f 1387/1387/1387 1388/1388/1388 1368/1368/1368
f 1388/1388/1388 1387/1387/1387 1389/1389/1389
f 1389/1389/1389 1390/1390/1390 1388/1388/1388
f 1389/1389/1389 1391/1391/1391 1392/1392/1392
f 1392/1392/1392 1390/1390/1390 1389/1389/1389
f 1393/1393/1393 1394/1394/1394 1395/1395/1395
f 1395/1395/1395 1396/1396/1396 1393/1393/1393
f 1396/1396/1396 1395/1395/1395 1397/1397/1397
f 1397/1397/1397 1398/1398/1398 1396/1396/1396
f 1398/1398/1398 1397/1397/1397 1399/1399/1399
f 1399/1399/1399 1386/1386/1386 1398/1398/1398
f 1381/1381/1381 1380/1380/1380 1400/1400/1400
f 1400/1400/1400 1401/1401/1401 1381/1381/1381
f 1400/1400/1400 1402/1402/1402 1403/1403/1403
f 1403/1403/1403 1401/1401/1401 1400/1400/1400
f 1402/1402/1402 1404/1404/1404 1405/1405/1405
f 1405/1405/1405 1403/1403/1403 1402/1402/1402
f 1406/1406/1406 1407/1407/1407 1408/1408/1408
f 1408/1408/1408 1409/1409/1409 1406/1406/1406
f 1409/1409/1409 1408/1408/1408 1410/1410/1410
f 1410/1410/1410 1411/1411/1411 1409/1409/1409
f 1411/1411/1411 1410/1410/1410 1412/1412/1412
f 1412/1412/1412 1399/1399/1399 1411/1411/1411
f 1394/1394/1394 1393/1393/1393 1413/1413/1413
f 1413/1413/1413 1414/1414/1414 1394/1394/1394
f 1414/1414/1414 1413/1413/1413 1415/1415/1415
f 1415/1415/1415 1416/1416/1416 1414/1414/1414
f 1415/1415/1415 1417/1417/1417 1418/1418/1418
f 1418/1418/1418 1416/1416/1416 1415/1415/1415
f 1419/1419/1419 1420/1420/1420 1421/1421/1421
f 1421/1421/1421 1422/1422/1422 1419/1419/1419
f 1422/1422/1422 1421/1421/1421 1423/1423/1423
f 1423/1423/1423 1424/1424/1424 1422/1422/1422
f 1424/1424/1424 1423/1423/1423 1425/1425/1425
f 1425/1425/1425 1412/1412/1412 1424/1424/1424
f 1407/1407/1407 1406/1406/1406 1426/1426/1426
f 1426/1426/1426 1427/1427/1427 1407/1407/1407
f 1427/1427/1427 1426/1426/1426 1428/1428/1428
f 1428/1428/1428 1429/1429/1429 1427/1427/1427
f 1428/1428/1428 1430/1430/1430 1431/1431/1431
f 1431/1431/1431 1429/1429/1429 1428/1428/1428
f 1432/1432/1432 1433/1433/1433 1434/1434/1434
f 1434/1434/1434 1435/1435/1435 1432/1432/1432
f 1435/1435/1435 1434/1434/1434 1436/1436/1436
f 1436/1436/1436 1437/1437/1437 1435/1435/1435
f 1437/1437/1437 1436/1436/1436 1438/1438/1438
f 1438/1438/1438 1439/1439/1439 1437/1437/1437
f 1420/1420/1420 1419/1419/1419 1440/1440/1440
f 1440/1440/1440 1441/1441/1441 1420/1420/1420
f 1441/1441/1441 1440/1440/1440 1442/1442/1442
f 1442/1442/1442 1443/1443/1443 1441/1441/1441
f 1442/1442/1442 1444/1444/1444 1445/1445/1445
f 1445/1445/1445 1443/1443/1443 1442/1442/1442
f 1446/1446/1446 1447/1447/1447 1448/1448/1448
f 1448/1448/1448 1449/1449/1449 1446/1446/1446
f 1449/1449/1449 1448/1448/1448 1450/1450/1450
f 1450/1450/1450 1451/1451/1451 1449/1449/1449
f 1451/1451/1451 1450/1450/1450 1452/1452/1452
f 1452/1452/1452 1453/1453/1453 1451/1451/1451
f 1433/1433/1433 1432/1432/1432 1454/1454/1454
f 1454/1454/1454 1455/1455/1455 1433/1433/1433
f 1455/1455/1455 1454/1454/1454 1456/1456/1456
f 1456/1456/1456 1457/1457/1457 1455/1455/1455
f 1458/1458/1458 1459/1459/1459 1460/1460/1460
f 1460/1460/1460 1461/1461/1461 1458/1458/1458
f 1462/1462/1462 1463/1463/1463 1464/1464/1464
f 1464/1464/1464 1465/1465/1465 1462/1462/1462
f 1465/1465/1465 1464/1464/1464 1466/1466/1466
f 1466/1466/1466 1467/1467/1467 1465/1465/1465
f 1467/1467/1467 1466/1466/1466 1468/1468/1468
f 1468/1468/1468 1469/1469/1469 1467/1467/1467
f 1446/1446/1446 1470/1470/1470 1471/1471/1471
f 1471/1471/1471 1447/1447/1447 1446/1446/1446
f 1470/1470/1470 1472/1472/1472 1473/1473/1473
f 1473/1473/1473 1471/1471/1471 1470/1470/1470
f 1474/1474/1474 1460/1460/1460 1475/1475/1475
f 1475/1475/1475 1476/1476/1476 1474/1474/1474
f 1477/1477/1477 1478/1478/1478 1479/1479/1479
f 1479/1479/1479 1480/1480/1480 1477/1477/1477
f 1480/1480/1480 1479/1479/1479 1481/1481/1481
f 1481/1481/1481 1482/1482/1482 1480/1480/1480
f 1482/1482/1482 1481/1481/1481 1483/1483/1483
f 1483/1483/1483 1484/1484/1484 1482/1482/1482
f 1462/1462/1462 1485/1485/1485 1486/1486/1486
f 1486/1486/1486 1463/1463/1463 1462/1462/1462
f 1485/1485/1485 1487/1487/1487 1488/1488/1488
f 1488/1488/1488 1486/1486/1486 1485/1485/1485
f 1489/1489/1489 1475/1475/1475 1490/1490/1490
f 1490/1490/1490 1491/1491/1491 1489/1489/1489
f 1301/1301/1301 1300/1300/1300 1492/1492/1492
f 1492/1492/1492 1493/1493/1493 1301/1301/1301
f 1493/1493/1493 1492/1492/1492 1494/1494/1494
f 1494/1494/1494 1495/1495/1495 1493/1493/1493
f 1494/1494/1494 1496/1496/1496 1497/1497/1497
f 1497/1497/1497 1495/1495/1495 1494/1494/1494
f 1478/1478/1478 1477/1477/1477 1498/1498/1498
f 1498/1498/1498 1499/1499/1499 1478/1478/1478
f 1499/1499/1499 1498/1498/1498 1500/1500/1500
f 1500/1500/1500 1501/1501/1501 1499/1499/1499
f 1502/1502/1502 1490/1490/1490 1291/1291/1291
f 1291/1291/1291 1503/1503/1503 1502/1502/1502
f 1504/1504/1504 1505/1505/1505 1506/1506/1506
f 1506/1506/1506 1507/1507/1507 1504/1504/1504
f 1508/1508/1508 1509/1509/1509 1510/1510/1510
f 1510/1510/1510 1511/1511/1511 1508/1508/1508
f 1509/1509/1509 1512/1512/1512 1513/1513/1513
f 1513/1513/1513 1510/1510/1510 1509/1509/1509
f 1512/1512/1512 1514/1514/1514 1515/1515/1515
f 1515/1515/1515 1513/1513/1513 1512/1512/1512
f 1516/1516/1516 1517/1517/1517 1518/1518/1518
f 1518/1518/1518 1519/1519/1519 1516/1516/1516
f 1517/1517/1517 1520/1520/1520 1521/1521/1521
f 1521/1521/1521 1518/1518/1518 1517/1517/1517
f 1520/1520/1520 1522/1522/1522 1523/1523/1523
f 1523/1523/1523 1521/1521/1521 1520/1520/1520
f 1522/1522/1522 1524/1524/1524 1525/1525/1525
f 1525/1525/1525 1523/1523/1523 1522/1522/1522
f 1524/1524/1524 1526/1526/1526 1527/1527/1527
f 1527/1527/1527 1525/1525/1525 1524/1524/1524
f 1526/1526/1526 1528/1528/1528 1529/1529/1529
f 1529/1529/1529 1527/1527/1527 1526/1526/1526
f 1530/1530/1530 1531/1531/1531 1532/1532/1532
f 1532/1532/1532 1533/1533/1533 1530/1530/1530
f 1531/1531/1531 1504/1504/1504 1507/1507/1507
f 1507/1507/1507 1532/1532/1532 1531/1531/1531
f 1534/1534/1534 1535/1535/1535 1536/1536/1536
f 1536/1536/1536 1537/1537/1537 1534/1534/1534
f 1538/1538/1538 1539/1539/1539 1540/1540/1540
f 1540/1540/1540 1541/1541/1541 1538/1538/1538
f 1539/1539/1539 1542/1542/1542 1543/1543/1543
f 1543/1543/1543 1540/1540/1540 1539/1539/1539
f 1542/1542/1542 1544/1544/1544 1545/1545/1545
f 1545/1545/1545 1543/1543/1543 1542/1542/1542
f 1546/1546/1546 1547/1547/1547 1548/1548/1548
f 1548/1548/1548 1549/1549/1549 1546/1546/1546
f 1547/1547/1547 1550/1550/1550 1551/1551/1551
f 1551/1551/1551 1548/1548/1548 1547/1547/1547
f 1550/1550/1550 1552/1552/1552 1553/1553/1553
f 1553/1553/1553 1551/1551/1551 1550/1550/1550
f 1554/1554/1554 1555/1555/1555 1556/1556/1556
f 1556/1556/1556 1557/1557/1557 1554/1554/1554
f 1555/1555/1555 1558/1558/1558 1559/1559/1559
f 1559/1559/1559 1556/1556/1556 1555/1555/1555
f 1558/1558/1558 1560/1560/1560 1561/1561/1561
f 1561/1561/1561 1559/1559/1559 1558/1558/1558
f 1562/1562/1562 1563/1563/1563 1564/1564/1564
f 1564/1564/1564 1565/1565/1565 1562/1562/1562
f 1563/1563/1563 1534/1534/1534 1537/1537/1537
f 1537/1537/1537 1564/1564/1564 1563/1563/1563
f 1566/1566/1566 1567/1567/1567 1568/1568/1568
f 1568/1568/1568 1569/1569/1569 1566/1566/1566
f 1570/1570/1570 1571/1571/1571 1572/1572/1572
f 1572/1572/1572 1573/1573/1573 1570/1570/1570
f 1571/1571/1571 1574/1574/1574 1575/1575/1575
f 1575/1575/1575 1572/1572/1572 1571/1571/1571
f 1574/1574/1574 1576/1576/1576 1577/1577/1577
f 1577/1577/1577 1575/1575/1575 1574/1574/1574
f 1578/1578/1578 1579/1579/1579 1580/1580/1580
f 1580/1580/1580 1581/1581/1581 1578/1578/1578
f 1579/1579/1579 1582/1582/1582 1583/1583/1583
f 1583/1583/1583 1580/1580/1580 1579/1579/1579
f 1582/1582/1582 1584/1584/1584 1585/1585/1585
f 1585/1585/1585 1583/1583/1583 1582/1582/1582
f 1586/1586/1586 1587/1587/1587 1588/1588/1588
f 1588/1588/1588 1589/1589/1589 1586/1586/1586
f 1587/1587/1587 1590/1590/1590 1591/1591/1591
f 1591/1591/1591 1588/1588/1588 1587/1587/1587
f 1590/1590/1590 1592/1592/1592 1593/1593/1593
f 1593/1593/1593 1591/1591/1591 1590/1590/1590
f 1594/1594/1594 1595/1595/1595 1596/1596/1596
f 1596/1596/1596 1597/1597/1597 1594/1594/1594
f 1595/1595/1595 1566/1566/1566 1569/1569/1569
f 1569/1569/1569 1596/1596/1596 1595/1595/1595
f 1598/1598/1598 1599/1599/1599 1600/1600/1600
f 1600/1600/1600 1601/1601/1601 1598/1598/1598
f 1602/1602/1602 1603/1603/1603 1604/1604/1604
f 1604/1604/1604 1605/1605/1605 1602/1602/1602
f 1603/1603/1603 1606/1606/1606 1607/1607/1607
f 1607/1607/1607 1604/1604/1604 1603/1603/1603
f 1606/1606/1606 1608/1608/1608 1609/1609/1609
f 1609/1609/1609 1607/1607/1607 1606/1606/1606
f 1610/1610/1610 1611/1611/1611 1612/1612/1612
f 1612/1612/1612 1613/1613/1613 1610/1610/1610
f 1611/1611/1611 1614/1614/1614 1615/1615/1615
f 1615/1615/1615 1612/1612/1612 1611/1611/1611
f 1614/1614/1614 1616/1616/1616 1617/1617/1617
f 1617/1617/1617 1615/1615/1615 1614/1614/1614
f 1618/1618/1618 1619/1619/1619 1620/1620/1620
f 1620/1620/1620 1621/1621/1621 1618/1618/1618
f 1619/1619/1619 1622/1622/1622 1623/1623/1623
f 1623/1623/1623 1620/1620/1620 1619/1619/1619
f 1622/1622/1622 1624/1624/1624 1625/1625/1625
f 1625/1625/1625 1623/1623/1623 1622/1622/1622
f 1626/1626/1626 1627/1627/1627 1628/1628/1628
f 1628/1628/1628 1629/1629/1629 1626/1626/1626
f 1627/1627/1627 1598/1598/1598 1601/1601/1601
f 1601/1601/1601 1628/1628/1628 1627/1627/1627
f 1630/1630/1630 1631/1631/1631 1632/1632/1632
f 1632/1632/1632 1633/1633/1633 1630/1630/1630
f 1634/1634/1634 1635/1635/1635 1636/1636/1636
f 1636/1636/1636 1637/1637/1637 1634/1634/1634
f 1635/1635/1635 1638/1638/1638 1639/1639/1639
f 1639/1639/1639 1636/1636/1636 1635/1635/1635
f 1638/1638/1638 1640/1640/1640 1641/1641/1641
f 1641/1641/1641 1639/1639/1639 1638/1638/1638
f 1642/1642/1642 1643/1643/1643 1644/1644/1644
f 1644/1644/1644 1645/1645/1645 1642/1642/1642
f 1643/1643/1643 1646/1646/1646 1647/1647/1647
f 1647/1647/1647 1644/1644/1644 1643/1643/1643
f 1646/1646/1646 1648/1648/1648 1649/1649/1649
f 1649/1649/1649 1647/1647/1647 1646/1646/1646
f 1650/1650/1650 1651/1651/1651 1652/1652/1652
f 1652/1652/1652 1653/1653/1653 1650/1650/1650
f 1651/1651/1651 1654/1654/1654 1655/1655/1655
f 1655/1655/1655 1652/1652/1652 1651/1651/1651
f 1654/1654/1654 1656/1656/1656 1657/1657/1657
f 1657/1657/1657 1655/1655/1655 1654/1654/1654
f 1658/1658/1658 1659/1659/1659 1660/1660/1660
f 1660/1660/1660 1661/1661/1661 1658/1658/1658
f 1659/1659/1659 1630/1630/1630 1633/1633/1633
f 1633/1633/1633 1660/1660/1660 1659/1659/1659
f 1662/1662/1662 1663/1663/1663 1664/1664/1664
f 1664/1664/1664 1665/1665/1665 1662/1662/1662
f 1666/1666/1666 1667/1667/1667 1668/1668/1668
f 1668/1668/1668 1669/1669/1669 1666/1666/1666
f 1667/1667/1667 1670/1670/1670 1671/1671/1671
f 1671/1671/1671 1668/1668/1668 1667/1667/1667
f 1670/1670/1670 1672/1672/1672 1673/1673/1673
f 1673/1673/1673 1671/1671/1671 1670/1670/1670
f 1674/1674/1674 1675/1675/1675 1676/1676/1676
f 1676/1676/1676 1677/1677/1677 1674/1674/1674
f 1675/1675/1675 1678/1678/1678 1679/1679/1679
f 1679/1679/1679 1676/1676/1676 1675/1675/1675
f 1678/1678/1678 1680/1680/1680 1681/1681/1681
f 1681/1681/1681 1679/1679/1679 1678/1678/1678
f 1682/1682/1682 1683/1683/1683 1684/1684/1684
f 1684/1684/1684 1685/1685/1685 1682/1682/1682
f 1683/1683/1683 1686/1686/1686 1687/1687/1687
f 1687/1687/1687 1684/1684/1684 1683/1683/1683
f 1686/1686/1686 1688/1688/1688 1689/1689/1689
f 1689/1689/1689 1687/1687/1687 1686/1686/1686
f 1690/1690/1690 1691/1691/1691 1692/1692/1692
f 1692/1692/1692 1693/1693/1693 1690/1690/1690
f 1691/1691/1691 1662/1662/1662 1665/1665/1665
f 1665/1665/1665 1692/1692/1692 1691/1691/1691
f 1694/1694/1694 1695/1695/1695 1696/1696/1696
f 1696/1696/1696 1697/1697/1697 1694/1694/1694
f 1698/1698/1698 1699/1699/1699 1700/1700/1700
f 1700/1700/1700 1701/1701/1701 1698/1698/1698
f 1699/1699/1699 1702/1702/1702 1703/1703/1703
f 1703/1703/1703 1700/1700/1700 1699/1699/1699
f 1702/1702/1702 1704/1704/1704 1705/1705/1705
f 1705/1705/1705 1703/1703/1703 1702/1702/1702
f 1706/1706/1706 1707/1707/1707 1708/1708/1708
f 1708/1708/1708 1709/1709/1709 1706/1706/1706
f 1707/1707/1707 1710/1710/1710 1711/1711/1711
f 1711/1711/1711 1708/1708/1708 1707/1707/1707
f 1710/1710/1710 1712/1712/1712 1713/1713/1713
f 1713/1713/1713 1711/1711/1711 1710/1710/1710
f 1714/1714/1714 1715/1715/1715 1716/1716/1716
f 1716/1716/1716 1717/1717/1717 1714/1714/1714
f 1715/1715/1715 1718/1718/1718 1719/1719/1719
f 1719/1719/1719 1716/1716/1716 1715/1715/1715
f 1718/1718/1718 1720/1720/1720 1721/1721/1721
f 1721/1721/1721 1719/1719/1719 1718/1718/1718
f 1722/1722/1722 1723/1723/1723 1724/1724/1724
f 1724/1724/1724 1725/1725/1725 1722/1722/1722
f 1723/1723/1723 1694/1694/1694 1697/1697/1697
f 1697/1697/1697 1724/1724/1724 1723/1723/1723
f 1726/1726/1726 1727/1727/1727 1728/1728/1728
f 1728/1728/1728 1729/1729/1729 1726/1726/1726
f 1730/1730/1730 1731/1731/1731 1732/1732/1732
f 1732/1732/1732 1733/1733/1733 1730/1730/1730
f 1731/1731/1731 1734/1734/1734 1735/1735/1735
f 1735/1735/1735 1732/1732/1732 1731/1731/1731
f 1734/1734/1734 1736/1736/1736 1737/1737/1737
f 1737/1737/1737 1735/1735/1735 1734/1734/1734
f 1738/1738/1738 1739/1739/1739 1740/1740/1740
f 1740/1740/1740 1741/1741/1741 1738/1738/1738
f 1739/1739/1739 1742/1742/1742 1743/1743/1743
f 1743/1743/1743 1740/1740/1740 1739/1739/1739
f 1742/1742/1742 1744/1744/1744 1745/1745/1745
f 1745/1745/1745 1743/1743/1743 1742/1742/1742
f 1746/1746/1746 1747/1747/1747 1748/1748/1748
f 1748/1748/1748 1749/1749/1749 1746/1746/1746
f 1747/1747/1747 1750/1750/1750 1751/1751/1751
f 1751/1751/1751 1748/1748/1748 1747/1747/1747
f 1750/1750/1750 1752/1752/1752 1753/1753/1753
f 1753/1753/1753 1751/1751/1751 1750/1750/1750
f 1754/1754/1754 1755/1755/1755 1756/1756/1756
f 1756/1756/1756 1757/1757/1757 1754/1754/1754
f 1755/1755/1755 1726/1726/1726 1729/1729/1729
f 1729/1729/1729 1756/1756/1756 1755/1755/1755
f 1758/1758/1758 1759/1759/1759 1760/1760/1760
f 1760/1760/1760 1761/1761/1761 1758/1758/1758
f 1762/1762/1762 1763/1763/1763 1764/1764/1764
f 1764/1764/1764 1765/1765/1765 1762/1762/1762
f 1763/1763/1763 1766/1766/1766 1767/1767/1767
f 1767/1767/1767 1764/1764/1764 1763/1763/1763
f 1766/1766/1766 1768/1768/1768 1769/1769/1769
f 1769/1769/1769 1767/1767/1767 1766/1766/1766
f 1770/1770/1770 1771/1771/1771 1772/1772/1772
f 1772/1772/1772 1773/1773/1773 1770/1770/1770
f 1771/1771/1771 1774/1774/1774 1775/1775/1775
f 1775/1775/1775 1772/1772/1772 1771/1771/1771
f 1774/1774/1774 1776/1776/1776 1777/1777/1777
f 1777/1777/1777 1775/1775/1775 1774/1774/1774
f 1778/1778/1778 1779/1779/1779 1780/1780/1780
f 1780/1780/1780 1781/1781/1781 1778/1778/1778
f 1779/1779/1779 1782/1782/1782 1783/1783/1783
f 1783/1783/1783 1780/1780/1780 1779/1779/1779
f 1782/1782/1782 1784/1784/1784 1785/1785/1785
f 1785/1785/1785 1783/1783/1783 1782/1782/1782
f 1786/1786/1786 1787/1787/1787 1788/1788/1788
f 1788/1788/1788 1789/1789/1789 1786/1786/1786
f 1787/1787/1787 1758/1758/1758 1761/1761/1761
f 1761/1761/1761 1788/1788/1788 1787/1787/1787
f 1790/1790/1790 1791/1791/1791 1792/1792/1792
f 1792/1792/1792 1793/1793/1793 1790/1790/1790
f 1794/1794/1794 1795/1795/1795 1796/1796/1796
f 1796/1796/1796 1797/1797/1797 1794/1794/1794
f 1795/1795/1795 1798/1798/1798 1799/1799/1799
f 1799/1799/1799 1796/1796/1796 1795/1795/1795
f 1798/1798/1798 1800/1800/1800 1801/1801/1801
f 1801/1801/1801 1799/1799/1799 1798/1798/1798
f 1802/1802/1802 1803/1803/1803 1804/1804/1804
f 1804/1804/1804 1805/1805/1805 1802/1802/1802
f 1803/1803/1803 1806/1806/1806 1807/1807/1807
f 1807/1807/1807 1804/1804/1804 1803/1803/1803
f 1806/1806/1806 1808/1808/1808 1809/1809/1809
f 1809/1809/1809 1807/1807/1807 1806/1806/1806
f 1810/1810/1810 1811/1811/1811 1812/1812/1812
f 1812/1812/1812 1813/1813/1813 1810/1810/1810
f 1811/1811/1811 1814/1814/1814 1815/1815/1815
f 1815/1815/1815 1812/1812/1812 1811/1811/1811
f 1814/1814/1814 1816/1816/1816 1817/1817/1817
f 1817/1817/1817 1815/1815/1815 1814/1814/1814
f 1818/1818/1818 1819/1819/1819 1820/1820/1820
f 1820/1820/1820 1821/1821/1821 1818/1818/1818
f 1819/1819/1819 1790/1790/1790 1793/1793/1793
f 1793/1793/1793 1820/1820/1820 1819/1819/1819
f 1822/1822/1822 1823/1823/1823 1824/1824/1824
f 1824/1824/1824 1825/1825/1825 1822/1822/1822
f 1826/1826/1826 1827/1827/1827 1828/1828/1828
f 1828/1828/1828 1829/1829/1829 1826/1826/1826
f 1827/1827/1827 1830/1830/1830 1831/1831/1831
f 1831/1831/1831 1828/1828/1828 1827/1827/1827
f 1830/1830/1830 1832/1832/1832 1833/1833/1833
f 1833/1833/1833 1831/1831/1831 1830/1830/1830
f 1834/1834/1834 1835/1835/1835 1836/1836/1836
f 1836/1836/1836 1837/1837/1837 1834/1834/1834
f 1835/1835/1835 1838/1838/1838 1839/1839/1839
f 1839/1839/1839 1836/1836/1836 1835/1835/1835
f 1838/1838/1838 1840/1840/1840 1841/1841/1841
f 1841/1841/1841 1839/1839/1839 1838/1838/1838
f 1842/1842/1842 1843/1843/1843 1844/1844/1844
f 1844/1844/1844 1845/1845/1845 1842/1842/1842
f 1843/1843/1843 1846/1846/1846 1847/1847/1847
f 1847/1847/1847 1844/1844/1844 1843/1843/1843
f 1846/1846/1846 1848/1848/1848 1849/1849/1849
f 1849/1849/1849 1847/1847/1847 1846/1846/1846
f 1850/1850/1850 1851/1851/1851 1852/1852/1852
f 1852/1852/1852 1853/1853/1853 1850/1850/1850
f 1851/1851/1851 1822/1822/1822 1825/1825/1825
f 1825/1825/1825 1852/1852/1852 1851/1851/1851
f 1854/1854/1854 1855/1855/1855 1856/1856/1856
f 1856/1856/1856 1857/1857/1857 1854/1854/1854
f 1858/1858/1858 1859/1859/1859 1860/1860/1860
f 1860/1860/1860 1861/1861/1861 1858/1858/1858
f 1859/1859/1859 1862/1862/1862 1863/1863/1863
f 1863/1863/1863 1860/1860/1860 1859/1859/1859
f 1862/1862/1862 1864/1864/1864 1865/1865/1865
f 1865/1865/1865 1863/1863/1863 1862/1862/1862
f 1866/1866/1866 1867/1867/1867 1868/1868/1868
f 1868/1868/1868 1869/1869/1869 1866/1866/1866
f 1867/1867/1867 1870/1870/1870 1871/1871/1871
f 1871/1871/1871 1868/1868/1868 1867/1867/1867
f 1870/1870/1870 1872/1872/1872 1873/1873/1873
f 1873/1873/1873 1871/1871/1871 1870/1870/1870
f 1874/1874/1874 1875/1875/1875 1876/1876/1876
f 1876/1876/1876 1877/1877/1877 1874/1874/1874
f 1875/1875/1875 1878/1878/1878 1879/1879/1879
f 1879/1879/1879 1876/1876/1876 1875/1875/1875
f 1878/1878/1878 1880/1880/1880 1881/1881/1881
f 1881/1881/1881 1879/1879/1879 1878/1878/1878
f 1882/1882/1882 1883/1883/1883 1884/1884/1884
f 1884/1884/1884 1885/1885/1885 1882/1882/1882
f 1883/1883/1883 1854/1854/1854 1857/1857/1857
f 1857/1857/1857 1884/1884/1884 1883/1883/1883
f 1886/1886/1886 1887/1887/1887 1888/1888/1888
f 1888/1888/1888 1889/1889/1889 1886/1886/1886
f 1890/1890/1890 1891/1891/1891 1892/1892/1892
f 1892/1892/1892 1893/1893/1893 1890/1890/1890
f 1891/1891/1891 1894/1894/1894 1895/1895/1895
f 1895/1895/1895 1892/1892/1892 1891/1891/1891
f 1894/1894/1894 1896/1896/1896 1897/1897/1897
f 1897/1897/1897 1895/1895/1895 1894/1894/1894
f 1898/1898/1898 1899/1899/1899 1900/1900/1900
f 1900/1900/1900 1901/1901/1901 1898/1898/1898
f 1899/1899/1899 1902/1902/1902 1903/1903/1903
f 1903/1903/1903 1900/1900/1900 1899/1899/1899
f 1902/1902/1902 1904/1904/1904 1905/1905/1905
f 1905/1905/1905 1903/1903/1903 1902/1902/1902
f 1906/1906/1906 1907/1907/1907 1908/1908/1908
f 1908/1908/1908 1909/1909/1909 1906/1906/1906
f 1907/1907/1907 1910/1910/1910 1911/1911/1911
f 1911/1911/1911 1908/1908/1908 1907/1907/1907
f 1910/1910/1910 1912/1912/1912 1913/1913/1913
f 1913/1913/1913 1911/1911/1911 1910/1910/1910
f 1914/1914/1914 1915/1915/1915 1916/1916/1916
f 1916/1916/1916 1917/1917/1917 1914/1914/1914
f 1915/1915/1915 1886/1886/1886 1889/1889/1889
f 1889/1889/1889 1916/1916/1916 1915/1915/1915
f 1918/1918/1918 1919/1919/1919 1920/1920/1920
f 1920/1920/1920 1921/1921/1921 1918/1918/1918
f 1922/1922/1922 1923/1923/1923 1924/1924/1924
f 1924/1924/1924 1925/1925/1925 1922/1922/1922
f 1923/1923/1923 1926/1926/1926 1927/1927/1927
f 1927/1927/1927 1924/1924/1924 1923/1923/1923
f 1926/1926/1926 1928/1928/1928 1929/1929/1929
f 1929/1929/1929 1927/1927/1927 1926/1926/1926
f 1930/1930/1930 1931/1931/1931 1932/1932/1932
f 1932/1932/1932 1933/1933/1933 1930/1930/1930
f 1931/1931/1931 1934/1934/1934 1935/1935/1935
f 1935/1935/1935 1932/1932/1932 1931/1931/1931
f 1934/1934/1934 1936/1936/1936 1937/1937/1937
f 1937/1937/1937 1935/1935/1935 1934/1934/1934
f 1938/1938/1938 1939/1939/1939 1940/1940/1940
f 1940/1940/1940 1941/1941/1941 1938/1938/1938
f 1939/1939/1939 1942/1942/1942 1943/1943/1943
f 1943/1943/1943 1940/1940/1940 1939/1939/1939
f 1942/1942/1942 1944/1944/1944 1945/1945/1945
f 1945/1945/1945 1943/1943/1943 1942/1942/1942
f 1946/1946/1946 1947/1947/1947 1948/1948/1948
f 1948/1948/1948 1949/1949/1949 1946/1946/1946
f 1947/1947/1947 1918/1918/1918 1921/1921/1921
f 1921/1921/1921 1948/1948/1948 1947/1947/1947
f 1950/1950/1950 1951/1951/1951 1952/1952/1952
f 1952/1952/1952 1953/1953/1953 1950/1950/1950
f 1953/1953/1953 1952/1952/1952 1954/1954/1954
f 1954/1954/1954 1955/1955/1955 1953/1953/1953
f 1956/1956/1956 1955/1955/1955 1954/1954/1954
f 1954/1954/1954 1957/1957/1957 1956/1956/1956
f 1956/1956/1956 1957/1957/1957 1958/1958/1958
f 1958/1958/1958 1959/1959/1959 1956/1956/1956
f 1959/1959/1959 1958/1958/1958 1960/1960/1960
f 1960/1960/1960 1961/1961/1961 1959/1959/1959
f 1961/1961/1961 1960/1960/1960 1962/1962/1962
f 1962/1962/1962 1963/1963/1963 1961/1961/1961
f 1963/1963/1963 1962/1962/1962 1964/1964/1964
f 1964/1964/1964 1965/1965/1965 1963/1963/1963
f 1965/1965/1965 1964/1964/1964 1966/1966/1966
f 1966/1966/1966 1967/1967/1967 1965/1965/1965
f 1967/1967/1967 1966/1966/1966 1968/1968/1968
f 1968/1968/1968 1969/1969/1969 1967/1967/1967
f 1969/1969/1969 1968/1968/1968 1970/1970/1970
f 1970/1970/1970 1459/1459/1459 1969/1969/1969
f 1459/1459/1459 1970/1970/1970 1971/1971/1971
f 1971/1971/1971 1460/1460/1460 1459/1459/1459
f 1460/1460/1460 1971/1971/1971 1972/1972/1972
f 1972/1972/1972 1475/1475/1475 1460/1460/1460
f 1475/1475/1475 1972/1972/1972 1973/1973/1973
f 1973/1973/1973 1490/1490/1490 1475/1475/1475
f 1490/1490/1490 1973/1973/1973 1292/1292/1292
f 1292/1292/1292 1291/1291/1291 1490/1490/1490
f 1322/1322/1322 1974/1974/1974 1311/1311/1311
f 1311/1311/1311 1309/1309/1309 1322/1322/1322
f 1975/1975/1975 1976/1976/1976 1315/1315/1315
f 1315/1315/1315 1314/1314/1314 1975/1975/1975
f 1335/1335/1335 1977/1977/1977 1974/1974/1974
f 1974/1974/1974 1322/1322/1322 1335/1335/1335
f 1978/1978/1978 1979/1979/1979 1976/1976/1976
f 1976/1976/1976 1975/1975/1975 1978/1978/1978
f 1335/1335/1335 1347/1347/1347 1980/1980/1980
f 1980/1980/1980 1977/1977/1977 1335/1335/1335
f 1981/1981/1981 1982/1982/1982 1979/1979/1979
f 1979/1979/1979 1978/1978/1978 1981/1981/1981
f 1347/1347/1347 1360/1360/1360 1983/1983/1983
f 1983/1983/1983 1980/1980/1980 1347/1347/1347
f 1984/1984/1984 1985/1985/1985 1982/1982/1982
f 1982/1982/1982 1981/1981/1981 1984/1984/1984
f 1360/1360/1360 1373/1373/1373 1986/1986/1986
f 1986/1986/1986 1983/1983/1983 1360/1360/1360
f 1984/1984/1984 1987/1987/1987 1988/1988/1988
f 1988/1988/1988 1985/1985/1985 1984/1984/1984
f 1373/1373/1373 1386/1386/1386 1989/1989/1989
f 1989/1989/1989 1986/1986/1986 1373/1373/1373
f 1990/1990/1990 1991/1991/1991 1988/1988/1988
f 1988/1988/1988 1987/1987/1987 1990/1990/1990
f 1386/1386/1386 1399/1399/1399 1992/1992/1992
f 1992/1992/1992 1989/1989/1989 1386/1386/1386
f 1993/1993/1993 1994/1994/1994 1991/1991/1991
f 1991/1991/1991 1990/1990/1990 1993/1993/1993
f 1399/1399/1399 1412/1412/1412 1995/1995/1995
f 1995/1995/1995 1992/1992/1992 1399/1399/1399
f 1993/1993/1993 1996/1996/1996 1997/1997/1997
f 1997/1997/1997 1994/1994/1994 1993/1993/1993
f 1412/1412/1412 1425/1425/1425 1998/1998/1998
f 1998/1998/1998 1995/1995/1995 1412/1412/1412
f 1999/1999/1999 2000/2000/2000 1997/1997/1997
f 1997/1997/1997 1996/1996/1996 1999/1999/1999
f 2001/2001/2001 2002/2002/2002 2003/2003/2003
f 2003/2003/2003 1999/1999/1999 2001/2001/2001
f 2003/2003/2003 2004/2004/2004 2000/2000/2000
f 2000/2000/2000 1999/1999/1999 2003/2003/2003
f 2002/2002/2002 2005/2005/2005 2006/2006/2006
f 2006/2006/2006 2003/2003/2003 2002/2002/2002
f 2006/2006/2006 2007/2007/2007 2004/2004/2004
f 2004/2004/2004 2003/2003/2003 2006/2006/2006
f 2005/2005/2005 2008/2008/2008 2009/2009/2009
f 2009/2009/2009 2006/2006/2006 2005/2005/2005
f 2009/2009/2009 2010/2010/2010 2007/2007/2007
f 2007/2007/2007 2006/2006/2006 2009/2009/2009
f 2008/2008/2008 2011/2011/2011 2012/2012/2012
f 2012/2012/2012 2009/2009/2009 2008/2008/2008
f 2012/2012/2012 2013/2013/2013 2010/2010/2010
f 2010/2010/2010 2009/2009/2009 2012/2012/2012
f 2011/2011/2011 2014/2014/2014 2015/2015/2015
f 2015/2015/2015 2012/2012/2012 2011/2011/2011
f 2015/2015/2015 2016/2016/2016 2013/2013/2013
f 2013/2013/2013 2012/2012/2012 2015/2015/2015
f 2017/2017/2017 2018/2018/2018 2019/2019/2019
f 2020/2020/2020 2021/2021/2021 2022/2022/2022
f 2023/2023/2023 2024/2024/2024 2025/2025/2025
f 2026/2026/2026 2027/2027/2027 2028/2028/2028
f 2029/2029/2029 2030/2030/2030 2031/2031/2031
f 2032/2032/2032 2033/2033/2033 2034/2034/2034
f 2035/2035/2035 2036/2036/2036 2037/2037/2037
f 2038/2038/2038 2039/2039/2039 2040/2040/2040
f 2041/2041/2041 2042/2042/2042 2043/2043/2043
f 2044/2044/2044 2045/2045/2045 2046/2046/2046
f 2047/2047/2047 2048/2048/2048 2049/2049/2049
f 2050/2050/2050 2051/2051/2051 2052/2052/2052
f 2053/2053/2053 2054/2054/2054 2055/2055/2055
f 2056/2056/2056 2057/2057/2057 2058/2058/2058
f 2059/2059/2059 2060/2060/2060 2061/2061/2061
f 2062/2062/2062 2063/2063/2063 2064/2064/2064
f 2065/2065/2065 2066/2066/2066 2067/2067/2067
f 2068/2068/2068 2069/2069/2069 2070/2070/2070
f 2071/2071/2071 1293/1293/1293 1292/1292/1292
f 1292/1292/1292 2072/2072/2072 2071/2071/2071
f 2071/2071/2071 2072/2072/2072 2073/2073/2073
f 2073/2073/2073 2074/2074/2074 2071/2071/2071
f 2075/2075/2075 2076/2076/2076 2077/2077/2077
f 2077/2077/2077 2078/2078/2078 2075/2075/2075
f 2078/2078/2078 2077/2077/2077 2079/2079/2079
f 2079/2079/2079 2080/2080/2080 2078/2078/2078
f 2081/2081/2081 2082/2082/2082 2083/2083/2083
f 2083/2083/2083 2084/2084/2084 2081/2081/2081
f 2085/2085/2085 2086/2086/2086 2082/2082/2082
f 2082/2082/2082 2081/2081/2081 2085/2085/2085
f 2087/2087/2087 2088/2088/2088 2086/2086/2086
f 2086/2086/2086 2085/2085/2085 2087/2087/2087
f 2089/2089/2089 2090/2090/2090 2088/2088/2088
f 2088/2088/2088 2087/2087/2087 2089/2089/2089
f 1312/1312/1312 1315/1315/1315 2091/2091/2091
f 2091/2091/2091 2092/2092/2092 1312/1312/1312
f 2093/2093/2093 2094/2094/2094 2095/2095/2095
f 2095/2095/2095 2096/2096/2096 2093/2093/2093
f 2096/2096/2096 2095/2095/2095 2097/2097/2097
f 2097/2097/2097 2098/2098/2098 2096/2096/2096
f 2098/2098/2098 2097/2097/2097 2088/2088/2088
f 2088/2088/2088 2099/2099/2099 2098/2098/2098
f 2083/2083/2083 2100/2100/2100 2101/2101/2101
f 2101/2101/2101 2084/2084/2084 2083/2083/2083
f 2100/2100/2100 2102/2102/2102 2103/2103/2103
f 2103/2103/2103 2101/2101/2101 2100/2100/2100
f 2103/2103/2103 2102/2102/2102 2104/2104/2104
f 2104/2104/2104 2105/2105/2105 2103/2103/2103
f 2106/2106/2106 2107/2107/2107 2108/2108/2108
f 2108/2108/2108 2109/2109/2109 2106/2106/2106
f 2107/2107/2107 2110/2110/2110 2111/2111/2111
f 2111/2111/2111 2108/2108/2108 2107/2107/2107
f 2110/2110/2110 2099/2099/2099 2112/2112/2112
f 2112/2112/2112 2111/2111/2111 2110/2110/2110
f 2094/2094/2094 2093/2093/2093 2113/2113/2113
f 2113/2113/2113 2114/2114/2114 2094/2094/2094
f 2114/2114/2114 2113/2113/2113 2115/2115/2115
f 2115/2115/2115 2116/2116/2116 2114/2114/2114
f 2116/2116/2116 2115/2115/2115 2117/2117/2117
f 2117/2117/2117 2104/2104/2104 2116/2116/2116
f 2118/2118/2118 2119/2119/2119 2120/2120/2120
f 2120/2120/2120 2121/2121/2121 2118/2118/2118
f 2119/2119/2119 2122/2122/2122 2123/2123/2123
f 2123/2123/2123 2120/2120/2120 2119/2119/2119
f 2122/2122/2122 2112/2112/2112 2124/2124/2124
f 2124/2124/2124 2123/2123/2123 2122/2122/2122
f 2106/2106/2106 2109/2109/2109 2125/2125/2125
f 2125/2125/2125 2126/2126/2126 2106/2106/2106
f 2126/2126/2126 2125/2125/2125 2127/2127/2127
f 2127/2127/2127 2128/2128/2128 2126/2126/2126
f 2128/2128/2128 2127/2127/2127 2129/2129/2129
f 2129/2129/2129 2130/2130/2130 2128/2128/2128
f 2131/2131/2131 2132/2132/2132 2133/2133/2133
f 2133/2133/2133 2134/2134/2134 2131/2131/2131
f 2132/2132/2132 2135/2135/2135 2136/2136/2136
f 2136/2136/2136 2133/2133/2133 2132/2132/2132
f 2135/2135/2135 2124/2124/2124 2137/2137/2137
f 2137/2137/2137 2136/2136/2136 2135/2135/2135
f 2121/2121/2121 2138/2138/2138 2139/2139/2139
f 2139/2139/2139 2118/2118/2118 2121/2121/2121
f 2138/2138/2138 2140/2140/2140 2141/2141/2141
f 2141/2141/2141 2139/2139/2139 2138/2138/2138
f 2141/2141/2141 2140/2140/2140 2142/2142/2142
f 2142/2142/2142 2143/2143/2143 2141/2141/2141
f 2144/2144/2144 2145/2145/2145 2146/2146/2146
f 2146/2146/2146 2147/2147/2147 2144/2144/2144
f 2145/2145/2145 2148/2148/2148 2149/2149/2149
f 2149/2149/2149 2146/2146/2146 2145/2145/2145
f 2148/2148/2148 2137/2137/2137 2150/2150/2150
f 2150/2150/2150 2149/2149/2149 2148/2148/2148
f 2134/2134/2134 2151/2151/2151 2152/2152/2152
f 2152/2152/2152 2131/2131/2131 2134/2134/2134
f 2151/2151/2151 2153/2153/2153 2154/2154/2154
f 2154/2154/2154 2152/2152/2152 2151/2151/2151
f 2154/2154/2154 2153/2153/2153 2155/2155/2155
f 2155/2155/2155 2156/2156/2156 2154/2154/2154
f 2157/2157/2157 2158/2158/2158 2159/2159/2159
f 2159/2159/2159 2160/2160/2160 2157/2157/2157
f 2158/2158/2158 2161/2161/2161 2162/2162/2162
f 2162/2162/2162 2159/2159/2159 2158/2158/2158
f 2161/2161/2161 2150/2150/2150 2163/2163/2163
f 2163/2163/2163 2162/2162/2162 2161/2161/2161
f 2147/2147/2147 2164/2164/2164 2165/2165/2165
f 2165/2165/2165 2144/2144/2144 2147/2147/2147
f 2164/2164/2164 2166/2166/2166 2167/2167/2167
f 2167/2167/2167 2165/2165/2165 2164/2164/2164
f 2167/2167/2167 2166/2166/2166 2168/2168/2168
f 2168/2168/2168 2169/2169/2169 2167/2167/2167
f 2170/2170/2170 2171/2171/2171 2172/2172/2172
f 2172/2172/2172 2173/2173/2173 2170/2170/2170
f 2171/2171/2171 2174/2174/2174 2175/2175/2175
f 2175/2175/2175 2172/2172/2172 2171/2171/2171
f 2174/2174/2174 2163/2163/2163 2176/2176/2176
f 2176/2176/2176 2175/2175/2175 2174/2174/2174
f 2160/2160/2160 2177/2177/2177 2178/2178/2178
f 2178/2178/2178 2157/2157/2157 2160/2160/2160
f 2178/2178/2178 2177/2177/2177 2179/2179/2179
f 2179/2179/2179 2180/2180/2180 2178/2178/2178
f 2180/2180/2180 2179/2179/2179 2181/2181/2181
f 2181/2181/2181 2182/2182/2182 2180/2180/2180
f 2183/2183/2183 2184/2184/2184 2185/2185/2185
f 2185/2185/2185 2186/2186/2186 2183/2183/2183
f 2184/2184/2184 2187/2187/2187 2188/2188/2188
f 2188/2188/2188 2185/2185/2185 2184/2184/2184
f 2187/2187/2187 2176/2176/2176 2189/2189/2189
f 2189/2189/2189 2188/2188/2188 2187/2187/2187
f 2173/2173/2173 2190/2190/2190 2191/2191/2191
f 2191/2191/2191 2170/2170/2170 2173/2173/2173
f 2190/2190/2190 2192/2192/2192 2193/2193/2193
f 2193/2193/2193 2191/2191/2191 2190/2190/2190
f 2193/2193/2193 2192/2192/2192 2194/2194/2194
f 2194/2194/2194 2195/2195/2195 2193/2193/2193
f 2196/2196/2196 2197/2197/2197 2198/2198/2198
f 2198/2198/2198 2199/2199/2199 2196/2196/2196
f 2197/2197/2197 2200/2200/2200 2201/2201/2201
f 2201/2201/2201 2198/2198/2198 2197/2197/2197
f 2200/2200/2200 2189/2189/2189 2202/2202/2202
f 2202/2202/2202 2201/2201/2201 2200/2200/2200
f 2186/2186/2186 2203/2203/2203 2204/2204/2204
f 2204/2204/2204 2183/2183/2183 2186/2186/2186
f 2203/2203/2203 2205/2205/2205 2206/2206/2206
f 2206/2206/2206 2204/2204/2204 2203/2203/2203
f 2206/2206/2206 2205/2205/2205 2207/2207/2207
f 2207/2207/2207 2208/2208/2208 2206/2206/2206
f 2209/2209/2209 2210/2210/2210 2211/2211/2211
f 2211/2211/2211 2212/2212/2212 2209/2209/2209
f 2210/2210/2210 2213/2213/2213 2214/2214/2214
f 2214/2214/2214 2211/2211/2211 2210/2210/2210
f 2213/2213/2213 2215/2215/2215 2216/2216/2216
f 2216/2216/2216 2214/2214/2214 2213/2213/2213
f 2199/2199/2199 2217/2217/2217 2218/2218/2218
f 2218/2218/2218 2196/2196/2196 2199/2199/2199
f 2217/2217/2217 2219/2219/2219 2220/2220/2220
f 2220/2220/2220 2218/2218/2218 2217/2217/2217
f 2220/2220/2220 2219/2219/2219 2221/2221/2221
f 2221/2221/2221 2222/2222/2222 2220/2220/2220
f 2223/2223/2223 2224/2224/2224 2225/2225/2225
f 2225/2225/2225 2226/2226/2226 2223/2223/2223
f 2224/2224/2224 2227/2227/2227 2228/2228/2228
f 2228/2228/2228 2225/2225/2225 2224/2224/2224
f 2227/2227/2227 2229/2229/2229 2230/2230/2230
f 2230/2230/2230 2228/2228/2228 2227/2227/2227
f 2212/2212/2212 2231/2231/2231 2232/2232/2232
f 2232/2232/2232 2209/2209/2209 2212/2212/2212
f 2231/2231/2231 2233/2233/2233 2234/2234/2234
f 2234/2234/2234 2232/2232/2232 2231/2231/2231
f 2235/2235/2235 2236/2236/2236 2237/2237/2237
f 2237/2237/2237 2238/2238/2238 2235/2235/2235
f 2239/2239/2239 2240/2240/2240 2241/2241/2241
f 2241/2241/2241 2242/2242/2242 2239/2239/2239
f 2240/2240/2240 2243/2243/2243 2244/2244/2244
f 2244/2244/2244 2241/2241/2241 2240/2240/2240
f 2243/2243/2243 2245/2245/2245 2246/2246/2246
f 2246/2246/2246 2244/2244/2244 2243/2243/2243
f 2223/2223/2223 2226/2226/2226 2247/2247/2247
f 2247/2247/2247 2248/2248/2248 2223/2223/2223
f 2248/2248/2248 2247/2247/2247 2249/2249/2249
f 2249/2249/2249 2250/2250/2250 2248/2248/2248
f 2251/2251/2251 2252/2252/2252 2253/2253/2253
f 2253/2253/2253 2237/2237/2237 2251/2251/2251
f 2254/2254/2254 2255/2255/2255 2256/2256/2256
f 2256/2256/2256 2257/2257/2257 2254/2254/2254
f 2255/2255/2255 2258/2258/2258 2259/2259/2259
f 2259/2259/2259 2256/2256/2256 2255/2255/2255
f 2258/2258/2258 2260/2260/2260 2261/2261/2261
f 2261/2261/2261 2259/2259/2259 2258/2258/2258
f 2239/2239/2239 2242/2242/2242 2262/2262/2262
f 2262/2262/2262 2263/2263/2263 2239/2239/2239
f 2263/2263/2263 2262/2262/2262 2264/2264/2264
f 2264/2264/2264 2265/2265/2265 2263/2263/2263
f 2266/2266/2266 2267/2267/2267 2268/2268/2268
f 2268/2268/2268 2253/2253/2253 2266/2266/2266
f 2079/2079/2079 2269/2269/2269 2270/2270/2270
f 2270/2270/2270 2080/2080/2080 2079/2079/2079
f 2269/2269/2269 2271/2271/2271 2272/2272/2272
f 2272/2272/2272 2270/2270/2270 2269/2269/2269
f 2272/2272/2272 2271/2271/2271 2273/2273/2273
f 2273/2273/2273 2274/2274/2274 2272/2272/2272
f 2257/2257/2257 2275/2275/2275 2276/2276/2276
f 2276/2276/2276 2254/2254/2254 2257/2257/2257
f 2275/2275/2275 2277/2277/2277 2278/2278/2278
f 2278/2278/2278 2276/2276/2276 2275/2275/2275
f 2279/2279/2279 2280/2280/2280 2072/2072/2072
f 2072/2072/2072 2268/2268/2268 2279/2279/2279
f 2281/2281/2281 2282/2282/2282 2283/2283/2283
f 2283/2283/2283 2284/2284/2284 2281/2281/2281
f 2285/2285/2285 2286/2286/2286 2287/2287/2287
f 2287/2287/2287 2288/2288/2288 2285/2285/2285
f 2288/2288/2288 2287/2287/2287 2289/2289/2289
f 2289/2289/2289 2290/2290/2290 2288/2288/2288
f 2290/2290/2290 2289/2289/2289 2291/2291/2291
f 2291/2291/2291 2292/2292/2292 2290/2290/2290
f 2293/2293/2293 2294/2294/2294 2295/2295/2295
f 2295/2295/2295 2296/2296/2296 2293/2293/2293
f 2296/2296/2296 2295/2295/2295 2297/2297/2297
f 2297/2297/2297 2298/2298/2298 2296/2296/2296
f 2298/2298/2298 2297/2297/2297 2299/2299/2299
f 2299/2299/2299 2300/2300/2300 2298/2298/2298
f 2300/2300/2300 2299/2299/2299 2301/2301/2301
f 2301/2301/2301 2302/2302/2302 2300/2300/2300
f 2302/2302/2302 2301/2301/2301 2303/2303/2303
f 2303/2303/2303 2304/2304/2304 2302/2302/2302
f 2304/2304/2304 2303/2303/2303 2305/2305/2305
f 2305/2305/2305 2306/2306/2306 2304/2304/2304
f 2307/2307/2307 2308/2308/2308 2309/2309/2309
f 2309/2309/2309 2310/2310/2310 2307/2307/2307
f 2310/2310/2310 2309/2309/2309 2282/2282/2282
f 2282/2282/2282 2281/2281/2281 2310/2310/2310
f 2311/2311/2311 2312/2312/2312 2313/2313/2313
f 2313/2313/2313 2314/2314/2314 2311/2311/2311
f 2315/2315/2315 2316/2316/2316 2317/2317/2317
f 2317/2317/2317 2318/2318/2318 2315/2315/2315
f 2318/2318/2318 2317/2317/2317 2319/2319/2319
f 2319/2319/2319 2320/2320/2320 2318/2318/2318
f 2320/2320/2320 2319/2319/2319 2321/2321/2321
f 2321/2321/2321 2322/2322/2322 2320/2320/2320
f 2323/2323/2323 2324/2324/2324 2325/2325/2325
f 2325/2325/2325 2326/2326/2326 2323/2323/2323
f 2326/2326/2326 2325/2325/2325 2327/2327/2327
f 2327/2327/2327 2328/2328/2328 2326/2326/2326
f 2328/2328/2328 2327/2327/2327 2329/2329/2329
f 2329/2329/2329 2330/2330/2330 2328/2328/2328
f 2331/2331/2331 2332/2332/2332 2333/2333/2333
f 2333/2333/2333 2334/2334/2334 2331/2331/2331
f 2334/2334/2334 2333/2333/2333 2335/2335/2335
f 2335/2335/2335 2336/2336/2336 2334/2334/2334
f 2336/2336/2336 2335/2335/2335 2337/2337/2337
f 2337/2337/2337 2338/2338/2338 2336/2336/2336
f 2339/2339/2339 2340/2340/2340 2341/2341/2341
f 2341/2341/2341 2342/2342/2342 2339/2339/2339
f 2342/2342/2342 2341/2341/2341 2312/2312/2312
f 2312/2312/2312 2311/2311/2311 2342/2342/2342
f 2343/2343/2343 2344/2344/2344 2345/2345/2345
f 2345/2345/2345 2346/2346/2346 2343/2343/2343
f 2347/2347/2347 2348/2348/2348 2349/2349/2349
f 2349/2349/2349 2350/2350/2350 2347/2347/2347
f 2350/2350/2350 2349/2349/2349 2351/2351/2351
f 2351/2351/2351 2352/2352/2352 2350/2350/2350
f 2352/2352/2352 2351/2351/2351 2353/2353/2353
f 2353/2353/2353 2354/2354/2354 2352/2352/2352
f 2355/2355/2355 2356/2356/2356 2357/2357/2357
f 2357/2357/2357 2358/2358/2358 2355/2355/2355
f 2358/2358/2358 2357/2357/2357 2359/2359/2359
f 2359/2359/2359 2360/2360/2360 2358/2358/2358
f 2360/2360/2360 2359/2359/2359 2361/2361/2361
f 2361/2361/2361 2362/2362/2362 2360/2360/2360
f 2363/2363/2363 2364/2364/2364 2365/2365/2365
f 2365/2365/2365 2366/2366/2366 2363/2363/2363
f 2366/2366/2366 2365/2365/2365 2367/2367/2367
f 2367/2367/2367 2368/2368/2368 2366/2366/2366
f 2368/2368/2368 2367/2367/2367 2369/2369/2369
f 2369/2369/2369 2370/2370/2370 2368/2368/2368
f 2371/2371/2371 2372/2372/2372 2373/2373/2373
f 2373/2373/2373 2374/2374/2374 2371/2371/2371
f 2374/2374/2374 2373/2373/2373 2344/2344/2344
f 2344/2344/2344 2343/2343/2343 2374/2374/2374
f 2375/2375/2375 2376/2376/2376 2377/2377/2377
f 2377/2377/2377 2378/2378/2378 2375/2375/2375
f 2379/2379/2379 2380/2380/2380 2381/2381/2381
f 2381/2381/2381 2382/2382/2382 2379/2379/2379
f 2382/2382/2382 2381/2381/2381 2383/2383/2383
f 2383/2383/2383 2384/2384/2384 2382/2382/2382
f 2384/2384/2384 2383/2383/2383 2385/2385/2385
f 2385/2385/2385 2386/2386/2386 2384/2384/2384
f 2387/2387/2387 2388/2388/2388 2389/2389/2389
f 2389/2389/2389 2390/2390/2390 2387/2387/2387
f 2390/2390/2390 2389/2389/2389 2391/2391/2391
f 2391/2391/2391 2392/2392/2392 2390/2390/2390
f 2392/2392/2392 2391/2391/2391 2393/2393/2393
f 2393/2393/2393 2394/2394/2394 2392/2392/2392
f 2395/2395/2395 2396/2396/2396 2397/2397/2397
f 2397/2397/2397 2398/2398/2398 2395/2395/2395
f 2398/2398/2398 2397/2397/2397 2399/2399/2399
f 2399/2399/2399 2400/2400/2400 2398/2398/2398
f 2400/2400/2400 2399/2399/2399 2401/2401/2401
f 2401/2401/2401 2402/2402/2402 2400/2400/2400
f 2403/2403/2403 2404/2404/2404 2405/2405/2405
f 2405/2405/2405 2406/2406/2406 2403/2403/2403
f 2406/2406/2406 2405/2405/2405 2376/2376/2376
f 2376/2376/2376 2375/2375/2375 2406/2406/2406
f 2407/2407/2407 2408/2408/2408 2409/2409/2409
f 2409/2409/2409 2410/2410/2410 2407/2407/2407
f 2411/2411/2411 2412/2412/2412 2413/2413/2413
f 2413/2413/2413 2414/2414/2414 2411/2411/2411
f 2414/2414/2414 2413/2413/2413 2415/2415/2415
f 2415/2415/2415 2416/2416/2416 2414/2414/2414
f 2416/2416/2416 2415/2415/2415 2417/2417/2417
f 2417/2417/2417 2418/2418/2418 2416/2416/2416
f 2419/2419/2419 2420/2420/2420 2421/2421/2421
f 2421/2421/2421 2422/2422/2422 2419/2419/2419
f 2422/2422/2422 2421/2421/2421 2423/2423/2423
f 2423/2423/2423 2424/2424/2424 2422/2422/2422
f 2424/2424/2424 2423/2423/2423 2425/2425/2425
f 2425/2425/2425 2426/2426/2426 2424/2424/2424
f 2427/2427/2427 2428/2428/2428 2429/2429/2429
f 2429/2429/2429 2430/2430/2430 2427/2427/2427
f 2430/2430/2430 2429/2429/2429 2431/2431/2431
f 2431/2431/2431 2432/2432/2432 2430/2430/2430
f 2432/2432/2432 2431/2431/2431 2433/2433/2433
f 2433/2433/2433 2434/2434/2434 2432/2432/2432
f 2435/2435/2435 2436/2436/2436 2437/2437/2437
f 2437/2437/2437 2438/2438/2438 2435/2435/2435
f 2438/2438/2438 2437/2437/2437 2408/2408/2408
f 2408/2408/2408 2407/2407/2407 2438/2438/2438
f 2439/2439/2439 2440/2440/2440 2441/2441/2441
f 2441/2441/2441 2442/2442/2442 2439/2439/2439
f 2443/2443/2443 2444/2444/2444 2445/2445/2445
f 2445/2445/2445 2446/2446/2446 2443/2443/2443
f 2446/2446/2446 2445/2445/2445 2447/2447/2447
f 2447/2447/2447 2448/2448/2448 2446/2446/2446
f 2448/2448/2448 2447/2447/2447 2449/2449/2449
f 2449/2449/2449 2450/2450/2450 2448/2448/2448
f 2451/2451/2451 2452/2452/2452 2453/2453/2453
f 2453/2453/2453 2454/2454/2454 2451/2451/2451
f 2454/2454/2454 2453/2453/2453 2455/2455/2455
f 2455/2455/2455 2456/2456/2456 2454/2454/2454
f 2456/2456/2456 2455/2455/2455 2457/2457/2457
f 2457/2457/2457 2458/2458/2458 2456/2456/2456
f 2459/2459/2459 2460/2460/2460 2461/2461/2461
f 2461/2461/2461 2462/2462/2462 2459/2459/2459
f 2462/2462/2462 2461/2461/2461 2463/2463/2463
f 2463/2463/2463 2464/2464/2464 2462/2462/2462
f 2464/2464/2464 2463/2463/2463 2465/2465/2465
f 2465/2465/2465 2466/2466/2466 2464/2464/2464
f 2467/2467/2467 2468/2468/2468 2469/2469/2469
f 2469/2469/2469 2470/2470/2470 2467/2467/2467
f 2470/2470/2470 2469/2469/2469 2440/2440/2440
f 2440/2440/2440 2439/2439/2439 2470/2470/2470
f 2471/2471/2471 2472/2472/2472 2473/2473/2473
f 2473/2473/2473 2474/2474/2474 2471/2471/2471
f 2475/2475/2475 2476/2476/2476 2477/2477/2477
f 2477/2477/2477 2478/2478/2478 2475/2475/2475
f 2478/2478/2478 2477/2477/2477 2479/2479/2479
f 2479/2479/2479 2480/2480/2480 2478/2478/2478
f 2480/2480/2480 2479/2479/2479 2481/2481/2481
f 2481/2481/2481 2482/2482/2482 2480/2480/2480
f 2483/2483/2483 2484/2484/2484 2485/2485/2485
f 2485/2485/2485 2486/2486/2486 2483/2483/2483
f 2486/2486/2486 2485/2485/2485 2487/2487/2487
f 2487/2487/2487 2488/2488/2488 2486/2486/2486
f 2488/2488/2488 2487/2487/2487 2489/2489/2489
f 2489/2489/2489 2490/2490/2490 2488/2488/2488
f 2491/2491/2491 2492/2492/2492 2493/2493/2493
f 2493/2493/2493 2494/2494/2494 2491/2491/2491
f 2494/2494/2494 2493/2493/2493 2495/2495/2495
f 2495/2495/2495 2496/2496/2496 2494/2494/2494
f 2496/2496/2496 2495/2495/2495 2497/2497/2497
f 2497/2497/2497 2498/2498/2498 2496/2496/2496
f 2499/2499/2499 2500/2500/2500 2501/2501/2501
f 2501/2501/2501 2502/2502/2502 2499/2499/2499
f 2502/2502/2502 2501/2501/2501 2472/2472/2472
f 2472/2472/2472 2471/2471/2471 2502/2502/2502
f 2503/2503/2503 2504/2504/2504 2505/2505/2505
f 2505/2505/2505 2506/2506/2506 2503/2503/2503
f 2507/2507/2507 2508/2508/2508 2509/2509/2509
f 2509/2509/2509 2510/2510/2510 2507/2507/2507
f 2510/2510/2510 2509/2509/2509 2511/2511/2511
f 2511/2511/2511 2512/2512/2512 2510/2510/2510
f 2512/2512/2512 2511/2511/2511 2513/2513/2513
f 2513/2513/2513 2514/2514/2514 2512/2512/2512
f 2515/2515/2515 2516/2516/2516 2517/2517/2517
f 2517/2517/2517 2518/2518/2518 2515/2515/2515
f 2518/2518/2518 2517/2517/2517 2519/2519/2519
f 2519/2519/2519 2520/2520/2520 2518/2518/2518
f 2520/2520/2520 2519/2519/2519 2521/2521/2521
f 2521/2521/2521 2522/2522/2522 2520/2520/2520
f 2523/2523/2523 2524/2524/2524 2525/2525/2525
f 2525/2525/2525 2526/2526/2526 2523/2523/2523
f 2526/2526/2526 2525/2525/2525 2527/2527/2527
f 2527/2527/2527 2528/2528/2528 2526/2526/2526
f 2528/2528/2528 2527/2527/2527 2529/2529/2529
f 2529/2529/2529 2530/2530/2530 2528/2528/2528
f 2531/2531/2531 2532/2532/2532 2533/2533/2533
f 2533/2533/2533 2534/2534/2534 2531/2531/2531
f 2534/2534/2534 2533/2533/2533 2504/2504/2504
f 2504/2504/2504 2503/2503/2503 2534/2534/2534
f 2535/2535/2535 2536/2536/2536 2537/2537/2537
f 2537/2537/2537 2538/2538/2538 2535/2535/2535
f 2539/2539/2539 2540/2540/2540 2541/2541/2541
f 2541/2541/2541 2542/2542/2542 2539/2539/2539
f 2542/2542/2542 2541/2541/2541 2543/2543/2543
f 2543/2543/2543 2544/2544/2544 2542/2542/2542
f 2544/2544/2544 2543/2543/2543 2545/2545/2545
f 2545/2545/2545 2546/2546/2546 2544/2544/2544
f 2547/2547/2547 2548/2548/2548 2549/2549/2549
f 2549/2549/2549 2550/2550/2550 2547/2547/2547
f 2550/2550/2550 2549/2549/2549 2551/2551/2551
f 2551/2551/2551 2552/2552/2552 2550/2550/2550
f 2552/2552/2552 2551/2551/2551 2553/2553/2553
f 2553/2553/2553 2554/2554/2554 2552/2552/2552
f 2555/2555/2555 2556/2556/2556 2557/2557/2557
f 2557/2557/2557 2558/2558/2558 2555/2555/2555
f 2558/2558/2558 2557/2557/2557 2559/2559/2559
f 2559/2559/2559 2560/2560/2560 2558/2558/2558
f 2560/2560/2560 2559/2559/2559 2561/2561/2561
f 2561/2561/2561 2562/2562/2562 2560/2560/2560
f 2563/2563/2563 2564/2564/2564 2565/2565/2565
f 2565/2565/2565 2566/2566/2566 2563/2563/2563
f 2566/2566/2566 2565/2565/2565 2536/2536/2536
f 2536/2536/2536 2535/2535/2535 2566/2566/2566
f 2567/2567/2567 2568/2568/2568 2569/2569/2569
f 2569/2569/2569 2570/2570/2570 2567/2567/2567
f 2571/2571/2571 2572/2572/2572 2573/2573/2573
f 2573/2573/2573 2574/2574/2574 2571/2571/2571
f 2574/2574/2574 2573/2573/2573 2575/2575/2575
f 2575/2575/2575 2576/2576/2576 2574/2574/2574
f 2576/2576/2576 2575/2575/2575 2577/2577/2577
f 2577/2577/2577 2578/2578/2578 2576/2576/2576
f 2579/2579/2579 2580/2580/2580 2581/2581/2581
f 2581/2581/2581 2582/2582/2582 2579/2579/2579
f 2582/2582/2582 2581/2581/2581 2583/2583/2583
f 2583/2583/2583 2584/2584/2584 2582/2582/2582
f 2584/2584/2584 2583/2583/2583 2585/2585/2585
f 2585/2585/2585 2586/2586/2586 2584/2584/2584
f 2587/2587/2587 2588/2588/2588 2589/2589/2589
f 2589/2589/2589 2590/2590/2590 2587/2587/2587
f 2590/2590/2590 2589/2589/2589 2591/2591/2591
f 2591/2591/2591 2592/2592/2592 2590/2590/2590
f 2592/2592/2592 2591/2591/2591 2593/2593/2593
f 2593/2593/2593 2594/2594/2594 2592/2592/2592
f 2595/2595/2595 2596/2596/2596 2597/2597/2597
f 2597/2597/2597 2598/2598/2598 2595/2595/2595
f 2598/2598/2598 2597/2597/2597 2568/2568/2568
f 2568/2568/2568 2567/2567/2567 2598/2598/2598
f 2599/2599/2599 2600/2600/2600 2601/2601/2601
f 2601/2601/2601 2602/2602/2602 2599/2599/2599
f 2603/2603/2603 2604/2604/2604 2605/2605/2605
f 2605/2605/2605 2606/2606/2606 2603/2603/2603
f 2606/2606/2606 2605/2605/2605 2607/2607/2607
f 2607/2607/2607 2608/2608/2608 2606/2606/2606
f 2608/2608/2608 2607/2607/2607 2609/2609/2609
f 2609/2609/2609 2610/2610/2610 2608/2608/2608
f 2611/2611/2611 2612/2612/2612 2613/2613/2613
f 2613/2613/2613 2614/2614/2614 2611/2611/2611
f 2614/2614/2614 2613/2613/2613 2615/2615/2615
f 2615/2615/2615 2616/2616/2616 2614/2614/2614
f 2616/2616/2616 2615/2615/2615 2617/2617/2617
f 2617/2617/2617 2618/2618/2618 2616/2616/2616
f 2619/2619/2619 2620/2620/2620 2621/2621/2621
f 2621/2621/2621 2622/2622/2622 2619/2619/2619
f 2622/2622/2622 2621/2621/2621 2623/2623/2623
f 2623/2623/2623 2624/2624/2624 2622/2622/2622
f 2624/2624/2624 2623/2623/2623 2625/2625/2625
f 2625/2625/2625 2626/2626/2626 2624/2624/2624
f 2627/2627/2627 2628/2628/2628 2629/2629/2629
f 2629/2629/2629 2630/2630/2630 2627/2627/2627
f 2630/2630/2630 2629/2629/2629 2600/2600/2600
f 2600/2600/2600 2599/2599/2599 2630/2630/2630
f 2631/2631/2631 2632/2632/2632 2633/2633/2633
f 2633/2633/2633 2634/2634/2634 2631/2631/2631
f 2635/2635/2635 2636/2636/2636 2637/2637/2637
f 2637/2637/2637 2638/2638/2638 2635/2635/2635
f 2638/2638/2638 2637/2637/2637 2639/2639/2639
f 2639/2639/2639 2640/2640/2640 2638/2638/2638
f 2640/2640/2640 2639/2639/2639 2641/2641/2641
f 2641/2641/2641 2642/2642/2642 2640/2640/2640
f 2643/2643/2643 2644/2644/2644 2645/2645/2645
f 2645/2645/2645 2646/2646/2646 2643/2643/2643
f 2646/2646/2646 2645/2645/2645 2647/2647/2647
f 2647/2647/2647 2648/2648/2648 2646/2646/2646
f 2648/2648/2648 2647/2647/2647 2649/2649/2649
f 2649/2649/2649 2650/2650/2650 2648/2648/2648
f 2651/2651/2651 2652/2652/2652 2653/2653/2653
f 2653/2653/2653 2654/2654/2654 2651/2651/2651
f 2654/2654/2654 2653/2653/2653 2655/2655/2655
f 2655/2655/2655 2656/2656/2656 2654/2654/2654
f 2656/2656/2656 2655/2655/2655 2657/2657/2657
f 2657/2657/2657 2658/2658/2658 2656/2656/2656
f 2659/2659/2659 2660/2660/2660 2661/2661/2661
f 2661/2661/2661 2662/2662/2662 2659/2659/2659
f 2662/2662/2662 2661/2661/2661 2632/2632/2632
f 2632/2632/2632 2631/2631/2631 2662/2662/2662
f 2663/2663/2663 2664/2664/2664 2665/2665/2665
f 2665/2665/2665 2666/2666/2666 2663/2663/2663
f 2667/2667/2667 2668/2668/2668 2669/2669/2669
f 2669/2669/2669 2670/2670/2670 2667/2667/2667
f 2670/2670/2670 2669/2669/2669 2671/2671/2671
f 2671/2671/2671 2672/2672/2672 2670/2670/2670
f 2672/2672/2672 2671/2671/2671 2673/2673/2673
f 2673/2673/2673 2674/2674/2674 2672/2672/2672
f 2675/2675/2675 2676/2676/2676 2677/2677/2677
f 2677/2677/2677 2678/2678/2678 2675/2675/2675
f 2678/2678/2678 2677/2677/2677 2679/2679/2679
f 2679/2679/2679 2680/2680/2680 2678/2678/2678
f 2680/2680/2680 2679/2679/2679 2681/2681/2681
f 2681/2681/2681 2682/2682/2682 2680/2680/2680
f 2683/2683/2683 2684/2684/2684 2685/2685/2685
f 2685/2685/2685 2686/2686/2686 2683/2683/2683
f 2686/2686/2686 2685/2685/2685 2687/2687/2687
f 2687/2687/2687 2688/2688/2688 2686/2686/2686
f 2688/2688/2688 2687/2687/2687 2689/2689/2689
f 2689/2689/2689 2690/2690/2690 2688/2688/2688
f 2691/2691/2691 2692/2692/2692 2693/2693/2693
f 2693/2693/2693 2694/2694/2694 2691/2691/2691
f 2694/2694/2694 2693/2693/2693 2664/2664/2664
f 2664/2664/2664 2663/2663/2663 2694/2694/2694
f 2695/2695/2695 2696/2696/2696 2697/2697/2697
f 2697/2697/2697 2698/2698/2698 2695/2695/2695
f 2699/2699/2699 2700/2700/2700 2701/2701/2701
f 2701/2701/2701 2702/2702/2702 2699/2699/2699
f 2702/2702/2702 2701/2701/2701 2703/2703/2703
f 2703/2703/2703 2704/2704/2704 2702/2702/2702
f 2704/2704/2704 2703/2703/2703 2705/2705/2705
f 2705/2705/2705 2706/2706/2706 2704/2704/2704
f 2707/2707/2707 2708/2708/2708 2709/2709/2709
f 2709/2709/2709 2710/2710/2710 2707/2707/2707
f 2710/2710/2710 2709/2709/2709 2711/2711/2711
f 2711/2711/2711 2712/2712/2712 2710/2710/2710
f 2712/2712/2712 2711/2711/2711 2713/2713/2713
f 2713/2713/2713 2714/2714/2714 2712/2712/2712
f 2715/2715/2715 2716/2716/2716 2717/2717/2717
f 2717/2717/2717 2718/2718/2718 2715/2715/2715
f 2718/2718/2718 2717/2717/2717 2719/2719/2719
f 2719/2719/2719 2720/2720/2720 2718/2718/2718
f 2720/2720/2720 2719/2719/2719 2721/2721/2721
f 2721/2721/2721 2722/2722/2722 2720/2720/2720
f 2723/2723/2723 2724/2724/2724 2725/2725/2725
f 2725/2725/2725 2726/2726/2726 2723/2723/2723
f 2726/2726/2726 2725/2725/2725 2696/2696/2696
f 2696/2696/2696 2695/2695/2695 2726/2726/2726
f 2727/2727/2727 2728/2728/2728 1952/1952/1952
f 1952/1952/1952 1951/1951/1951 2727/2727/2727
f 2728/2728/2728 2729/2729/2729 1954/1954/1954
f 1954/1954/1954 1952/1952/1952 2728/2728/2728
f 2730/2730/2730 1957/1957/1957 1954/1954/1954
f 1954/1954/1954 2729/2729/2729 2730/2730/2730
f 2730/2730/2730 2731/2731/2731 1958/1958/1958
f 1958/1958/1958 1957/1957/1957 2730/2730/2730
f 2731/2731/2731 2732/2732/2732 1960/1960/1960
f 1960/1960/1960 1958/1958/1958 2731/2731/2731
f 2732/2732/2732 2733/2733/2733 1962/1962/1962
f 1962/1962/1962 1960/1960/1960 2732/2732/2732
f 2733/2733/2733 2734/2734/2734 1964/1964/1964
f 1964/1964/1964 1962/1962/1962 2733/2733/2733
f 2734/2734/2734 2735/2735/2735 1966/1966/1966
f 1966/1966/1966 1964/1964/1964 2734/2734/2734
f 2735/2735/2735 2736/2736/2736 1968/1968/1968
f 1968/1968/1968 1966/1966/1966 2735/2735/2735
f 2736/2736/2736 2238/2238/2238 1970/1970/1970
f 1970/1970/1970 1968/1968/1968 2736/2736/2736
f 2238/2238/2238 2237/2237/2237 1971/1971/1971
f 1971/1971/1971 1970/1970/1970 2238/2238/2238
f 2237/2237/2237 2253/2253/2253 1972/1972/1972
f 1972/1972/1972 1971/1971/1971 2237/2237/2237
f 2253/2253/2253 2268/2268/2268 1973/1973/1973
f 1973/1973/1973 1972/1972/1972 2253/2253/2253
f 2268/2268/2268 2072/2072/2072 1292/1292/1292
f 1292/1292/1292 1973/1973/1973 2268/2268/2268
f 2099/2099/2099 2088/2088/2088 2090/2090/2090
f 2090/2090/2090 2737/2737/2737 2099/2099/2099
f 2738/2738/2738 2091/2091/2091 1315/1315/1315
f 1315/1315/1315 1976/1976/1976 2738/2738/2738
f 2112/2112/2112 2099/2099/2099 2737/2737/2737
f 2737/2737/2737 2739/2739/2739 2112/2112/2112
f 2740/2740/2740 2738/2738/2738 1976/1976/1976
f 1976/1976/1976 1979/1979/1979 2740/2740/2740
f 2112/2112/2112 2739/2739/2739 2741/2741/2741
f 2741/2741/2741 2124/2124/2124 2112/2112/2112
f 2742/2742/2742 2740/2740/2740 1979/1979/1979
f 1979/1979/1979 1982/1982/1982 2742/2742/2742
f 2124/2124/2124 2741/2741/2741 2743/2743/2743
f 2743/2743/2743 2137/2137/2137 2124/2124/2124
f 2744/2744/2744 2742/2742/2742 1982/1982/1982
f 1982/1982/1982 1985/1985/1985 2744/2744/2744
f 2137/2137/2137 2743/2743/2743 2745/2745/2745
f 2745/2745/2745 2150/2150/2150 2137/2137/2137
f 2744/2744/2744 1985/1985/1985 1988/1988/1988
f 1988/1988/1988 2746/2746/2746 2744/2744/2744
f 2150/2150/2150 2745/2745/2745 2747/2747/2747
f 2747/2747/2747 2163/2163/2163 2150/2150/2150
f 2748/2748/2748 2746/2746/2746 1988/1988/1988
f 1988/1988/1988 1991/1991/1991 2748/2748/2748
f 2163/2163/2163 2747/2747/2747 2749/2749/2749
f 2749/2749/2749 2176/2176/2176 2163/2163/2163
f 2750/2750/2750 2748/2748/2748 1991/1991/1991
f 1991/1991/1991 1994/1994/1994 2750/2750/2750
f 2176/2176/2176 2749/2749/2749 2751/2751/2751
f 2751/2751/2751 2189/2189/2189 2176/2176/2176
f 2750/2750/2750 1994/1994/1994 1997/1997/1997
f 1997/1997/1997 2752/2752/2752 2750/2750/2750
f 2189/2189/2189 2751/2751/2751 2753/2753/2753
f 2753/2753/2753 2202/2202/2202 2189/2189/2189
f 2754/2754/2754 2752/2752/2752 1997/1997/1997
f 1997/1997/1997 2000/2000/2000 2754/2754/2754
f 2755/2755/2755 2754/2754/2754 2756/2756/2756
f 2756/2756/2756 2757/2757/2757 2755/2755/2755
f 2756/2756/2756 2754/2754/2754 2000/2000/2000
f 2000/2000/2000 2004/2004/2004 2756/2756/2756
f 2757/2757/2757 2756/2756/2756 2758/2758/2758
f 2758/2758/2758 2759/2759/2759 2757/2757/2757
f 2758/2758/2758 2756/2756/2756 2004/2004/2004
f 2004/2004/2004 2007/2007/2007 2758/2758/2758
f 2759/2759/2759 2758/2758/2758 2760/2760/2760
f 2760/2760/2760 2761/2761/2761 2759/2759/2759
f 2760/2760/2760 2758/2758/2758 2007/2007/2007
f 2007/2007/2007 2010/2010/2010 2760/2760/2760
f 2761/2761/2761 2760/2760/2760 2762/2762/2762
f 2762/2762/2762 2763/2763/2763 2761/2761/2761
f 2762/2762/2762 2760/2760/2760 2010/2010/2010
f 2010/2010/2010 2013/2013/2013 2762/2762/2762
f 2763/2763/2763 2762/2762/2762 2764/2764/2764
f 2764/2764/2764 2765/2765/2765 2763/2763/2763
f 2764/2764/2764 2762/2762/2762 2013/2013/2013
f 2013/2013/2013 2016/2016/2016 2764/2764/2764
f 2766/2766/2766 2767/2767/2767 2768/2768/2768
f 2769/2769/2769 2770/2770/2770 2771/2771/2771
f 2772/2772/2772 2773/2773/2773 2774/2774/2774
f 2775/2775/2775 2776/2776/2776 2777/2777/2777
f 2778/2778/2778 2779/2779/2779 2780/2780/2780
f 2781/2781/2781 2782/2782/2782 2783/2783/2783
f 2784/2784/2784 2785/2785/2785 2786/2786/2786
f 2787/2787/2787 2788/2788/2788 2789/2789/2789
f 2790/2790/2790 2791/2791/2791 2792/2792/2792
f 2793/2793/2793 2794/2794/2794 2795/2795/2795
f 2796/2796/2796 2797/2797/2797 2798/2798/2798
f 2799/2799/2799 2800/2800/2800 2801/2801/2801
f 2802/2802/2802 2803/2803/2803 2804/2804/2804
f 2805/2805/2805 2806/2806/2806 2807/2807/2807
f 2808/2808/2808 2809/2809/2809 2810/2810/2810
f 2811/2811/2811 2812/2812/2812 2813/2813/2813
f 2814/2814/2814 2815/2815/2815 2816/2816/2816
f 2817/2817/2817 2818/2818/2818 2819/2819/2819
o defaultMaterial_8
usemtl 09___Default
v 0.9735110224095888 -0.0068075670547401166 -0.07404069825406645
v 0.9739730177497635 -0.012789516698608736 -0.0684754945277748
v 0.9737180291569584 -0.011015516683528922 -0.06712849661107634
v 0.9737180291569584 -0.011015516683528922 -0.06712849661107634
v 0.9732389868589216 -0.005707446908197402 -0.0721065945863304
v 0.9735110224095888 -0.0068075670547401166 -0.07404069825406645
v 0.9739730177497635 -0.012789516698608736 -0.0684754945277748
v 0.9746759947363014 -0.017226416637223824 -0.059952898317533476
v 0.9744210061572304 -0.015138217256468562 -0.05917869731183622
v 0.9744210061572304 -0.015138217256468562 -0.05917869731183622
v 0.9737180291569584 -0.011015516683528922 -0.06712849661107634
v 0.9739730177497635 -0.012789516698608736 -0.0684754945277748
v 0.9746759947363014 -0.017226416637223824 -0.059952898317533476
v 0.9755300099834624 -0.019586917069852026 -0.049502497905450804
v 0.9752560075279971 -0.017377717465403876 -0.04923709704871748
v 0.9752560075279971 -0.017377717465403876 -0.04923709704871748
v 0.9744210061572304 -0.015138217256468562 -0.05917869731183622
v 0.9746759947363014 -0.017226416637223824 -0.059952898317533476
v 0.9755300099834624 -0.019586917069852026 -0.049502497905450804
v 0.9764290268406096 -0.019586917109149306 -0.03838229774828528
v 0.9761159833428165 -0.017377717502994616 -0.0385994970738468
v 0.9761159833428165 -0.017377717502994616 -0.0385994970738468
v 0.9752560075279971 -0.017377717465403876 -0.04923709704871748
v 0.9755300099834624 -0.019586917069852026 -0.049502497905450804
v 0.9764290268406096 -0.019586917109149306 -0.03838229774828528
v 0.9772649820867653 -0.01722641675039207 -0.027930396044212324
v 0.9768870291255226 -0.015138217364261861 -0.028652396419602377
v 0.9768870291255226 -0.015138217364261861 -0.028652396419602377
v 0.9761159833428165 -0.017377717502994616 -0.0385994970738468
v 0.9764290268406096 -0.019586917109149306 -0.03838229774828528
v 0.9772649820867653 -0.01722641675039207 -0.027930396044212324
v 0.9779400048827896 -0.01278951687201127 -0.019405097135859473
v 0.9774690090573185 -0.01101551684748948 -0.02069299704726313
v 0.9774690090573185 -0.01101551684748948 -0.02069299704726313
v 0.9768870291255226 -0.015138217364261861 -0.028652396419602377
v 0.9772649820867653 -0.01722641675039207 -0.027930396044212324
v 0.9779400048827896 -0.01278951687201127 -0.019405097135859473
v 0.9783789933530397 -0.006807567267525906 -0.01383849642570589
v 0.9777949870916182 -0.005707447107346518 -0.015702497580605487
v 0.9777949870916182 -0.005707447107346518 -0.015702497580605487
v 0.9774690090573185 -0.01101551684748948 -0.02069299704726313
v 0.9779400048827896 -0.01278951687201127 -0.019405097135859473
v 0.9783789933530397 -0.006807567267525906 -0.01383849642570589
v 0.9785309854946708 -0.0000026172045335820666 -0.011904396483260133
v 0.9778989974461173 -0.0000026171769085054654 -0.014137597189801671
v 0.9778989974461173 -0.0000026171769085054654 -0.014137597189801671
v 0.9777949870916182 -0.005707447107346518 -0.015702497580605487
v 0.9783789933530397 -0.006807567267525906 -0.01383849642570589
v 0.9733509842358207 -0.0000026169781085122875 -0.07597419842477415
v 0.9735110224095888 -0.0068075670547401166 -0.07404069825406645
v 0.9732389868589216 -0.005707446908197402 -0.0721065945863304
v 0.9732389868589216 -0.005707446908197402 -0.0721065945863304
v 0.9730920020542716 -0.0000026169667880416426 -0.07366739436383818
v 0.9733509842358207 -0.0000026169781085122875 -0.07597419842477415
v 0.9735110230044964 0.0068023330845320825 -0.07404069825406645
v 0.9732389873576538 0.005702212961771477 -0.0721065945863304
v 0.9737180301197367 0.011010282695223765 -0.06712849661107634
v 0.9737180301197367 0.011010282695223765 -0.06712849661107634
v 0.9739730188676298 0.012784282688011761 -0.0684754945277748
v 0.9735110230044964 0.0068023330845320825 -0.07404069825406645
v 0.9739730188676298 0.012784282688011761 -0.0684754945277748
v 0.9737180301197367 0.011010282695223765 -0.06712849661107634
v 0.9744210074804266 0.01513298320670718 -0.05917869731183622
v 0.9744210074804266 0.01513298320670718 -0.05917869731183622
v 0.9746759962420538 0.017221182565170627 -0.05995289831753346
v 0.9739730188676298 0.012784282688011761 -0.0684754945277748
v 0.9746759962420538 0.017221182565170627 -0.05995289831753346
v 0.9744210074804266 0.01513298320670718 -0.05917869731183622
v 0.9752560090469767 0.017372483342644338 -0.04923709704871747
v 0.9752560090469767 0.017372483342644338 -0.04923709704871747
v 0.9755300116955764 0.019581682923138426 -0.04950249790545079
v 0.9746759962420538 0.017221182565170627 -0.05995289831753346
v 0.9755300116955764 0.019581682923138426 -0.04950249790545079
v 0.9752560090469767 0.017372483342644338 -0.04923709704871747
v 0.9761159848617961 0.017372483305053598 -0.038599497073846786
v 0.9761159848617961 0.017372483305053598 -0.038599497073846786
v 0.9764290285527236 0.019581682883841146 -0.03838229774828526
v 0.9755300116955764 0.019581682923138426 -0.04950249790545079
v 0.9764290285527236 0.019581682883841146 -0.03838229774828526
v 0.9761159848617961 0.017372483305053598 -0.038599497073846786
v 0.9768870304487188 0.015132983098913881 -0.02865239641960237
v 0.9768870304487188 0.015132983098913881 -0.02865239641960237
v 0.9772649835925177 0.01722118245200238 -0.027930396044212318
v 0.9764290285527236 0.019581682883841146 -0.03838229774828526
v 0.9772649835925177 0.01722118245200238 -0.027930396044212318
v 0.9768870304487188 0.015132983098913881 -0.02865239641960237
v 0.9774690100200968 0.011010282531263208 -0.02069299704726312
v 0.9774690100200968 0.011010282531263208 -0.02069299704726312
v 0.9779400060006559 0.012784282514609228 -0.019405097135859466
v 0.9772649835925177 0.01722118245200238 -0.027930396044212318
v 0.9779400060006559 0.012784282514609228 -0.019405097135859466
v 0.9774690100200968 0.011010282531263208 -0.02069299704726312
v 0.9777949875903503 0.005702212762622361 -0.015702497580605487
v 0.9777949875903503 0.005702212762622361 -0.015702497580605487
v 0.9783789939479474 0.006802332871746293 -0.013838496425705886
v 0.9779400060006559 0.012784282514609228 -0.019405097135859466
v 0.9783789939479474 0.006802332871746293 -0.013838496425705886
v 0.9777949875903503 0.005702212762622361 -0.015702497580605487
v 0.9778989974461173 -0.0000026171769085054654 -0.014137597189801671
v 0.9778989974461173 -0.0000026171769085054654 -0.014137597189801671
v 0.9785309854946708 -0.0000026172045335820666 -0.011904396483260133
v 0.9783789939479474 0.006802332871746293 -0.013838496425705886
v 0.9733509842358207 -0.0000026169781085122875 -0.07597419842477415
v 0.9730920020542716 -0.0000026169667880416426 -0.07366739436383818
v 0.9732389873576538 0.005702212961771477 -0.0721065945863304
v 0.9732389873576538 0.005702212961771477 -0.0721065945863304
v 0.9735110230044964 0.0068023330845320825 -0.07404069825406645
v 0.9733509842358207 -0.0000026169781085122875 -0.07597419842477415
vt 0.23614799976348877 0.17681699991226196
vt 0.22729800641536713 0.18507802486419678
vt 0.22992299497127533 0.18703097105026245
vt 0.22992299497127533 0.18703097105026245
vt 0.2377759963274002 0.1796320080757141
vt 0.23614799976348877 0.17681699991226196
vt 0.22729800641536713 0.18507802486419678
vt 0.22073300182819366 0.19773000478744507
vt 0.22382299602031708 0.1988379955291748
vt 0.22382299602031708 0.1988379955291748
vt 0.22992299497127533 0.18703097105026245
vt 0.22729800641536713 0.18507802486419678
vt 0.22073300182819366 0.19773000478744507
vt 0.21724200248718262 0.21324199438095093
vt 0.22051000595092773 0.21359801292419434
vt 0.22051000595092773 0.21359801292419434
vt 0.22382299602031708 0.1988379955291748
vt 0.22073300182819366 0.19773000478744507
vt 0.21724200248718262 0.21324199438095093
vt 0.21724200248718262 0.2297469973564148
vt 0.22051000595092773 0.22938698530197144
vt 0.22051000595092773 0.22938698530197144
vt 0.22051000595092773 0.21359801292419434
vt 0.21724200248718262 0.21324199438095093
vt 0.21724200248718262 0.2297469973564148
vt 0.22073300182819366 0.24525898694992065
vt 0.22382299602031708 0.24414598941802979
vt 0.22382299602031708 0.24414598941802979
vt 0.22051000595092773 0.22938698530197144
vt 0.21724200248718262 0.2297469973564148
vt 0.22073300182819366 0.24525898694992065
vt 0.22729800641536713 0.2579110264778137
vt 0.22992199659347534 0.25595200061798096
vt 0.22992199659347534 0.25595200061798096
vt 0.22382299602031708 0.24414598941802979
vt 0.22073300182819366 0.24525898694992065
vt 0.22729800641536713 0.2579110264778137
vt 0.23614799976348877 0.26617199182510376
vt 0.2377759963274002 0.2633500099182129
vt 0.2377759963274002 0.2633500099182129
vt 0.22992199659347534 0.25595200061798096
vt 0.22729800641536713 0.2579110264778137
vt 0.23614799976348877 0.26617199182510376
vt 0.24621599912643433 0.2690420150756836
vt 0.24621599912643433 0.26566898822784424
vt 0.24621599912643433 0.26566898822784424
vt 0.2377759963274002 0.2633500099182129
vt 0.23614799976348877 0.26617199182510376
vt 0.24621599912643433 0.17394602298736572
vt 0.23614799976348877 0.17681699991226196
vt 0.2377759963274002 0.1796320080757141
vt 0.2377759963274002 0.1796320080757141
vt 0.24621599912643433 0.17731302976608276
vt 0.24621599912643433 0.17394602298736572
vt 0.2562829852104187 0.17681699991226196
vt 0.25465500354766846 0.1796320080757141
vt 0.26250898838043213 0.18703097105026245
vt 0.26250898838043213 0.18703097105026245
vt 0.26513299345970154 0.18507802486419678
vt 0.2562829852104187 0.17681699991226196
vt 0.26513299345970154 0.18507802486419678
vt 0.26250898838043213 0.18703097105026245
vt 0.2686080038547516 0.1988379955291748
vt 0.2686080038547516 0.1988379955291748
vt 0.271697998046875 0.19773000478744507
vt 0.26513299345970154 0.18507802486419678
vt 0.271697998046875 0.19773000478744507
vt 0.2686080038547516 0.1988379955291748
vt 0.2719210088253021 0.21359801292419434
vt 0.2719210088253021 0.21359801292419434
vt 0.27518901228904724 0.21324199438095093
vt 0.271697998046875 0.19773000478744507
vt 0.27518901228904724 0.21324199438095093
vt 0.2719210088253021 0.21359801292419434
vt 0.2719210088253021 0.22938698530197144
vt 0.2719210088253021 0.22938698530197144
vt 0.27518901228904724 0.2297469973564148
vt 0.27518901228904724 0.21324199438095093
vt 0.27518901228904724 0.2297469973564148
vt 0.2719210088253021 0.22938698530197144
vt 0.2686080038547516 0.24414598941802979
vt 0.2686080038547516 0.24414598941802979
vt 0.271697998046875 0.24525898694992065
vt 0.27518901228904724 0.2297469973564148
vt 0.271697998046875 0.24525898694992065
vt 0.2686080038547516 0.24414598941802979
vt 0.26250898838043213 0.25595200061798096
vt 0.26250898838043213 0.25595200061798096
vt 0.26513299345970154 0.2579110264778137
vt 0.271697998046875 0.24525898694992065
vt 0.26513299345970154 0.2579110264778137
vt 0.26250898838043213 0.25595200061798096
vt 0.25465500354766846 0.2633500099182129
vt 0.25465500354766846 0.2633500099182129
vt 0.2562829852104187 0.26617199182510376
vt 0.26513299345970154 0.2579110264778137
vt 0.2562829852104187 0.26617199182510376
vt 0.25465500354766846 0.2633500099182129
vt 0.24621599912643433 0.26566898822784424
vt 0.24621599912643433 0.26566898822784424
vt 0.24621599912643433 0.2690420150756836
vt 0.2562829852104187 0.26617199182510376
vt 0.24621599912643433 0.17394602298736572
vt 0.24621599912643433 0.17731302976608276
vt 0.25465500354766846 0.1796320080757141
vt 0.25465500354766846 0.1796320080757141
vt 0.2562829852104187 0.17681699991226196
vt 0.24621599912643433 0.17394602298736572
vn -0.9928127934618958 -0.11307093294334261 -0.03921378917815781
vn -0.9928127934618958 -0.11307093294334261 -0.03921378917815781
vn -0.9928127934618958 -0.11307093294334261 -0.03921378917815781
vn -0.9880111410072996 -0.1431959728703181 -0.05769660821206986
vn -0.9880111410072996 -0.1431959728703181 -0.05769660821206986
vn -0.9880111410072996 -0.1431959728703181 -0.05769660821206986
vn -0.9918145538716833 -0.12670391102520753 0.015811693749566962
vn -0.9918145538716833 -0.12670391102520753 0.015811693749566962
vn -0.9918145538716833 -0.12670391102520753 0.015811693749566962
vn -0.9886773330587276 -0.14973401324577573 0.009841563554415136
vn -0.9886773330587276 -0.14973401324577573 0.009841563554415136
vn -0.9886773330587276 -0.14973401324577573 0.009841563554415136
vn -0.9903039829214745 -0.12887795203676675 0.05185069805386369
vn -0.9903039829214745 -0.12887795203676675 0.05185069805386369
vn -0.9903039829214745 -0.12887795203676675 0.05185069805386369
vn -0.9888602293678943 -0.1396089769976075 0.05162151020802367
vn -0.9888602293678943 -0.1396089769976075 0.05162151020802367
vn -0.9888602293678943 -0.1396089769976075 0.05162151020802367
vn -0.9879931846012184 -0.13224097414406716 0.07988611856243108
vn -0.9879931846012184 -0.13224097414406716 0.07988611856243108
vn -0.9879931846012184 -0.13224097414406716 0.07988611856243108
vn -0.9880360766603579 -0.1319539677468869 0.07983020489426815
vn -0.9880360766603579 -0.1319539677468869 0.07983020489426815
vn -0.9880360766603579 -0.1319539677468869 0.07983020489426815
vn -0.9840377397200964 -0.13970991807191765 0.11023096479166639
vn -0.9840377397200964 -0.13970991807191765 0.11023096479166639
vn -0.9840377397200964 -0.13970991807191765 0.11023096479166639
vn -0.9859487911754761 -0.12942192623007043 0.10561697870378554
vn -0.9859487911754761 -0.12942192623007043 0.10561697870378554
vn -0.9859487911754761 -0.12942192623007043 0.10561697870378554
vn -0.9769016969586187 -0.14778290005219144 0.154347947610376
vn -0.9769016969586187 -0.14778290005219144 0.154347947610376
vn -0.9769016969586187 -0.14778290005219144 0.154347947610376
vn -0.9818299463406083 -0.1294499425183366 0.1387539867924433
vn -0.9818299463406083 -0.1294499425183366 0.1387539867924433
vn -0.9818299463406083 -0.1294499425183366 0.1387539867924433
vn -0.9653985622021735 -0.1361808959681119 0.22239689672137627
vn -0.9653985622021735 -0.1361808959681119 0.22239689672137627
vn -0.9653985622021735 -0.1361808959681119 0.22239689672137627
vn -0.9741314748392861 -0.12014901927204444 0.19139509632016025
vn -0.9741314748392861 -0.12014901927204444 0.19139509632016025
vn -0.9741314748392861 -0.12014901927204444 0.19139509632016025
vn -0.9607699362833709 -0.05576275484777844 0.2716829856760156
vn -0.9607699362833709 -0.05576275484777844 0.2716829856760156
vn -0.9607699362833709 -0.05576275484777844 0.2716829856760156
vn -0.9616362865584227 -0.055961372186703655 0.2685590758047629
vn -0.9616362865584227 -0.055961372186703655 0.2685590758047629
vn -0.9616362865584227 -0.055961372186703655 0.2685590758047629
vn -0.9925694451529071 -0.054375478704571656 -0.10885404845249731
vn -0.9925694451529071 -0.054375478704571656 -0.10885404845249731
vn -0.9925694451529071 -0.054375478704571656 -0.10885404845249731
vn -0.9921946405720248 -0.05608993820404879 -0.11137196259569297
vn -0.9921946405720248 -0.05608993820404879 -0.11137196259569297
vn -0.9921946405720248 -0.05608993820404879 -0.11137196259569297
vn -0.9880111284887059 0.14319605924499834 -0.0576966082120698
vn -0.9880111284887059 0.14319605924499834 -0.0576966082120698
vn -0.9880111284887059 0.14319605924499834 -0.0576966082120698
vn -0.9928127835769168 0.11307101973779678 -0.03921378917815776
vn -0.9928127835769168 0.11307101973779678 -0.03921378917815776
vn -0.9928127835769168 0.11307101973779678 -0.03921378917815776
vn -0.9886773199685602 0.1497340996786963 0.009841563554415206
vn -0.9886773199685602 0.1497340996786963 0.009841563554415206
vn -0.9886773199685602 0.1497340996786963 0.009841563554415206
vn -0.9918145427948715 0.12670399773239271 0.015811693749567018
vn -0.9918145427948715 0.12670399773239271 0.015811693749567018
vn -0.9918145427948715 0.12670399773239271 0.015811693749567018
vn -0.9888602171628855 0.13960906344651733 0.051621510208023726
vn -0.9888602171628855 0.13960906344651733 0.051621510208023726
vn -0.9888602171628855 0.13960906344651733 0.051621510208023726
vn -0.9903039716546018 0.1288780386118936 0.05185069805386375
vn -0.9903039716546018 0.1288780386118936 0.05185069805386375
vn -0.9903039716546018 0.1288780386118936 0.05185069805386375
vn -0.9880360651245713 0.131954054123747 0.0798302048942682
vn -0.9880360651245713 0.131954054123747 0.0798302048942682
vn -0.9880360651245713 0.131954054123747 0.0798302048942682
vn -0.9879931730403412 0.13224106051717757 0.07988611856243114
vn -0.9879931730403412 0.13224106051717757 0.07988611856243114
vn -0.9879931730403412 0.13224106051717757 0.07988611856243114
vn -0.9859487798610476 0.12942201242445422 0.10561697870378559
vn -0.9859487798610476 0.12942201242445422 0.10561697870378559
vn -0.9859487798610476 0.12942201242445422 0.10561697870378559
vn -0.9840377275062633 0.13971000409923204 0.11023096479166644
vn -0.9840377275062633 0.13971000409923204 0.11023096479166644
vn -0.9840377275062633 0.13971000409923204 0.11023096479166644
vn -0.9818299350237307 0.12945002835263958 0.13875398679244336
vn -0.9818299350237307 0.12945002835263958 0.13875398679244336
vn -0.9818299350237307 0.12945002835263958 0.13875398679244336
vn -0.976901684039023 0.14778298545565308 0.15434794761037607
vn -0.976901684039023 0.14778298545565308 0.15434794761037607
vn -0.976901684039023 0.14778298545565308 0.15434794761037607
vn -0.974131464335521 0.12014910443332563 0.1913950963201603
vn -0.974131464335521 0.12014910443332563 0.1913950963201603
vn -0.974131464335521 0.12014910443332563 0.1913950963201603
vn -0.9653985502968573 0.1361809803659375 0.22239689672137633
vn -0.9653985502968573 0.1361809803659375 0.22239689672137633
vn -0.9653985502968573 0.1361809803659375 0.22239689672137633
vn -0.9616362816661204 0.05596145625562096 0.2685590758047629
vn -0.9616362816661204 0.05596145625562096 0.2685590758047629
vn -0.9616362816661204 0.05596145625562096 0.2685590758047629
vn -0.9607699314084323 0.055762838840956994 0.2716829856760156
vn -0.9607699314084323 0.055762838840956994 0.2716829856760156
vn -0.9607699314084323 0.055762838840956994 0.2716829856760156
vn -0.9921946356684826 0.05609002494446253 -0.11137196259569294
vn -0.9921946356684826 0.05609002494446253 -0.11137196259569294
vn -0.9921946356684826 0.05609002494446253 -0.11137196259569294
vn -0.992569440399248 0.054375565477751873 -0.1088540484524973
vn -0.992569440399248 0.054375565477751873 -0.1088540484524973
vn -0.992569440399248 0.054375565477751873 -0.1088540484524973
f 2820/2820/2820 2821/2821/2821 2822/2822/2822
f 2823/2823/2823 2824/2824/2824 2825/2825/2825
f 2826/2826/2826 2827/2827/2827 2828/2828/2828
f 2829/2829/2829 2830/2830/2830 2831/2831/2831
f 2832/2832/2832 2833/2833/2833 2834/2834/2834
f 2835/2835/2835 2836/2836/2836 2837/2837/2837
f 2838/2838/2838 2839/2839/2839 2840/2840/2840
f 2841/2841/2841 2842/2842/2842 2843/2843/2843
f 2844/2844/2844 2845/2845/2845 2846/2846/2846
f 2847/2847/2847 2848/2848/2848 2849/2849/2849
f 2850/2850/2850 2851/2851/2851 2852/2852/2852
f 2853/2853/2853 2854/2854/2854 2855/2855/2855
f 2856/2856/2856 2857/2857/2857 2858/2858/2858
f 2859/2859/2859 2860/2860/2860 2861/2861/2861
f 2862/2862/2862 2863/2863/2863 2864/2864/2864
f 2865/2865/2865 2866/2866/2866 2867/2867/2867
f 2868/2868/2868 2869/2869/2869 2870/2870/2870
f 2871/2871/2871 2872/2872/2872 2873/2873/2873
f 2874/2874/2874 2875/2875/2875 2876/2876/2876
f 2877/2877/2877 2878/2878/2878 2879/2879/2879
f 2880/2880/2880 2881/2881/2881 2882/2882/2882
f 2883/2883/2883 2884/2884/2884 2885/2885/2885
f 2886/2886/2886 2887/2887/2887 2888/2888/2888
f 2889/2889/2889 2890/2890/2890 2891/2891/2891
f 2892/2892/2892 2893/2893/2893 2894/2894/2894
f 2895/2895/2895 2896/2896/2896 2897/2897/2897
f 2898/2898/2898 2899/2899/2899 2900/2900/2900
f 2901/2901/2901 2902/2902/2902 2903/2903/2903
f 2904/2904/2904 2905/2905/2905 2906/2906/2906
f 2907/2907/2907 2908/2908/2908 2909/2909/2909
f 2910/2910/2910 2911/2911/2911 2912/2912/2912
f 2913/2913/2913 2914/2914/2914 2915/2915/2915
f 2916/2916/2916 2917/2917/2917 2918/2918/2918
f 2919/2919/2919 2920/2920/2920 2921/2921/2921
f 2922/2922/2922 2923/2923/2923 2924/2924/2924
f 2925/2925/2925 2926/2926/2926 2927/2927/2927
